x_0,x_1,x_2,x_3,u_0,u_1,ctg
1.000000000000000000e+04,1.000000000000000000e+04,1.000000000000000000e+04,1.000000000000000000e+04,3.034437289996478285e+03,-5.575293430027842987e+03,4.000000000000000000e+04
7.416498673013037660e+03,-4.173368223099326860e+04,7.132494994467707329e+03,-9.174648799023278116e+04,2.036138011527807976e+03,-6.467771941176419205e+03,1.880291638887067966e+05
-3.693324965133103888e+01,-5.317075716940675193e+04,5.980547696387854558e+03,-1.018981680938694044e+05,2.200081890086308704e+03,-7.667371174729727500e+03,3.491155700980221154e+05
-5.475892761570035873e+03,-1.802927115758899163e+04,5.460286348593533603e+02,-2.162048828780838085e+04,6.233774185973421481e+03,2.071477382693885374e+03,3.947872509398488910e+05
-4.478064312460008296e+03,3.476045568854460726e+04,-3.783801632297014294e+03,8.120027106314271805e+04,6.966703008549055085e+03,-2.081001649132314924e+03,5.190098436362932553e+05
1.847453627794493514e+03,5.441547950349890743e+04,-3.688440347811368611e+03,1.068071387941572175e+05,1.399320168438622204e+03,2.987904455692187184e+03,6.857683559095552191e+05
7.163553936777214403e+03,1.929192669759286218e+04,3.538511449680577243e+02,2.497305772649787104e+04,-3.128216275730695088e+03,2.626758207974873585e+03,7.375507454153911676e+05
5.939052757557334189e+03,-3.497289295511170349e+04,4.798413786079101556e+03,-8.175537166508536029e+04,-2.379328106817702064e+03,-8.919822105086441297e+03,8.650164765792246908e+05
-7.156754050071265283e+02,-5.441246465594194888e+04,5.203341423821038916e+03,-1.075496696673534752e+05,9.746267147473776276e+03,-1.785200706763245762e+03,1.032897627731348271e+06
-6.032656634003063118e+03,-1.220863936947984257e+04,2.592653905144755299e+03,-1.333416950823381922e+04,-8.600401330658751249e+03,-8.055149714209040212e+03,1.067065747148209717e+06
-4.942693497683456371e+03,1.610014551223800299e+04,-5.950625409552888414e+03,4.311893528654658439e+04,-2.197934844249917660e+03,-6.429403842010669905e+02,1.137178146854230668e+06
-9.495635875605648835e+02,3.802160408135427861e+04,-5.513758215305087106e+03,7.947949587807164062e+04,8.196225018253637245e+03,-9.006590933254776246e+03,1.261142568616522243e+06
4.046639161206603148e+03,3.676734045893754228e+04,-5.119684826999027791e+02,6.557731352317120763e+04,-7.869663332056824402e+03,-9.599443921255344321e+03,1.368045830242537428e+06
5.986465460578491729e+03,-1.539257071283547339e+04,1.181264149384080156e+03,-4.228759157887437323e+04,-9.637119347722289604e+03,-4.428772271017729508e+03,1.432893722144209780e+06
1.209919052112624286e+03,-5.128041763236225233e+04,3.069059298716328612e+03,-1.040434850307642773e+05,-8.147921984331880594e+03,7.420457482352368970e+03,1.592496603158165235e+06
-5.239609135181904094e+03,-3.859908536829941295e+04,-5.199713803730986683e+00,-6.489301395558845979e+04,-9.166629954975360306e+01,-7.723363452036768649e+03,1.701233511331038782e+06
-6.986626636975349356e+03,1.565086737186453502e+04,-4.282585930513984749e+03,4.748520315499018034e+04,-8.950831516819582248e+03,4.205622969319427284e+03,1.775638794425382745e+06
-2.236577181410054891e+03,4.236603571139118139e+04,-8.642268907158933871e+03,9.276530643790747854e+04,1.889905777909867538e+03,-6.918000948492975112e+03,1.921648982663250295e+06
3.712817738030221335e+03,4.396062873515777028e+04,-3.718525309186675713e+03,8.311740391166960762e+04,4.709979508394473669e+03,-5.371011699754204528e+03,2.056158358357294463e+06
7.187207747222305443e+03,9.345354095532758947e+03,2.403451352504110673e+03,5.210233214853478785e+03,-4.947179234271752648e+02,4.262922046981930180e+03,2.080304604767407058e+06
4.978065628903184916e+03,-3.761261266399133456e+04,5.634889627427007326e+03,-8.523705202760554675e+04,1.976685884646338309e+03,3.137609972905487666e+03,2.213767224715334363e+06
-1.368247662832411606e+03,-4.602860849547517864e+04,5.457111376394685976e+03,-8.998011680382069608e+04,3.677912312879809178e+03,-7.495633915224516386e+02,2.356601309053857345e+06
-5.699243484850976529e+03,-1.258897361936849484e+04,9.001230942301009463e+02,-1.437327618439167600e+04,1.298435596891227760e+03,-7.746555533600720992e+03,2.390162925436698366e+06
-4.447160993124180095e+03,2.680877050570211577e+04,-3.956242790358490311e+03,6.258757135012296931e+04,-9.003578130578560376e+03,-7.548192261675494592e+03,2.487962671076006256e+06
2.241017072918499480e+02,2.945018121139904906e+04,-6.152812378913151406e+03,5.998457219769079529e+04,3.808465735386203960e+03,1.873289649843536608e+01,2.583774338571301196e+06
3.559145450989312394e+03,2.204403063074012607e+04,-4.219398945299085426e+02,3.752763495329507714e+04,-7.923098495115718833e+02,-1.129288074347568909e+03,2.647327089500855654e+06
4.369904761842284643e+03,-1.050777251019782670e+04,2.284398261091694167e+03,-2.970440643266930419e+04,5.366574014992893353e+03,6.889165321572501853e+03,2.694193571466656867e+06
1.404862947582051220e+03,-2.474882233383884159e+04,4.963361997335954584e+03,-5.336166953219335846e+04,-2.102989448514298601e+03,-2.277073998675823532e+02,2.778672288277606945e+06
-2.081821333319588575e+03,-2.583090630131038051e+04,1.782503108130833880e+03,-4.809991469619280542e+04,-5.734157475069150678e+03,4.423456115250308358e+03,2.856467433716560714e+06
-4.215562216288397394e+03,-7.737382830781622943e+03,-2.210464482519323610e+03,-6.471228825370251798e+03,-3.539737680109767098e+03,-2.378296627129548142e+03,2.877102072071520146e+06
-3.241752168928247102e+03,1.896236091865192793e+04,-4.415596952349590538e+03,4.578550650200538075e+04,7.107418947582398687e+03,9.578781210124689096e+03,2.949507288613455370e+06
6.588188177015515521e+02,3.938292652314831503e+04,-2.213854365605521707e+03,7.793327564628071559e+04,-7.964048916352757260e+03,6.694351247071506805e+03,3.069696163966191467e+06
4.455176509289271962e+03,6.461495142348541776e+03,-1.874123286976715917e+03,5.133941668911680608e+03,6.854157535976952204e+03,-2.194097527811469263e+03,3.087620900573717896e+06
3.411958328092658121e+03,-1.188643076017074054e+04,4.429175560902907819e+03,-3.109525542346130533e+04,8.206754322497963585e+03,8.426947101610778191e+03,3.138443720646345522e+06
8.273719984543979535e+02,-1.905779438322063288e+04,5.146487019033760589e+03,-4.147224638202827191e+04,-6.020270844496982136e+03,-6.656595632899989141e+03,3.204947620429082774e+06
-1.941641675846669841e+03,-2.554619254876334162e+04,6.439250155601578172e+02,-4.780097888709905965e+04,3.180169885136274388e+03,9.202129875109418208e+03,3.280880358556352090e+06
-3.804187421355674360e+03,2.323649924537992320e+03,-4.238807533350409926e+02,1.171457146299681517e+04,4.221849490595264797e+03,8.790004005285580206e+03,3.299146648118577432e+06
-1.678798874922752475e+03,2.671717248770430524e+04,-2.155585042014565261e+03,5.626603632545055007e+04,9.553971978848006984e+03,6.127870932150046428e+03,3.385964240848669782e+06
2.346018005622071087e+03,3.227941697727843712e+04,1.780444983790893900e+02,5.834946865454474028e+04,3.903249810124787473e+03,-2.039096697717904135e+03,3.479117188984494191e+06
4.887828354870115618e+03,2.564114499098711804e+03,2.725860548038916477e+03,-6.720852447449209649e+03,-6.975663685583203915e+02,5.568259504697743978e+03,3.496015844833950978e+06
2.779230424586070967e+03,-3.217573932816163506e+04,4.593574491217588729e+03,-7.202134231673776230e+04,6.508235826569343772e+02,1.886435131892236313e+03,3.607585731394654140e+06
-2.148594701207707658e+03,-3.494263788135414507e+04,3.758574305809510861e+03,-6.750756485804020485e+04,-4.066084421713120719e+03,5.421680241063846552e+03,3.715943103141065687e+06
-5.271175042000833855e+03,-1.265549713223173057e+04,-1.282595097976971374e+03,-1.539121507454243147e+04,-9.421218546174235598e+03,-6.997259805454450543e+02,3.750543585487817880e+06
-4.637011168630797329e+03,1.393836626563204845e+04,-6.001573263632629278e+03,3.844199900506043923e+04,8.500573223747069278e+03,-3.418749370844700024e+03,3.813562535190773662e+06
-6.265410056309070796e+02,4.767330801023610547e+04,-3.151877152473603473e+03,9.700542925415148784e+04,7.381122747608646023e+03,8.971865485914346209e+03,3.962019690613265615e+06
5.216538110842942842e+03,3.487653476558374678e+04,1.469137514489131036e+01,5.860653408373130515e+04,-3.670240291692974097e+03,6.939361788881909888e+03,4.060733988948568702e+06
6.503007677462161155e+03,-1.971824272943627875e+04,3.266204212402784833e+03,-5.328671709824485151e+04,-3.603622555055206249e+03,6.118758574520606999e+03,4.143508160666114651e+06
1.157603355434897594e+03,-5.267256008911583194e+04,5.307758617279553619e+03,-1.085329290588913573e+05,-6.922356763418289120e+03,-5.254341668700348237e+03,4.311179011786836199e+06
-5.475400830710848822e+03,-4.168367785296625516e+04,9.110428360309774689e+02,-7.215103630206536036e+04,-8.434388725892813454e+03,-9.899839695552818739e+03,4.431400169608609751e+06
-7.850476452872316258e+03,3.526913311233091918e+03,-5.632986097613403217e+03,2.478732032614843411e+04,2.290346073279724806e+03,2.603295897998530563e+03,4.473197865796476603e+06
-3.677600559615852944e+03,5.528150738826245652e+04,-7.034036277364602029e+03,1.200871072901292500e+05,-4.002342700262524886e+03,-9.799390400563963340e+03,4.659278117311848328e+06
4.088515849948019877e+03,4.794749024979613023e+04,-5.694327286849846132e+03,9.008648371929004497e+04,-9.038243128137382882e+03,1.154121856719462812e+03,4.807094934417732060e+06
7.298929604439329523e+03,-5.334133915515074477e+03,-2.624551040394743495e+02,-2.297146566677197552e+04,1.172608205402881140e+03,5.926562812657411996e+03,4.842961918708497658e+06
3.527842326213641172e+03,-3.877763582790052897e+04,5.587222070340162645e+03,-8.374173968240887916e+04,-5.215358780353417387e+02,1.446939858716161325e+03,4.974596358615361154e+06
-2.303223250640905462e+03,-3.976047092088124191e+04,3.555660233684054219e+03,-7.435851805169126601e+04,-8.402339185854270909e+03,3.332345065414072451e+03,5.094574231072258204e+06
-5.876183767971319867e+03,-1.499954300860738476e+04,-2.875129399239800023e+03,-1.632670896265694319e+04,-3.919788961775642747e+03,-4.438482464288845222e+02,5.134651796210733242e+06
-4.870957497032818537e+03,2.721182212651709415e+04,-6.163788687366592058e+03,6.687571644102338178e+04,1.273286583826549759e+03,-1.384167868230955719e+03,5.239774080962672830e+06
5.620686721060026230e+02,4.874658710299833183e+04,-5.323470035358684981e+03,9.877157312066611485e+04,3.484038006390623195e+03,3.893577532366203741e+03,5.393177779893801548e+06
5.946203274761704051e+03,2.865088313925298280e+04,-5.596374329157584953e+02,4.660437440610793419e+04,7.961554278228100884e+03,6.396638753184070083e+03,5.474938878146840259e+06
6.742847854731227926e+03,-1.044398316405744663e+04,5.732659978821941877e+03,-3.518414962678943266e+04,6.164697060580274410e+02,-5.951391398041945649e+03,5.533042518771240488e+06
2.502554304009002408e+03,-4.707296902007362951e+04,6.506305846495017249e+03,-1.005458181731130026e+05,-4.331936140229195189e+03,-3.767928462214495084e+02,5.689670166114930995e+06
-4.057977363505994617e+03,-4.560449076799672184e+04,2.718503486712568701e+03,-8.372281398095416080e+04,8.664708084094854712e+03,-3.390471128059986768e+03,5.825773951714100316e+06
-6.953011930083351217e+03,1.031451522383251177e+04,-5.708839955082336246e+02,3.363041334338823799e+04,1.512764432570311328e+02,-2.951925555076384626e+03,5.877242776206912473e+06
-2.655170462899280210e+03,4.298076062748132244e+04,-5.535064390046411063e+03,9.128488522279386234e+04,9.362775728606618941e+03,7.851174963782686973e+03,6.019698656910133548e+06
3.617175010421326988e+03,4.766955128245308879e+04,-1.327934313454092035e+03,8.705716749390891346e+04,-1.555623614125963286e+03,-9.159584002782554307e+03,6.159370485010370612e+06
7.101250418279229052e+03,-2.399609207389496532e+03,2.199252552026284775e+03,-2.024933283928820310e+04,-9.519669613811021918e+03,-5.682898834487450586e+03,6.191319930027353577e+06
3.152576845374556797e+03,-5.506942909191996296e+04,4.390582128034498055e+03,-1.170575372838475741e+05,9.960453886058614444e+03,2.064085220854647559e+03,6.370990055376529694e+06
-4.060637341533406925e+03,-3.418877501688222401e+04,5.796723116063727502e+03,-6.208136363600943878e+04,-9.199694207781893056e+03,-7.153923534842380832e+03,6.477117554487018846e+06
-6.365880489093715369e+03,-8.541658732953443177e+03,-3.678480344112466355e+03,-4.030162799947188432e+03,1.937288323308639519e+03,5.922338935719064466e+03,6.499733736853125505e+06
-4.327848349293043611e+03,3.754365355339981033e+04,-5.131433169345329588e+03,8.448205000140333141e+04,5.452508091432615402e+03,4.090837231485847951e+03,6.631218721926567145e+06
2.029101030055743422e+03,5.120189814861712512e+04,-3.548386162116349169e+03,9.857316812511705211e+04,-5.175262544408651593e+02,-1.235606567095610444e+03,6.786571275392473675e+06
6.737189949646549394e+03,1.261411532844339672e+04,5.277402472321200548e+02,1.154297244083023361e+04,1.385367550675646271e+03,1.629829725261633939e+03,6.817993293358625844e+06
5.066315753995575506e+03,-3.182986122850183892e+04,5.692237790386702727e+03,-7.494290747774687770e+04,7.228270261797853891e+03,-9.338779449252995619e+03,6.935524615609256551e+06
-5.652469157769089634e+02,-3.981647262858922477e+04,6.806851182253721163e+03,-8.071019912075487082e+04,-1.950795057427910251e+03,-3.006441556430363562e+03,7.063423385456630960e+06
-4.867510624304620251e+03,-2.389037158495706535e+04,8.771056019603342975e+02,-3.928730167977745441e+04,-8.692528207841671247e+03,-7.201791450646004705e+03,7.132345674947630614e+06
-5.658735263613669304e+03,5.274007759195809740e+03,-5.016093462680293669e+03,2.259103830656241189e+04,5.287923379239058704e+03,3.680740629217205424e+03,7.170885549739683047e+06
-2.280614421722650604e+03,4.468138982451022457e+04,-4.281896032946962805e+03,9.443022193526991759e+04,-6.682341666759848522e+03,-7.811724830061754801e+03,7.316559671954132617e+06
3.485056661908542083e+03,2.824857829071057495e+04,-4.275720313777437696e+03,5.080326037301284669e+04,-4.920418280488254823e+03,-3.659012660389468692e+03,7.403372287593541667e+06
4.873207881239162816e+03,-8.295066264692664845e+03,7.281234478762157778e+02,-2.526351963462604544e+04,9.669992822262542177e+03,6.255459194966375435e+03,7.442532204821975902e+06
2.125969632369238298e+03,-1.931389441788752447e+04,5.790710902751562571e+03,-4.372714465055675100e+04,7.350434758771043562e+02,-7.667368143396799496e+03,7.513489924425541423e+06
-9.634696541038167652e+02,-2.472257773000710949e+04,2.914358048761865120e+03,-4.839473362455499591e+04,-8.946136999831796857e+02,6.722264047361179109e+03,7.590485063482969068e+06
-3.322857952575957825e+03,-9.392053802117952728e+03,-1.512201020431118081e+02,-1.249754347983976550e+04,-7.898289928142925419e+03,-9.790787689122051233e+03,7.615848738819546066e+06
-3.139596171788512493e+03,5.587830890872645796e+03,-4.101391490752769641e+03,1.854786957221585180e+04,-4.433943470255348075e+03,-1.089343699512217427e+03,7.647225426945175976e+06
-1.201438324323850793e+03,1.964198893355426844e+04,-4.208804615534447294e+03,4.339717582606116048e+04,8.108410881024592527e+02,3.508955569526824547e+03,7.715674834644650109e+06
1.632151073032883687e+03,2.146606900858637164e+04,-1.906827906224703156e+03,4.095573835119672003e+04,5.810548818968869455e+03,8.087662160598727496e+03,7.781635620983690955e+06
3.537004616065230948e+03,9.565022444787740824e+03,1.725042049667069477e+03,1.208862591796492416e+04,8.307977859968283155e+03,-3.630645350407244223e+03,7.808551316012175754e+06
3.286131980061255035e+03,-7.843185794107209404e+03,4.605954072710632317e+03,-2.367013434120366583e+04,-9.072649328610204975e+03,-4.568254248809103046e+03,7.847956722200258635e+06
5.316240676947528527e+02,-3.726198269692774920e+04,1.757966567590376371e+03,-7.590166727917391108e+04,5.259755936150877460e+03,4.421622187125380151e+03,7.963409962811645120e+06
-3.669902499778509537e+03,-1.472897748418091942e+04,2.174231477261076634e+03,-2.292141264209720975e+04,8.796529821911262843e+03,9.957827891136730614e+03,8.006904486914962530e+06
-3.324789548138958708e+03,2.156971569470028044e+04,-5.889980787441771781e+02,4.856856597728481574e+04,-5.209370789369320846e+03,-8.765485500854556449e+02,8.080956556213830598e+06
3.336130828811205333e+02,2.087597129728725849e+04,-3.734334820533781567e+03,4.104465732811170164e+04,6.318192892147048042e+03,5.317678314692029744e+03,8.146945132742644288e+06
2.676112384223165463e+03,1.662066646287511321e+04,9.239242678769647910e+02,2.692818082013010644e+04,-8.636467828021179230e+03,1.911953656189543835e+02,8.194094016677749343e+06
2.924152916060712414e+03,-1.966042537061608164e+04,5.733174492098975179e+02,-4.523609149813067052e+04,1.572678688276679168e+03,-9.146119742653518188e+03,8.262488003911767155e+06
-5.557875704249000819e+02,-2.365944237630384669e+04,2.977287514905661283e+03,-4.671228523696037882e+04,-7.430021836305950274e+02,-6.656046321668238306e+03,8.336392806610361673e+06
-2.953505437600925688e+03,-1.059091027834320448e+04,1.100967990767285301e+02,-1.540535192289767474e+04,-4.183090900036756466e+03,-8.239988859424329348e+03,8.365452671048279852e+06
-2.922606055283692513e+03,7.261461179568720581e+03,-3.068724586306806032e+03,2.115396132686822966e+04,5.619226746920148798e+03,9.367208701883148024e+03,8.399859424196306616e+06
-5.478207365167276066e+02,2.914520960013338117e+04,-1.833319728479978949e+03,5.960095745375665138e+04,-7.412131455471124355e+03,-6.177005464769132232e+03,8.490986731715193018e+06
2.673796155197499047e+03,8.877886505025493534e+03,-2.514771178395171773e+03,1.342532427474620090e+04,1.244800506938288891e+03,-4.691174251498897320e+03,8.518478509828558192e+06
2.507433038256053351e+03,-6.722692820543511516e+03,1.787526693953984477e+03,-1.816674706632435482e+04,-8.829125762692008720e+03,4.307393343789255596e+03,8.547662909447636455e+06
3.282794711717838254e+02,-2.770203592250860311e+04,4.344488443507829629e+02,-5.498853524302213191e+04,1.697675330360149019e+03,5.630745534885954839e+02,8.631116208928689361e+06
-2.764110991188654225e+03,-1.056220263371118563e+04,6.930150612765411324e+02,-1.488072403691756517e+04,8.367380711331315979e+01,6.468613648453963833e+03,8.660016261651784182e+06
-2.599235435082544882e+03,1.173880734474561723e+04,-2.204754771300497396e+03,2.960073859668204022e+04,7.395610920153860206e+03,-8.335493718421344965e+03,8.706159797799594700e+06
2.080659665603123756e+02,3.078960270499635226e+04,-1.205523794295188509e+03,6.122824220787099330e+04,2.070995078268113502e+03,8.753082884387968079e+02,8.799591232473317534e+06
3.599243530316901342e+03,1.519825831357019160e+04,9.828436149882324457e+01,2.284904878900602489e+04,3.279698015408295760e+03,-2.603131046425703971e+03,8.841336067467710003e+06
3.719356337236675245e+03,-1.077940830394337536e+04,3.499720662318529321e+03,-3.014432616340314416e+04,-5.656382209113450699e+03,-3.743077536462064927e+03,8.889478878934612498e+06
5.640860365054568319e+02,-3.600631554516399046e+04,2.645750081508463609e+03,-7.371372509145739605e+04,-4.876325819251345820e+03,6.096248983440675147e+03,9.002408755689248443e+06
-3.881161709689406052e+03,-2.664362989549072881e+04,2.989207346984693459e+02,-4.529203869901003782e+04,-4.033907523052091165e+03,3.908040562056699855e+03,9.078524506728136912e+06
-5.173746804927021003e+03,6.208915221244757049e+03,-3.680705179351800325e+03,2.398939622690706165e+04,3.938465652433791547e+03,-6.308131184982994455e+02,9.117577270160567015e+06
-1.912561491018948573e+03,4.060437634078819974e+04,-4.155812732827522268e+03,8.606008839481748873e+04,4.585919899388713020e+03,3.604077014733020405e+03,9.250310109120018780e+06
3.669330956419393715e+03,3.761190564885830099e+04,-1.774062148392025392e+03,6.817135640271670127e+04,9.586547912698166328e+03,6.578453423193201161e+03,9.361536764276405796e+06
6.495028396570413861e+03,7.618596186942992972e+03,4.220550548076023006e+03,7.266499206791377219e+02,-5.305714831825363035e+03,-4.029590068501158385e+03,9.380597589328674600e+06
4.098257321151309043e+03,-4.449865220020190463e+04,4.925570790629612020e+03,-9.848449409136082977e+04,4.692968852702309960e+03,8.608759670078241470e+03,9.532604563732018694e+06
-2.604692232421563858e+03,-4.222475651917829236e+04,5.606849893917997179e+03,-8.110192924590031907e+04,-6.265546844000209603e+03,-1.712097104358570505e+03,9.664142791623437777e+06
-6.377133734622051634e+03,-1.685116851564922399e+04,-1.831060597155732012e+03,-2.115583150834214393e+04,-7.411285908520663725e+03,-5.248523116978971302e+03,9.710357985979206860e+06
-5.604784606823456670e+03,2.161177343086436304e+04,-6.605574504583971247e+03,5.594560852090434491e+04,-2.157681899270824943e+03,-9.359254409306500747e+03,9.800125727042382583e+06
-6.662578671972692064e+02,4.530086938273751002e+04,-6.292684445191743180e+03,9.389847851619980065e+04,-9.788676945188073660e+03,-7.804231514621120368e+03,9.946284017253708094e+06
4.386079058200283725e+03,1.942364162480798404e+04,-4.188324717754882840e+03,3.268682876497468169e+04,1.425376776771156074e+03,3.283445874722241570e+03,1.000696889141944610e+07
4.696160802002602395e+03,-8.257266947965972577e+03,2.509241255908407311e+03,-2.461391370317980545e+04,9.011522940328886762e+03,-3.569003676837419334e+02,1.004704547412850335e+07
2.049512011682407774e+03,-1.997406304573969464e+04,5.649466143633302636e+03,-4.459763237096540979e+04,-7.634580852180457441e+03,4.952745948120627872e+02,1.011931614770052396e+07
-1.358034950086118670e+03,-3.335930253897525108e+04,1.079241037361634199e+03,-6.360751290688598237e+04,3.930838446721154469e+02,8.358960227881085302e+03,1.021872023913383298e+07
-4.384989535322207303e+03,-6.311196644245930656e+03,-6.304206481764938417e+02,-3.297436008077657789e+03,5.209199704422144350e+03,-6.608666317648246149e+03,1.023334428196965531e+07
-2.842847549980721396e+03,2.911843647533855983e+04,-2.627389875031762131e+03,6.424722375249773904e+04,4.917003155286389301e+03,-5.471673232242630547e+03,1.033218017962250486e+07
1.874612924618811348e+03,3.626542618662852328e+04,-1.990587508759930643e+03,6.863163333083679026e+04,-5.047598812463387731e+03,8.519618889494748146e+03,1.044094243957334943e+07
4.825075344366145146e+03,4.452240216861528097e+02,-8.412166635081666755e+01,-8.629033422298922233e+03,8.270173378218871221e+03,-9.563241216288990472e+03,1.045492589402805082e+07
2.946573789128603494e+03,-1.763737567666862378e+04,5.522168233503172814e+03,-4.263229221771780431e+04,2.769044775008216675e+03,-6.098388349799450225e+03,1.052366430394506827e+07
-3.094134145897793928e+02,-2.707051040657986232e+04,4.096287865320535275e+03,-5.524423276569353038e+04,2.273076230995671722e+03,-8.305708162477754740e+03,1.061038474839725159e+07
-3.162678797658386884e+03,-1.260132649594751820e+04,1.382732120189272791e+03,-2.035343521178909941e+04,4.873048174445195400e+03,8.637934265004842018e+03,1.064788492102283612e+07
-3.012214825156671395e+03,1.484943045436980719e+04,-9.107068557349363118e+02,3.437036302871887165e+04,-6.100415705630573029e+03,7.397537278299671016e+03,1.070102763618681580e+07
-2.908626553290697530e+02,1.529196011617921977e+04,-3.588052069949799716e+03,3.111319207597227796e+04,-9.849591105105162569e+03,-7.155594642782983101e+03,1.075131170310424641e+07
1.143212918775479238e+03,-3.331075707427003749e+02,-2.765840141362368740e+03,-1.850898428182101270e+03,7.092742738925408048e+03,2.712357424825639100e+03,1.075740476216330938e+07
8.715768661887343569e+02,4.801940775797085735e+03,1.786645569722094251e+03,7.711662758180303172e+03,2.391873993097453422e+03,-3.263672185344255013e+03,1.077257658813319728e+07
1.100545493907753098e+03,-1.690939964023258199e+03,1.362697518507627365e+03,-6.091774104248383992e+03,-4.503704703104258442e+03,5.237980372038351561e+03,1.078282254521388374e+07
2.250171358707872855e+02,-1.363419703136121643e+04,2.721765784775328143e+02,-2.767860648121562917e+04,1.989518538036774771e+03,-2.810406062434005435e+03,1.082463254244080931e+07
-1.318152698110870688e+03,-5.007682642655203381e+03,7.545919565310166490e+02,-7.564837391909076359e+03,-8.829667133789680520e+03,2.647210374074802530e+02,1.083927780713001639e+07
-1.583956977151829506e+03,-5.301788218142085498e+03,-2.665413228848036397e+03,-6.325450787237779878e+03,3.723562523335560400e+03,-1.328855711652287937e+03,1.085515441634139605e+07
-1.265502299365711906e+03,1.429069812181499765e+04,-1.033415767397566469e+03,3.171449683352105785e+04,6.065950480951596546e+03,-2.223085162135072096e+03,1.090345852936349623e+07
1.154071717693674145e+03,2.157618660507815730e+04,-2.183660764569458479e+02,4.066545335903883824e+04,-7.148328804339210365e+03,6.773702548640416353e+03,1.096707260712176375e+07
2.749696460587899765e+03,-5.373316725297347148e+03,-7.302053726012875359e+02,-1.572583033337237066e+04,-9.821572635896924112e+03,-3.019373245892169507e+03,1.099165165601362288e+07
5.566192924869228591e+02,-2.750078051327766661e+04,8.806583347383526927e+01,-5.480131108160932490e+04,-2.390754149155122832e+03,9.951111080365433736e+03,1.107459843273447081e+07
-2.752653374864662510e+03,-1.572672080333974009e+04,-4.855158288234238739e+01,-2.457005138221443121e+04,4.505875862288490680e+03,-3.484358196784176471e+03,1.111769640987777151e+07
-2.973238529705538440e+03,1.585486078318834734e+04,-1.490932223167526672e+03,3.857789929464069428e+04,-5.867751554709663651e+03,-7.780171974181251244e+03,1.117659334070847370e+07
2.466170430477916398e-01,1.939918070153974986e+04,-4.155802197397199961e+03,4.052078670767226868e+04,-9.886920181828123532e+03,7.526848252813317231e+03,1.124066935693212599e+07
1.870807946294807152e+03,2.653365784416531824e+03,-3.091854753145848917e+03,4.036260461446299360e+03,-3.041826419673719101e+03,-3.707300273826735065e+03,1.125232164587743022e+07
1.323699493847325584e+03,-7.133536164410542369e+03,-8.592295862676945717e+01,-1.482592269323400433e+04,8.899563818661958067e+03,-8.011924384341095902e+03,1.127569072718754970e+07
3.794042501944700234e+02,2.402123734365088239e+03,2.411472697233720737e+03,4.498243378753053548e+03,-8.102781942441270076e+03,9.340784656491687201e+03,1.128538197124809586e+07
2.440763122683482322e+02,-1.119060551246597061e+04,-1.213054160026434829e+03,-2.154001266480306367e+04,8.574314635514052497e+03,3.286544546933473612e+02,1.131956971989765950e+07
-7.308130656320558955e+02,6.129566097514544708e+03,1.589248502009224239e+03,1.373196633562719217e+04,-3.712249859947798541e+03,-8.758972804665687363e+03,1.134175131389844231e+07
1.774467210892253490e+02,1.509440864545161276e+03,-1.241338116316076366e+03,3.207545075883914251e+03,-7.960880051317045400e+03,7.489491925527450803e+03,1.134788708467627689e+07
8.137171452360760782e-01,-7.565256526753167236e+03,-1.751449369812487021e+03,-1.376290295736451480e+04,-6.844712057516564528e+03,-9.537284288222504983e+03,1.137096750724735297e+07
-1.012942312351989926e+03,-7.662065449634577817e+03,-1.830223014373208571e+03,-1.135868012543083387e+04,6.048804661820959154e+02,3.632069891025636025e+03,1.139283141814914346e+07
-1.264277060196194270e+03,7.177064273653787495e+03,-1.295334710268059098e+03,1.848203881845573778e+04,5.209713685724509560e+02,-3.474850980632963910e+03,1.142105013301171735e+07
2.313003896425699963e+02,1.397035128584084305e+04,-1.537583340195172013e+03,2.879771421870906124e+04,-8.837181332771464440e+03,9.825074713961643283e+03,1.146558708224610426e+07
1.434269568830155094e+03,-2.220152325195539106e+03,-2.250867049824645619e+03,-5.265925995317906199e+03,7.976537205955075478e+03,-5.516782138836242666e+03,1.147675829718527198e+07
9.214582548237466426e+02,4.308560425325216784e+03,2.039406171980983345e+03,7.248600262519973512e+03,-8.162965407462410440e+03,-2.685348328703013976e+03,1.149127632229992189e+07
7.420776089111612919e+02,-1.321498438406558853e+04,-8.537617895624625817e+02,-2.663341331577571327e+04,-5.098100100558549457e+02,-8.520716150395977820e+03,1.153272055939823762e+07
-1.011299748826065866e+03,-7.973983922042334598e+03,2.296962009732462207e+02,-1.288679007128332705e+04,-9.638831506162592632e+03,3.180677026878716788e+03,1.155482232934136316e+07
-1.699767996930470190e+03,-7.091404240038666103e+03,-2.912518290662866093e+03,-8.625766111289522087e+03,8.273298208539428742e+03,1.998350208506211857e+03,1.157515178598028421e+07
-1.295057174462623379e+03,2.090420050382810223e+04,-4.781904899838160077e+02,4.529778646658803336e+04,-2.610569833798721447e+03,7.435198453519442410e+03,1.164312702061514743e+07
1.591660286170690142e+03,1.494321807132303547e+04,-2.084085717722311074e+03,2.781023911775345186e+04,-9.274721783585486264e+03,3.411496968139133969e+03,1.168955622380811721e+07
2.236472205697644313e+03,-9.896510641497618053e+03,-1.255974314719798940e+03,-2.250522517735696238e+04,3.081818747602139410e+03,-3.588530299967888823e+03,1.172545040614738874e+07
3.174291195855886940e+02,-1.004487692046579104e+04,1.961730001111352522e+03,-1.992992329703707583e+04,5.152315350599030353e+03,3.046007760005317323e+03,1.175770436548558809e+07
-6.824666978575331768e+02,-6.021876888278504794e+02,1.418936169460180281e+03,1.869428828371021041e+02,-8.949854828815326982e+03,-3.679840375095426680e+03,1.176059489892457053e+07
-7.333588943954764545e+02,-7.317395022706715281e+03,-2.207476498585205718e+03,-1.195464444935718348e+04,-6.699764558436445441e+03,-1.910490460636690841e+03,1.178280777378961444e+07
-1.391491225409025219e+03,-3.145222302807323103e+03,-2.406429972203196940e+03,-1.632019673341729685e+03,-6.619375947660173551e+03,-2.082793118690024130e+02,1.179138293696337566e+07
-1.235127462662427206e+03,3.523220878195583282e+03,-3.156402425109956312e+03,1.196995157051888782e+04,-9.571520418672373125e+03,2.356379072721121702e+03,1.181126763929986209e+07
-4.844086564286859016e+02,3.549250589164304529e+03,-3.926502606597223348e+03,1.129362634301408798e+04,4.725003239157791540e+03,7.720996520044383942e+03,1.183052142749506608e+07
4.760797728240700053e+02,1.685912530023794534e+04,-7.092549848152073082e+02,3.476518219346582919e+04,5.855845260464782768e+03,6.448531097297407541e+03,1.188333106974640861e+07
2.469317053038497306e+03,1.434988979511837897e+04,8.004957407445948547e+02,2.451958530904444706e+04,-7.887991273843550516e+03,-7.736158259734646890e+03,1.192547035764435492e+07
2.704575949708108055e+03,-1.609830741833991306e+04,1.364223784954780285e+02,-3.635928280013243784e+04,-7.428871540596182967e+03,-1.416409200626383608e+03,1.198076894619103149e+07
-5.136753643783473535e+02,-2.873754133134355652e+04,5.641932500095543901e+02,-5.479315584763000516e+04,1.040474863940933574e+03,-9.798554124447411596e+03,1.206537751198439300e+07
-3.313388315173343017e+03,-6.240489153003992215e+03,-2.412897360576274650e+02,-4.490779582494869828e+03,4.735166896238060872e+03,4.301089081208407151e+03,1.207966345877112262e+07
-2.214933810813729451e+03,2.343874535074212690e+04,-2.020180850242778206e+03,5.221756972774057067e+04,-2.174923200100926806e+03,-6.116625819861019409e+03,1.215955488851066120e+07
1.375619714346991941e+03,2.281116939558611921e+04,-2.935303895713861039e+03,4.401259386773000006e+04,3.480165702549060370e+03,7.432059162155164813e+02,1.223068957538403757e+07
3.442196714660633006e+03,9.514383647812563140e+03,9.588306739784040928e+02,1.235811588404318354e+04,3.515058349974062367e+03,-6.457822574249221361e+03,1.225696310230453312e+07
3.061149637047417855e+03,-1.186149991562306059e+04,3.434019125228910070e+03,-3.052288566769049794e+04,6.635315132461280882e+03,-7.005560402670192161e+03,1.230584265665012226e+07
5.603208130168756043e+02,-1.836426891155430712e+04,4.483918920234670622e+03,-3.947308089840628963e+04,-6.904506235335034944e+03,9.956241512548298488e+03,1.236872424619333446e+07
-2.042716397757485993e+03,-2.414640568099485245e+04,1.512669840361989770e+02,-4.460801814111701242e+04,-4.295035792641310763e+03,-3.973533975822057073e+03,1.243967265339723974e+07
-3.962750971970692262e+03,-4.202743012850584819e+03,-2.132146971110108097e+03,4.792162972500318574e+01,-1.157308467748101975e+03,6.716237786651508941e+03,1.245001821598289534e+07
-2.629795831561372324e+03,2.157201993383455556e+04,-3.749843758443289971e+03,4.941292733013621182e+04,-4.805356882085802681e+03,-5.093595691954419635e+03,1.252738280283687077e+07
8.357933843239413818e+02,2.279575360816273678e+04,-3.991180768520001948e+03,4.549720938402242609e+04,-3.491875986906902654e+03,6.691848302865506412e+03,1.260050273998189904e+07
2.918053955215092174e+03,6.168698495556335729e+03,-1.108394660770487462e+03,7.966952263120797397e+03,6.171945358495520850e+03,8.222814303222043236e+03,1.261866483935656212e+07
2.562350975903360450e+03,-4.133885803152462358e+03,3.047945852455178738e+03,-1.334589956323507249e+04,4.193067874021024181e+03,-2.593486547832737415e+03,1.264175492155130766e+07
1.109628310054745498e+03,-1.366568584767930770e+04,3.277795595596758631e+03,-3.027132124257363830e+04,2.241199830745792497e+03,6.695531197619202430e+03,1.269007935254721157e+07
-8.512847656896306034e+02,-1.294199104190638718e+04,2.033753094866879337e+03,-2.507316944615689135e+04,-6.474056804548830769e+03,-3.686016871337085831e+03,1.273097955089583062e+07
-2.163824850700939805e+03,-1.060875616205023834e+04,-1.409288375397390837e+03,-1.664312601193588853e+04,8.007475276747900352e+02,-2.230240095430837755e+03,1.276180454629591480e+07
-2.315497254745095688e+03,9.941797097221518925e+03,-1.681354712300545089e+03,2.488400019439321841e+04,-6.599182167975995981e+03,-6.245896439619518787e+03,1.280062719555457495e+07
-3.705907193709723515e+02,1.169702349862014307e+04,-3.587580780786624018e+03,2.544957451319198299e+04,-5.808932115980782328e+03,7.241131326345996058e+03,1.284173196506654471e+07
9.393791087515171512e+02,5.019481058925954130e+03,-2.318172674062955593e+03,9.882008014085806280e+03,1.325317297830571988e+03,2.042134848034020251e+03,1.285989100592237152e+07
1.200076140768372625e+03,2.386320415682376279e+03,2.890003521763959498e+02,3.434609918677950645e+03,-4.987426400725047642e+03,1.589059397623690529e+03,1.286720101274967752e+07
8.097103860306116303e+02,-1.000747969018707408e+04,-3.011325218784124900e+02,-2.031763316575874342e+04,1.825421967713391496e+03,7.011806574388341687e+03,1.289863696851353161e+07
-5.252763796539469467e+02,-4.730298340383200411e+03,7.704643998010421910e+02,-7.641449427778297832e+03,6.326612605255315430e+03,1.164401716201657109e+03,1.291230445706114732e+07
-5.195520632282692759e+02,8.536097231472311250e+03,7.952282458799120377e+02,1.803723239898258180e+04,-5.683576772512155912e+03,-9.643620267078898905e+03,1.294019256700070947e+07
4.722271576582695616e+02,-4.117348312126326846e+02,-1.559192134671799067e+03,-1.093106986409609590e+03,6.633170699608992436e+03,9.449316996559882682e+03,1.294372882811066136e+07
4.716207296676950591e+02,6.591513566549344432e+03,1.389274151491214525e+03,1.189672395814723859e+04,-6.342644188327144548e+03,4.252203420571262541e+03,1.296407796051651612e+07
7.542480312272123228e+02,-8.376949260046307245e+03,-7.385504566324876805e+02,-1.782200845454087903e+04,7.913122030741240451e+03,-6.706079621833984675e+03,1.299176971671896242e+07
-2.226872828139342744e+02,2.113079102191177299e+03,2.111240394672752245e+03,3.989776385800329535e+03,-1.461955692582560005e+02,8.132029451361668180e+02,1.300020649988444149e+07
8.991542484534340929e+01,-4.612699971374707957e+02,1.647226061831072172e+02,-1.587428073074353051e+03,-7.884299032491022444e+03,3.879803950093290041e+03,1.300250983598568104e+07
-3.158916985991378965e+02,-1.027876903100659911e+04,-1.375175373187038076e+03,-1.935513487951575007e+04,-4.839234282155397523e+03,-3.756033257069389037e+03,1.303383480696799047e+07
-1.463859824933161690e+03,-6.198352073550533532e+03,-1.409322567025628587e+03,-8.363084307882685607e+03,8.357802259526280977e+03,4.781690672046004693e+03,1.305126942574138194e+07
-1.119446292626692411e+03,1.749130598183118855e+04,1.453100356573669956e+02,3.725656404259068950e+04,2.306845460427281068e+03,2.322202244122370757e+03,1.310728205209408700e+07
1.430199500694633343e+03,1.629734857712714438e+04,-6.264048398564782474e+02,2.954763495409438838e+04,-9.615771949645062705e+03,2.325005300402039211e+03,1.315518363996586017e+07
2.217212728975073333e+03,-1.165212529739307502e+04,-9.884906339260235200e+02,-2.694022214787455596e+04,-6.473633911302425986e+03,1.402182568946302126e+03,1.319698169077402912e+07
-2.924907846656544734e+02,-2.286723463472842559e+04,3.063388618709078060e+02,-4.394280375747806829e+04,-4.764318298949408018e+03,9.972362450130283833e+03,1.326439055881277286e+07
-2.783123288667017732e+03,-1.189784328593180180e+04,-1.215383334064841392e+03,-1.656275378517279023e+04,2.153782602560931991e+03,-1.474484221560898732e+03,1.329684966250661016e+07
-2.642713645138782340e+03,1.627694503364078446e+04,-2.230924396679351503e+03,3.925622019598087354e+04,7.241828801753079460e+03,1.919945183075333262e+03,1.335725646577804908e+07
7.176596682734952992e+02,3.351683003993060265e+04,-1.449035473523185829e+03,6.606437618772541464e+04,-8.746049914095387066e+03,9.908081829846112669e+03,1.345900436714750156e+07
3.814976173113734149e+03,2.191518475838610357e+03,-1.832615912345003153e+03,-2.022173447318119543e+03,2.745427919903799193e+03,6.352578675938821107e+02,1.346886565115611628e+07
2.453916066492250138e+03,-1.454079460006784393e+04,3.107827503946584329e+03,-3.381299880253199080e+04,5.006382554966925454e+03,-9.799414221334516697e+03,1.352278118812915497e+07
-6.730781867928051554e+01,-1.644323841024598005e+04,3.444044719175056798e+03,-3.341802870897277171e+04,-8.949456758991047536e+03,6.681984148020328576e+03,1.357615380778622814e+07
-2.186476567081678695e+03,-1.996036035664528026e+04,-1.142860042729318820e+03,-3.487903748044492386e+04,3.648073989756449009e+01,8.871632739220327494e+03,1.363432254223312996e+07
-3.362374364551642429e+03,5.643955227253586600e+03,-1.827715832664897334e+03,1.885203479611988223e+04,-2.677554972957330392e+03,-8.530034364297211141e+03,1.366400862245371938e+07
-1.240711470322211881e+03,2.091363131244725810e+04,-3.727351577076171907e+03,4.565251092863651138e+04,3.201753192519281583e+02,5.516976265087516367e+03,1.373554282774220221e+07
1.715740892204151123e+03,2.082409057366785783e+04,-1.907977620358475633e+03,3.927711923309261329e+04,-1.181188471649897110e+03,3.641602309971356590e+03,1.379926775606152602e+07
3.245158073493783832e+03,7.204184010837893766e+02,4.444524652134018083e+02,-4.350133895843405298e+03,8.082271430623757624e+03,-4.611899055273638623e+03,1.380802791889716126e+07
2.167281847649551764e+03,-8.365125645463036562e+03,4.118022782030828239e+03,-2.186515381676677498e+04,-2.063170508888599215e+03,-4.469053336206325184e+03,1.384454350298907235e+07
1.584017791947330807e+02,-2.215304624903467629e+04,2.069711321819951536e+03,-4.518212474223580648e+04,2.405730752920007944e+02,3.948106311451974761e+03,1.391410678708135709e+07
-2.382291441883918196e+03,-1.232767452312057503e+04,7.855640197576592527e+02,-2.028280399309119457e+04,6.612739574052589887e+03,-2.637826646011966659e+03,1.394988512105921097e+07
-2.432765757980692342e+03,1.445151242364099926e+04,-2.687915474620781993e+02,3.297200967356470937e+04,5.117674842183365399e+03,-2.764740723758472086e+03,1.400001020046185888e+07
4.235825603951711855e+02,2.466126614741595040e+04,-9.206700507257198751e+02,4.743662168903134443e+04,8.757266231409441389e+03,7.333423089976422489e+03,1.407345234090942703e+07
3.199424775410602251e+03,1.703475579454479521e+04,1.999917917042654608e+03,2.562095518720180189e+04,-5.509556318155486224e+03,4.338650071469139220e+03,1.412130739458362758e+07
3.301555352254952140e+03,-2.126939006624606554e+04,2.012597580314596371e+03,-5.051136700667924015e+04,6.103888574277742009e+03,7.823640137427337322e+03,1.419840230458912253e+07
-4.418284267292896175e+02,-2.430470745393664038e+04,4.697655154089549796e+03,-4.984798218390124384e+04,2.147432263852884716e+03,6.510275252472158172e+03,1.427769447780777887e+07
-2.950765802438764695e+03,-1.180648380167692267e+04,1.384770070995892411e+03,-1.947995666352222906e+04,-3.499400555262601301e+03,1.714140547536408121e+01,1.431331645414641313e+07
-3.128986631169885186e+03,4.262198701598454136e+03,-2.365849506813686276e+03,1.419352059528635982e+04,1.625345940479854107e+03,7.275257220359239000e+03,1.433726700958128087e+07
-1.221068369523305591e+03,2.214247925178190781e+04,-2.352010187568537731e+03,4.637430838012349705e+04,6.975336718574759288e+03,-4.438851723053776368e+03,1.440935687577027828e+07
2.000707283762634916e+03,2.525833028871720308e+04,1.324957763596196969e+01,4.541354969625142257e+04,3.960677046120239538e+03,-3.882405787093989602e+03,1.448204271261664480e+07
3.950014591805183045e+03,2.292554533726902264e+03,2.414310364448842392e+03,-5.000262373362448670e+03,-6.988181341442304984e+02,9.605664381364636938e+03,1.449569985447998904e+07
2.267730471386943009e+03,-2.622175054505446315e+04,3.707582776759121771e+03,-5.867488214609711576e+04,-2.971588463014635636e+03,2.417069833212650337e+03,1.458657180041928589e+07
-1.873267296511178756e+03,-3.232671279590664562e+04,2.347772616926783030e+03,-6.202338099290968967e+04,-2.521168854148722858e+03,9.721377929839236458e+03,1.468514293412153982e+07
-4.739583874413325248e+03,-9.242150785755999095e+03,-1.130420457402906095e+03,-9.231896341453630157e+03,-1.037863903920801022e+03,-2.431264038572798199e+03,1.470948698558056541e+07
-3.642995891323825163e+03,2.216775557005078008e+04,-3.999901020486028756e+03,5.213141175330973783e+04,1.530759869730960418e+03,-4.115627090498745929e+03,1.479142904981573671e+07
5.458035794263483922e+02,3.529003980681840039e+04,-3.437356228137672133e+03,7.000214799526651041e+04,-7.057080953070653777e+02,-4.843178436038458130e+03,1.490070439742538519e+07
4.184650140412774817e+03,1.433189380231744144e+04,-5.917279941587030407e+02,2.056371655073131478e+04,9.244363699767476646e+03,8.467412844244681764e+02,1.494037638591300510e+07
4.184635356414793932e+03,-6.458633239494692134e+03,4.957742359985179974e+03,-2.274126603729627823e+04,-4.834830849658979787e+03,2.561007268975352417e+03,1.497871866290619597e+07
1.321435714028682469e+03,-3.734638634369835199e+04,3.373160958506950465e+03,-7.830753307298419531e+04,6.071609253623124459e+03,-1.671730961536013638e+01,1.509906717899541371e+07
-3.250556429475923778e+03,-2.039941668505408234e+04,3.315766661839623339e+03,-3.579791847035797400e+04,-2.870096126524731517e+02,6.478650263607531087e+03,1.516183083724214137e+07
-4.087866068745042412e+03,4.884001972764039238e+03,-1.724354429766912290e+03,1.726325329408170364e+04,5.387477543490440439e+02,-9.173554433996436273e+03,1.518979031300749816e+07
-1.704309127513070734e+03,2.603560718008010372e+04,-3.261412435964353790e+03,5.530197596394288121e+04,9.244779562531111878e+02,-2.779974760628570039e+03,1.527609361771499924e+07
1.958380839877808739e+03,2.381018001620033465e+04,-1.784316466126290834e+03,4.351371937958689523e+04,7.893649180244668969e+03,-6.018565873059535988e+03,1.534716021441679075e+07
3.946726938903343125e+03,8.852203858138722353e+03,2.768683281666112634e+03,8.362641498845867318e+03,-8.483396260498537231e+03,9.400975522927794373e+03,1.537109046999434568e+07
2.738548542422715400e+03,-3.197761965720507578e+04,2.037499463203888354e+03,-7.000474562104254437e+04,5.916033139208373541e+03,-5.944508779869066529e+03,1.547784888327821903e+07
-1.886657664082333667e+03,-2.478273310188566393e+04,4.125927534220444613e+03,-4.715099465031719592e+04,-5.851543308406808137e+03,9.418313059342093766e+03,1.555579519622872397e+07
-4.020643422733850002e+03,-1.125299707687715090e+04,-1.646646715846356756e+03,-1.448262702996023836e+04,9.541603260308540484e+03,6.817907351013018342e+02,1.558719811047414131e+07
-3.094619993138451719e+03,2.967431282470161386e+04,-1.367278181435233364e+03,6.483834468527951685e+04,5.930809415029398224e+03,7.034287624891723681e+03,1.568617266615869664e+07
1.782516455590499390e+03,3.670941597445629304e+04,-1.602577657922580556e+03,6.880217390817719570e+04,-7.830930830009263445e+03,-7.664847277778264470e+03,1.579506935015484318e+07
4.668092203842901654e+03,-3.494910145957513123e+03,-4.571302450451485129e+02,-1.656202488776854079e+04,6.903038045617842727e+03,3.604519850295795550e+03,1.582025150763745792e+07
2.345008012106384740e+03,-2.020812220955008524e+04,5.215452037717904204e+03,-4.666861887671651493e+04,6.899473798363149399e+03,1.789069072064974534e+03,1.589468870877354965e+07
-7.819599857084682526e+02,-2.009527161589546085e+04,4.465115464045198678e+03,-4.085790280560738029e+04,-9.832017105473527408e+03,5.603678408655776366e+03,1.596088895864480548e+07
-3.103615202917748320e+03,-2.140363908306152734e+04,-1.354349900108902148e+03,-3.696784635342968249e+04,-4.465667587184294462e+03,4.319477357543768449e+03,1.602371840918432362e+07
-4.251102564542860819e+03,3.881974657565212510e+03,-3.223699831696497313e+03,1.693601820888151633e+04,9.364303978060870577e+02,6.040269532705226084e+03,1.605201120444701053e+07
-1.815025610851949523e+03,2.994907753542698265e+04,-3.802400045669305200e+03,6.438645946743023524e+04,8.560087665588871459e+02,-3.878258421134861237e+03,1.615196416710638814e+07
2.396462818127218725e+03,2.788164585572677242e+04,-2.250047480499677931e+03,5.160979348174441111e+04,-5.253770719932842439e+03,8.021345961895203800e+03,1.623610211674248613e+07
4.217105129639813640e+03,-5.003729943780950634e+03,1.625544717642637806e+02,-1.768756330863808762e+04,-7.780425071191675670e+02,-9.369746785294428264e+03,1.626317306959630921e+07
1.737025424945828490e+03,-2.587649944283787408e+04,3.133111684469789452e+03,-5.499325952093122032e+04,6.855063933798843209e+03,-2.434637132588241911e+03,1.634891296566949412e+07
-1.643140712044155407e+03,-1.510480025239150200e+04,3.352737680656732209e+03,-2.764689288330256386e+04,1.619949562344208971e+03,6.799264567439735401e+03,1.639666053719788976e+07
-2.512600352239971926e+03,1.254466277327662965e+03,-2.910347510816569638e+02,7.038105335498752538e+03,-6.261505641795774864e+02,9.055294818240825407e+03,1.640775674391403794e+07
-1.271621020867577272e+03,1.353996484567324842e+04,-2.076678055649864291e+03,2.958387743851586856e+04,-2.026692400519611510e+03,4.771062922532370067e+03,1.645422888527474366e+07
7.206385424036557197e+02,1.211545689289581969e+04,-1.799908542670698353e+03,2.308027682024371825e+04,2.546136037501168175e+03,-6.166396559497647104e+03,1.649194516607295722e+07
1.822820183709078719e+03,5.607369154375208382e+03,6.958711791931158359e+02,7.343254341803563875e+03,8.895634023718270328e+03,3.221567326778420465e+03,1.650741448093203828e+07
1.914387405867064217e+03,1.170399057491115627e+03,3.338727842177443108e+03,-2.978875267747016551e+03,7.912224720052799967e+03,6.099379946291221131e+03,1.651681687050532177e+07
1.381299088816521817e+03,-5.994401493070869947e+03,3.864956985303675992e+03,-1.709782983875124046e+04,-6.777805138688523584e+03,-8.753309547022956394e+03,1.654515535791126452e+07
-2.790379215456439397e+02,-2.396064009873960094e+04,8.181831377454194580e+02,-4.850246056619135197e+04,-2.046001012423248540e+03,3.879988200138202956e+03,1.661871567963548563e+07
-2.956287779116969432e+03,-1.310974284361237551e+04,2.484267619114469028e+00,-2.084035571568767409e+04,9.776218638569898758e+02,2.952283258308139921e+03,1.665562455024152249e+07
-3.049233458736569446e+03,1.144655927850713670e+04,-1.910392565756970725e+03,2.883159357074068976e+04,5.515507567191967610e+03,-2.049652032949509703e+03,1.670086232911526412e+07
-2.047764112891947548e+02,2.936911730818539945e+04,-1.640947271057967782e+03,5.863201924138017057e+04,-4.373519920584893953e+03,-1.868676736661663199e+03,1.679070918934717774e+07
2.943465478811591765e+03,9.240567317756636839e+03,-1.421626095379793469e+03,1.261721467938025671e+04,7.806164562009031215e+03,-3.971018324559047869e+03,1.681693206291850656e+07
2.872133123535937557e+03,-2.978083022472075754e+03,3.694274987904803766e+03,-1.302476006014157610e+04,3.721559205910893070e+03,9.508365984769683564e+03,1.683950131411256269e+07
1.301252701927383896e+03,-1.785128187905201048e+04,3.834448674865704561e+03,-4.009637071527666558e+04,-2.791577184805167235e+03,-4.300739090629037491e+03,1.690258466808368266e+07
-1.460429657100389932e+03,-2.331996472967657610e+04,1.547668433218332666e+03,-4.485133996907543042e+04,5.779924631405925538e+03,-5.450866999518220837e+02,1.697376407087275386e+07
-3.230911310375326593e+03,2.039310266517059745e+03,6.981658298294557881e+02,9.196160350655822185e+03,1.362935267348677371e+03,-3.084309509670882107e+03,1.698892861863012984e+07
-1.545510160657480128e+03,1.824359572655169177e+04,-1.944373983047481943e+03,3.870817368529694068e+04,-9.758348458750981081e+03,3.394919482428549600e+03,1.704937027218568325e+07
7.647055657475717680e+02,5.796608177396620704e+03,-3.412068665902756493e+03,1.065295895406663840e+04,-9.701800525003740404e+03,2.049262826065600166e+03,1.706999661354879662e+07
7.065632906520070264e+02,-9.396033868196145704e+03,-1.920216391797418737e+03,-1.869385208638967015e+04,2.136056109605335223e+03,-9.330941691270065348e+03,1.710071327918583155e+07
-5.088875122892794707e+02,-2.122159506608502397e+03,5.207624803989328939e+02,-2.349212069301368501e+03,9.717761267691716057e+03,-1.316619396279022112e+03,1.710621430075442791e+07
-9.529265137665306895e+01,1.365777702033595597e+04,1.410378551197900151e+03,2.708981701272149439e+04,8.405942980860079842e+03,9.118738675926997530e+03,1.714846756599006057e+07
1.757077896792624188e+03,1.412393672886030436e+04,1.724952864419779416e+03,2.335006799694730580e+04,7.622448802162489301e+02,1.694312923296000008e+03,1.718942360147707909e+07
2.468921490806887050e+03,-6.243359816441527073e+03,1.949505385554084569e+03,-1.885652437003132945e+04,7.175559337093636714e+02,-1.688683477287060668e+03,1.721894191253991425e+07
5.843101329914878761e+02,-1.922704193231473255e+04,2.778515970061390362e+03,-4.109426006482426601e+04,9.549781695765526820e+03,3.284321317708427159e+03,1.728262604064010456e+07
-1.549675447189812758e+03,-4.929730210281206382e+03,3.283384686191367564e+03,-9.072444586193327268e+03,2.145901520088646066e+02,5.749797660249900218e+03,1.730146127556996047e+07
-1.491720245384278314e+03,1.294016491165669322e+03,-2.199364101489524330e+02,3.929456300865247613e+03,-5.854741099132152158e+03,-6.030709374558975469e+03,1.730839640501752496e+07
-9.834829760838819084e+02,2.941606049114980692e+02,-2.012315168104810027e+03,2.123369184339546791e+03,-6.565684945975626761e+03,-2.417318152472050315e+03,1.731380973295096308e+07
-7.860257925868257871e+02,-8.117288197435858592e+02,-2.230834493432736963e+03,4.959546406458951537e+02,2.645740122833862188e+03,-9.789654098843868269e+03,1.731813427669737116e+07
-4.090503051610750731e+02,9.390608046506200481e+03,-4.681810914581422480e+02,1.978070587806700496e+04,-6.984274676814595296e+03,-5.235519574666158405e+03,1.734818282201856375e+07
5.817477225491282979e+02,-8.641336659695318758e+02,-1.941760852891137347e+03,-1.883624253592206287e+03,-1.912582152775980830e+03,-4.258880050248707448e+03,1.735345408851356432e+07
1.932811929225733820e+02,-2.981342340486465673e+03,-3.685081406169419438e+02,-5.394952879987225970e+03,6.777172863827749097e+03,-2.692753687928508953e+03,1.736239217306757718e+07
7.559736751676496169e+01,6.789336110886335518e+03,1.278637168243930091e+03,1.334500071097300133e+04,6.010700602323477142e+03,-3.211474575992740938e+03,1.738388074442519620e+07
1.020968004023088952e+03,8.132937219528362220e+03,1.357397645653840300e+03,1.340382669719156183e+04,1.661266755725557232e+03,-3.666454262270473009e+03,1.740779587399159372e+07
1.473288772767327828e+03,-2.577729652347093179e+03,1.421797366584666179e+03,-9.091825998615579010e+03,-1.481294292453654634e+03,5.197801943920687336e+03,1.742236051578190923e+07
4.021255750573709520e+02,-1.348229289036168302e+04,1.321255153616945336e+03,-2.852251351879769572e+04,-9.971331739158466007e+03,-4.071173029346755357e+02,1.746608870291974396e+07
-1.674513218405146745e+03,-2.111396866204729668e+04,-1.208129401244205837e+03,-3.824371603909478290e+04,-6.310515323056861234e+02,-4.593538924845581278e+03,1.752832903024053574e+07
-3.242477191818613846e+03,1.514626664555975367e+03,-1.534645038630185127e+03,1.035309933272088347e+04,-2.654096572558683874e+03,5.360063582929997210e+03,1.754497387846826017e+07
-1.630957903096489417e+03,1.829411839373933981e+04,-3.548300539480588213e+03,4.119504267360977246e+04,6.831805267535586609e+03,-2.124935725785606337e+03,1.760964229797818512e+07
1.449431135201811458e+03,2.903001479372204994e+04,-8.597467660001225340e+02,5.548145908570504253e+04,-8.551103710224317183e+03,4.779455481735314606e+03,1.769646294975881279e+07
3.713745287980445482e+03,-4.263317621928439621e+03,-1.052286341053938258e+03,-1.493102951000662142e+04,-4.096940648740596771e+03,5.096756219900702490e+03,1.772042332851978391e+07
1.433354213957583625e+03,-2.516765336242629564e+04,1.849910619552472781e+03,-5.230558242927908577e+04,-4.661668089136663184e+03,5.232808684592682766e+03,1.780117982914499938e+07
-2.109248136245278147e+03,-2.404852550863142460e+04,4.686910851576591313e+02,-4.264476546416298515e+04,-2.317842696699428416e+03,-2.078753571459419618e+03,1.787045105933919549e+07
-3.799854881194475638e+03,5.111975536343536533e+02,-2.165264572376841897e+03,1.022556969299817865e+04,-8.325002431875973343e+03,-6.391425567252385008e+03,1.788715294603940099e+07
-2.199761286487545021e+03,1.624008794822677373e+04,-5.393124105889142811e+03,3.959046443360475678e+04,-4.905964491540224117e+03,-4.615627613522772663e+03,1.795057638381360844e+07
5.671181651374029116e+02,2.155620582084580747e+04,-4.209161236203831322e+03,4.487901002591707947e+04,2.309769091846319498e+03,-1.777250857587807332e+03,1.802178787906171381e+07
2.931694914599483582e+03,1.564479429821501799e+04,-4.963494595287691595e+02,2.727254992774375933e+04,8.969637122434731282e+03,1.480228090156500912e+03,1.806813326766180247e+07
3.757644436480630247e+03,3.049487485687483058e+03,3.488284556237411380e+03,-1.436297788438042517e+03,-4.742215324555180814e+03,3.934691493602558694e+03,1.807986498192864656e+07
2.233175136207833020e+03,-2.770141784452610955e+04,2.422363698683997427e+03,-5.970704125335210119e+04,-9.722493120216329771e+03,-9.028779238585904750e+03,1.817192897986141592e+07
-2.185240801622486288e+03,-3.672465305595896643e+04,3.669544611717636826e+02,-6.788876778022677172e+04,-2.587049652898636850e+03,-8.846575981259698892e+03,1.827909459596039727e+07
-5.264462297191063954e+03,-4.753540845712485861e+03,-2.139821976748409270e+03,2.676117183872951500e+03,-6.612299554524032828e+03,7.979932521238886693e+03,1.829392853826392069e+07
-3.507689669811714793e+03,2.423222137391771685e+04,-6.181930095821495343e+03,5.820874416373945132e+04,-4.075340984406208008e+03,-8.364614416685342803e+03,1.838605912356721237e+07
7.736888621323150801e+02,3.386225794179797231e+04,-5.276065211547886975e+03,6.910341156190809852e+04,1.272446749577433366e+03,3.136251888478762339e+03,1.849507454714459926e+07
4.362455215239132485e+03,1.935932494764308649e+04,-7.965881386471301084e+02,3.190760431409551529e+04,-2.373474611136285603e+03,6.820031338167533249e+03,1.855150051976022497e+07
4.535811464254813473e+03,-1.576082940098166364e+04,2.262236092462534543e+03,-3.935155943132936954e+04,3.607883414068852289e+03,6.470188401935920410e+02,1.861341095614925399e+07
9.291704535285674638e+02,-2.817541069370496552e+04,4.498292536309973002e+03,-5.809669596023295890e+04,-6.640198400964911343e+03,2.115825438013780513e+02,1.870511052579303086e+07
-2.805789267060345992e+03,-2.766407845003494367e+04,1.760407796236924298e+02,-4.876851962091075984e+04,-8.503983978960955938e+03,-3.103139365671865562e+03,1.878452495391066000e+07
-4.820788503287719323e+03,-4.172991739658449660e+03,-3.896844032521543340e+03,3.517465469737508556e+03,8.813571765783581213e+03,5.715465245510304158e+03,1.880093304365586489e+07
-2.637042818343280032e+03,4.117414843696233584e+04,-3.044584983599183943e+03,8.884357191469937970e+04,1.372721453526481127e+03,-1.223743917396030156e+03,1.893663239180947095e+07
3.256275693233803850e+03,3.786886915152525762e+04,-2.945068310199823372e+03,7.015445246241353743e+04,-2.962541919343854715e+03,-1.118477449290676304e+03,1.905085705742684379e+07
5.883065222417954828e+03,-2.154621276202610716e+03,1.061525949144614970e+03,-1.551231811851774910e+04,3.305881433850081521e+02,-7.295373440393414057e+03,1.907546858799312636e+07
2.987315773525551776e+03,-3.374983132957742782e+04,4.815643472309491699e+03,-7.372011259652004810e+04,4.692084203823924327e+02,1.780890185781408945e+02,1.919074149116506055e+07
-2.086297615341797609e+03,-3.449898509144035779e+04,3.461392981358499583e+03,-6.524684365927254839e+04,1.873467125860486703e+03,-4.060585931691016413e+03,1.929603501051247492e+07
-4.876432539366835044e+03,-3.875411773326648472e+03,-4.464333084263962519e+02,1.837850994785157127e+03,3.401363497558322706e+02,7.447418287237298500e+03,1.930707113912837952e+07
-3.057416555478982900e+03,2.636817771175051894e+04,-3.834389696226338856e+03,5.924677847621064575e+04,-5.894970564958847717e+03,7.180235764766166540e+02,1.939957790156804770e+07
1.056872521811475281e+03,2.523361356720589538e+04,-4.464641601698157501e+03,4.960451303345385531e+04,-5.568604059820902876e+03,-3.581973210943998311e+03,1.947993754229221866e+07
3.205252206533115896e+03,3.519683858026049165e+03,-1.344948551436850721e+03,2.048444279672645735e+03,-6.287376419426105713e+03,7.357941259475570405e+03,1.949005587118788809e+07
1.971111179308553801e+03,-2.064195773691065187e+04,7.787480649288739869e+02,-4.371731689181410911e+04,-4.701579354658467309e+03,2.653610637894315005e+03,1.955716500506085157e+07
-1.289560639676003348e+03,-2.357672365708476354e+04,5.757978383644962150e+02,-4.293615280271885422e+04,-2.660460701081968182e+03,-5.714186903015832286e+03,1.962554323999869451e+07
-3.289614186670016352e+03,-3.802609230984260648e+03,-1.667879308782152748e+03,8.481658808464273989e+02,-1.900802411048714021e+03,-6.531003878747933413e+03,1.963515150860597566e+07
-2.150822271323489076e+03,1.869555639963699650e+04,-3.650033940901137612e+03,4.379597950803727872e+04,-4.863817263397000715e+03,6.811515574666071188e+03,1.970344390072587505e+07
8.482813995069132034e+02,2.028051542328016512e+04,-3.848853185348680199e+03,4.127992070780719951e+04,-9.937890568687334962e+03,7.699335468978817516e+03,1.976970147144181654e+07
2.474764896852177571e+03,-1.053475022472267028e+03,-2.568392943708968232e+03,-4.122412254627330185e+03,-1.354016536173636268e+03,-2.658957777035131585e+03,1.977992051655947790e+07
1.335096922124279672e+03,-9.962222247415245874e+03,7.236894451965258668e+02,-2.039273799230315853e+04,5.056485885015668828e+03,8.583859328647216898e+03,1.981233426316651702e+07
-4.807161469189094305e+01,-3.552891195506912482e+03,1.733898999823626809e+03,-5.977709193116764254e+03,7.310834182326616428e+03,-7.454735622592494110e+03,1.982364683416965604e+07
-6.637269092797964731e+01,7.129823554643523494e+03,1.403284532367036945e+03,1.436037873626644796e+04,-4.851071196869178493e+03,9.994983946539479803e+03,1.984660669368386269e+07
5.998496763388835689e+02,-3.016062252321947653e+03,-9.547317881441293821e+02,-6.665367217641183743e+03,1.133555768228063243e+03,-8.139174039568850276e+03,1.985784270461830869e+07
5.448276753963853736e+01,-1.937125306574026126e+03,5.023393387618133374e+02,-3.738092390980257733e+03,-2.429003374675451596e+03,8.774869957559130853e+02,1.986407474442216381e+07
-2.494685480000191546e+02,-3.841709949682835486e+03,-4.330929498969032920e+02,-6.684754818220878406e+03,-4.835324900424424413e+03,-6.378646879313770114e+03,1.987528377068796381e+07
-7.049436523563398396e+02,-4.590430295664584264e+03,-1.307832733986059111e+03,-6.742086876241612117e+03,-1.382597960593335301e+03,6.239636656753778880e+03,1.988862906424621120e+07
-8.843825654944265580e+02,2.873500559801957934e+03,-1.196895430480329424e+03,8.589996370188851870e+03,9.541914081123344658e+03,8.120267388561442203e+02,1.990217383917217702e+07
2.438223093164771171e+02,1.920617507041493809e+04,7.824276711019605273e+02,3.769300444581464399e+04,-6.567789950773470991e+03,9.831030752918239159e+03,1.996009926866882667e+07
2.026673423151281668e+03,-1.375061551891262752e+03,-1.201507265269374102e+03,-6.272295141410663746e+03,-3.714087846901675221e+02,-1.233489866032783539e+03,1.997097480605055019e+07
9.447001315200133149e+02,-1.085130930056100624e+04,1.315298392713663588e+03,-2.336331772293179893e+04,-4.028636235692335504e+03,9.542806690704001085e+03,2.000744943159827590e+07
-8.101609066236813987e+02,-1.504971231945781983e+04,1.533621228907334455e+02,-2.785776400689950242e+04,-8.324203008568934820e+03,8.770114424519641034e+03,2.005132043095414713e+07
-2.361504665810536608e+03,-1.032147005150607401e+04,-2.308755329966867976e+03,-1.425563863352249973e+04,6.940996550848863990e+03,3.279710754061328771e+03,2.008056779963495210e+07
-2.083981339889402079e+03,2.065853889663566952e+04,-1.057141428235861895e+03,4.624747115051886067e+04,3.920804803186127174e+03,-4.362224180913110104e+03,2.015061493245023116e+07
1.356513825959231553e+03,2.677557267466646226e+04,-1.426793535385838823e+03,5.112108666303577775e+04,-5.654402055399181336e+03,-6.102907453241361509e+03,2.023129489914928004e+07
3.506638186328539177e+03,-1.130554160851835150e+03,-5.683657740213495799e+02,-8.623501960365552804e+03,6.899148380510596326e+02,2.207503610084824686e+03,2.024512395923084766e+07
1.821763888101736029e+03,-1.820785661300134234e+04,2.760303521875647675e+03,-4.002829748737329646e+04,1.327012568243659189e+03,-3.328717216751786509e+03,2.030794218074119836e+07
-9.608528837927616451e+02,-1.848742653545294888e+04,2.230277207486203679e+03,-3.530349630441101181e+04,1.423499693703970479e+03,8.738442116187670763e+03,2.036492423367233947e+07
-2.510628849320069094e+03,-2.798102130209851111e+03,1.884052786343669084e+01,-7.476334894123692720e+02,-2.522031852309040914e+03,5.849592595455451374e+03,2.037099943866914511e+07
-1.762610713761363741e+03,9.932945449950158945e+03,-2.461250532690694854e+03,2.386019810321030673e+04,9.348765240183111018e+03,-5.726330228009248458e+03,2.040901644346875697e+07
4.918853902960953519e+02,2.699737124057592882e+04,-2.760040192623770849e+01,5.238029464623796230e+04,-5.551853975315534626e+03,2.083753803782683462e+03,2.048891359514779225e+07
3.024809694322162159e+03,1.679717365750838326e+03,-8.687939808692184442e+02,-2.667886630049829819e+03,1.865617188875243301e+03,4.132139590293256333e+03,2.049715480281878263e+07
1.869907134168595803e+03,-1.365957112513249012e+04,2.703414670917228705e+03,-3.163264007474972459e+04,7.765524573605118348e+03,-4.068305754414158400e+03,2.054702033582375199e+07
-2.418521340530990358e+02,-1.047806845624466041e+04,3.665438671551080461e+03,-2.201680077640986201e+04,-5.923137723321688100e+03,-4.894062524454587219e+03,2.058342249586201087e+07
-1.566795267492216453e+03,-1.446829940211548819e+04,-4.940088006850219244e+02,-2.620561118292917672e+04,-6.323277920740440095e+03,2.028225679814206160e+03,2.062615721051523462e+07
-2.711341196719050004e+03,-4.569369156504255443e+03,-2.333684015115159127e+03,-3.037958400685936340e+03,-1.618186581055340866e+03,-2.941966867415928391e+03,2.063880956328425929e+07
-2.006454712559666405e+03,1.418585079730522193e+04,-2.887192468158453721e+03,3.342576493646069139e+04,-4.377104512475816591e+02,-1.762530370630416655e+03,2.069131482619874179e+07
5.185833292492188775e+02,2.041774579004807674e+04,-2.438699570275615315e+03,4.083104375417195115e+04,5.148589756400677288e+03,1.977423579118616544e+03,2.075552089864248782e+07
2.773668462001191529e+03,1.468829177420456836e+04,7.106532667326591763e+02,2.386435768572490633e+04,-8.820541013384614416e+03,7.463354218173593836e+03,2.079755786983115226e+07
2.821269378640161449e+03,-1.967510464499765294e+04,3.627116093708588664e+02,-4.424755817117840343e+04,-5.764291235041097025e+03,-8.437151369267861810e+03,2.086466451363534108e+07
-8.211277976352831729e+02,-2.994220204135047243e+04,1.185028075379420670e+03,-5.719017320854083664e+04,-2.691196642538227024e+03,6.045066178806111566e+03,2.095380304475824535e+07
-3.779637215898364047e+03,-1.046078838435895523e+04,-1.011902980920189748e+03,-1.197713984594573412e+04,-9.930875191542074390e+03,4.631132753183550449e+03,2.098103251318536699e+07
-3.466852734345464796e+03,8.537868418418134752e+03,-5.400639705568183672e+03,2.679227752225913719e+04,-5.470107441164571355e+03,3.039699743512195710e+03,2.102523015156595781e+07
-9.859215465065933586e+02,2.491384321015603928e+04,-5.280075136018471312e+03,5.499990416323697718e+04,5.654655501886671118e+03,7.481868338790602138e+03,2.111140989562187716e+07
2.596667100450278667e+03,3.075489121714268549e+04,-1.302808086552824079e+03,5.814685553418243217e+04,-9.113926385632958045e+03,-6.751376049519421940e+01,2.120421111756020412e+07
4.601093484062386779e+03,-8.180330485219529692e+03,-6.860921256334439704e+02,-2.340643214509699828e+04,-8.550254702491360149e+03,-8.637253731233497092e+03,2.124108506580021605e+07
1.398911038492329681e+03,-3.545469340403090609e+04,1.464541795582780196e+03,-7.144321821107127471e+04,-6.593377929539752586e+03,-6.137486261429099613e+03,2.135084643024939299e+07
-3.251086736831394774e+03,-2.817397059089913819e+04,-2.205780965430396918e+02,-4.724586732225001469e+04,-4.659661043120478098e+03,-5.506785005755767997e+03,2.142973793299591541e+07
-4.870378935581060432e+03,5.027825858983072976e+03,-3.932841288791916213e+03,2.291668844076198002e+04,1.794752302438149854e+03,7.441809857818447199e+03,2.146648566752003506e+07
-1.829327615752465817e+03,3.887293102535042271e+04,-4.835224418889039953e+03,8.417567527285806136e+04,-6.159508895847939129e+02,1.330034680666978602e+03,2.159619882585288584e+07
3.447914548819312131e+03,3.357577252544785733e+04,-3.250669739510461568e+03,6.256268894992281275e+04,1.231222311403076674e+03,-3.075459863632896486e+03,2.169903587161658704e+07
5.749779581801268250e+03,1.768434820081597991e+03,1.731630060941302190e+03,-6.821743242973931046e+03,-2.601962044181535930e+03,-2.648094797896825185e+03,2.171510745932238549e+07
3.295901241343506172e+03,-3.423784745743731037e+04,3.998063658015315923e+03,-7.448335677074015257e+04,-4.651447046959884574e+03,-1.612921197482179196e+03,2.183112262844992056e+07
-2.110508442156273304e+03,-4.039075711492739356e+04,2.385148913019643715e+03,-7.573455400754805305e+04,2.176834513230358425e+03,-9.030714145067722711e+03,2.195174359692757204e+07
-5.461349402692173499e+03,-3.382126510143968517e+03,-7.685185819833576488e+02,4.965940207132062824e+03,3.872128516322485666e+03,1.332554327107121935e+03,2.196632153162952513e+07
-3.127765677666193369e+03,3.541979300974338548e+04,-3.878148356636158496e+03,7.789686859532102244e+04,8.099691201543682837e+03,-7.838226633034808401e+03,2.208664410726889223e+07
2.552907498554710855e+03,4.566289460197390144e+04,-1.902075589163596305e+03,8.605773504011637124e+04,4.288114478356146719e+01,-3.461323763704642261e+03,2.222281971999870241e+07
6.416895627584660360e+03,6.200036528592805553e+03,1.400210925577878697e+03,-1.046425319983148711e+03,2.681285459810944303e+03,-9.524745006647439368e+03,2.223788328840044141e+07
4.210415027683592598e+03,-3.249970075801462008e+04,5.961293891755204641e+03,-7.498108036624842498e+04,4.742271763004911918e+03,1.334128566284562112e+00,2.235553577844414487e+07
-1.213565748376759302e+03,-3.880231560366112535e+04,5.752740409721945980e+03,-7.730522659210847632e+04,9.308529640964563441e+03,1.683979223056745468e+03,2.247860962679801136e+07
-4.709270064653275767e+03,-6.413934884476715524e+03,2.483617399421721530e+03,-5.906549883968267750e+03,-6.117757388166190140e+03,-4.399500739239947507e+03,2.249812299903053045e+07
-3.604431930416229079e+03,1.177758734654379441e+04,-4.074435004282475802e+03,3.010828780050362548e+04,-4.598072252208858117e+03,6.683483269953674608e+03,2.254768774111227691e+07
-8.894770311730212597e+02,2.222299112345585309e+04,-4.243054632155712170e+03,4.658880415793932480e+04,-2.259968997004484663e+03,-8.983443540405036401e+03,2.262163206805700064e+07
1.883634407623462948e+03,1.549981630921523174e+04,-1.968375914089513799e+03,2.777431267269827367e+04,1.187830119124766497e+03,-7.459655629441297606e+03,2.266875820736062527e+07
2.791193802209947080e+03,-5.574071062639762886e+02,1.242078748597687536e+03,-6.703340130710598714e+03,7.365020090731006349e+03,-1.591313732959617482e+03,2.268005222714840621e+07
1.716881433069787818e+03,-8.706772144230346385e+03,3.883641607073112027e+03,-2.205809335753427149e+04,-5.939851680029626550e+03,6.607716085026229848e+03,2.271641761569031328e+07
-2.915375639509675239e+02,-2.448208112531790903e+04,1.004738863064789825e+03,-4.874362147392512998e+04,-8.854637270966310098e+03,-1.611326326378562953e+03,2.279093959471657127e+07
-3.207921530380910099e+03,-1.986247037819310935e+04,-1.552941514188786414e+03,-3.238261423905682750e+04,-4.885173331597751712e+03,-4.214759417985045729e+03,2.284794554237839207e+07
-4.063683558080334478e+03,6.640332464232175880e+03,-3.757132410235541556e+03,2.316821986581011879e+04,-4.493848234835806579e+03,4.385617504958347126e+03,2.288557491067675129e+07
-1.532699642143393476e+03,2.595140195142645825e+04,-5.110421748503188610e+03,5.732549724272708409e+04,3.633877019613864832e+03,-3.383631434141547288e+03,2.297549493126155064e+07
2.289815162748380317e+03,3.072322533046413446e+04,-1.933861350252237344e+03,5.833158393449067808e+04,6.375945910278058363e+03,-7.216464972330531964e+03,2.306877341703950614e+07
4.952227943601555125e+03,1.069407746015880548e+04,2.220124673999161132e+03,1.147962400259091191e+04,2.380240541228904476e+03,2.614448021714182687e+03,2.309811947111985832e+07
3.964712393778468140e+03,-2.235452763849487746e+04,4.601524297977177412e+03,-5.351444153286630899e+04,-9.395213781729991751e+03,5.224587396378470658e+03,2.318255467698297650e+07
-6.920267515167511192e+02,-4.687900125772679166e+04,2.267187267274370697e+03,-9.224689428407979722e+04,-2.966472719734707425e+03,7.496130703118124075e+02,2.332463978654357418e+07
-5.653901979088693224e+03,-2.079505487026963237e+04,-4.258722022631000073e+02,-2.954491863660224044e+04,-2.364003178413001478e+03,-3.234702980468809983e+02,2.338105953423179686e+07
-5.391016359236377866e+03,2.180686639835573806e+04,-5.045368390276102218e+03,5.599308155917280965e+04,-8.636524684657360922e+03,1.545939673371462050e+03,2.346929586693883687e+07
-7.351101577995549405e+02,3.599009835296040546e+04,-7.285415198249430432e+03,7.626818043358379509e+04,-6.629243880952908512e+02,-3.861189761217462546e+03,2.358957467108143121e+07
3.685722816809654887e+03,2.790556999830855057e+04,-2.618011484462098906e+03,5.064642004112608265e+04,-5.782660034739903494e+03,2.374061263019762919e+03,2.367443039542213827e+07
4.997807597516537498e+03,-1.038270000319059909e+04,6.629352447475635017e+02,-2.884140028788334166e+04,-6.850319668859878220e+03,7.976384192969584547e+03,2.371931523855547607e+07
1.428778279123079528e+03,-3.803344876690833917e+04,2.357014724729781392e+03,-7.708017898041976150e+04,-7.212160761997876762e+03,-3.182390994386190869e+03,2.383821465930665657e+07
-3.561556356734955898e+03,-3.135640341071127477e+04,-9.150038884645860549e+01,-5.323364125186124147e+04,8.181240497104623500e+03,4.417036445769657803e+03,2.392645776071481034e+07
-4.948004594333850036e+03,1.926962903069785898e+04,-1.478915895760571402e+03,4.983705391470963514e+04,-1.747601981716929004e+03,-8.264780398912324017e+03,2.400199136415031180e+07
-5.010909058420292013e+02,3.727147494171102881e+04,-5.076561618668890333e+03,7.736209766601590673e+04,4.484241887106451031e+03,8.862010122302763193e+03,2.412220258928254992e+07
4.096758694250366716e+03,2.987352046268394770e+04,-9.148730564448896985e+02,5.232375327978131099e+04,-3.813517560933874847e+03,-4.303036207623851624e+03,2.420941149477570876e+07
5.430260887938931774e+03,-1.291870451514096931e+04,1.915018409369871051e+03,-3.620262144615517900e+04,-4.584994686864287360e+03,1.226576123766131786e+03,2.426587810003431514e+07
1.377523942924805169e+03,-4.194582409707840270e+04,3.685047709157950521e+03,-8.624476570387692482e+04,2.946805951984400963e+03,1.404962445061155449e+03,2.439913126148735359e+07
-3.744434727975175065e+03,-2.442195005421926544e+04,2.468376108000132263e+03,-4.136079870931855839e+04,-2.623538841186991704e+03,-5.743593273379629863e+03,2.447112682108686492e+07
-4.791559588278879346e+03,6.082033731508653545e+03,-3.017734923610082205e+03,2.260890894452707289e+04,-2.734535191736297747e+03,4.805590220905125534e+03,2.450762705827479064e+07
-1.976006685965968245e+03,2.998601676114161455e+04,-5.031425924731169289e+03,6.544163004957187513e+04,-2.570075042367643618e+02,4.138506692788127111e+03,2.461006213769620284e+07
2.304205315113215875e+03,2.937308187953983725e+04,-2.902988349935956194e+03,5.544489180306011258e+04,-9.643682362050196389e+03,1.033739835363139719e+03,2.470008730504385382e+07
4.214549247999122599e+03,-7.319677874680777677e+03,-1.053492656928552606e+03,-2.124528019561251858e+04,5.331192702964468481e+03,-5.109645370363573420e+03,2.473392030501907319e+07
1.754601692754948544e+03,-1.767831201522875199e+04,3.991551562102777098e+03,-3.853054574341593980e+04,-1.705509666945508798e+02,3.665211908539855358e+03,2.479587531603257731e+07
-9.546953437650017804e+02,-1.998432096354610985e+04,1.922715875559494862e+03,-3.786308807673519186e+04,-7.431790233855645056e+02,4.084790457690465701e+03,2.485660013629218191e+07
-2.724170839760958643e+03,-5.029632940402125314e+03,-5.426166943998022134e+02,-4.160252043310858426e+03,6.983201651255491015e+03,4.428387699819122645e+03,2.486905680881005526e+07
-1.750309050819282675e+03,2.204149261303602543e+04,-9.058249258730460269e+02,4.741348002608151728e+04,-1.023488344113466155e+03,1.312976087385968640e+03,2.494116791542586684e+07
1.450574495342146975e+03,1.854917887706698457e+04,-1.920346569711343818e+03,3.429839103342190356e+04,2.677356942461319704e+02,5.310333687990012550e+03,2.499738640640141070e+07
2.834799884575823853e+03,1.507063295819024916e+03,7.885408704794111827e+02,-2.861986533346784199e+03,-3.978780671560757582e+03,4.436225757876363787e+03,2.500537879698562995e+07
1.545306542814602608e+03,-2.065393529745105479e+04,1.606182954131889346e+03,-4.439828457178622921e+04,7.603141098457243061e+03,5.529833428894522513e+03,2.507358250635181367e+07
-1.174367528844404433e+03,-1.021676875815770109e+04,3.186239118843814595e+03,-1.910076459521208017e+04,-4.800569684926736954e+03,-9.598592123547634401e+03,2.510726064635287225e+07
-1.968513028134166689e+03,-6.749348763889825022e+03,-1.207939785582051172e+03,-9.578603825459949803e+03,4.708373076149937333e+03,6.789980151845778892e+03,2.512676505175593868e+07
-1.657441565183167086e+03,1.431286570554269747e+04,-6.891457714473327769e+02,3.158694616559656424e+04,4.827946120118862382e+03,-3.875849603286629645e+03,2.517501145096370950e+07
8.398897309431126814e+02,2.082362165256947992e+04,-5.077940373916943599e+02,3.922496503274528368e+04,-8.145800541704506031e+03,-9.130058452878105527e+03,2.523640772141736001e+07
2.418793610286591957e+03,-5.624237131392962510e+03,-1.066150335361691532e+03,-1.585899188725277600e+04,7.331545381539701339e+03,2.761421013198651053e+02,2.526137589438165352e+07
9.385706788759996471e+02,-6.839420981107317857e+03,3.326610950819460413e+03,-1.654171857836535855e+04,4.180379396892833029e+03,9.665357484005784499e+03,2.528902221557082236e+07
-1.325279258382288674e+02,-7.318879975878769983e+03,2.283290649162929640e+03,-1.571793306895524802e+04,-6.952844539489091403e+03,-3.214491425225820421e+03,2.531447484719065577e+07
-1.197332811257757157e+03,-1.362621210514869017e+04,-8.469643882873042458e+02,-2.501468585173189422e+04,-4.936920592855795803e+03,1.664684362678353864e+03,2.535516004234708101e+07
-2.357089146476739188e+03,-4.158589993018648784e+03,-1.864144958646181522e+03,-2.947653052135706275e+03,7.192874365818079241e+03,-4.010385057460430289e+03,2.536648751949735731e+07
-1.451336557638391696e+03,2.179457396686065476e+04,-7.695646454146118458e+02,4.639934245982666471e+04,-6.820851812798300671e+03,-7.534346436179928787e+03,2.543690233712709695e+07
1.383997260545063227e+03,1.032061496208488643e+04,-2.852192731278327301e+03,1.871433694511450449e+04,9.766880167667073692e+03,7.981352163131530688e+03,2.547017347902612016e+07
2.262224555842979953e+03,1.064828612127664019e+04,2.459221724029969209e+03,1.602064872010917497e+04,4.119630961536380710e+03,4.672395357951645565e+02,2.550156386014737934e+07
2.526930124139563304e+03,-6.466500974013531049e+03,2.993922636885577049e+03,-1.936162783020116694e+04,1.598460027734559844e+03,3.781148183755924038e+03,2.553291284171262011e+07
6.394627939623449038e+02,-1.932625959675341437e+04,3.103223355885832916e+03,-4.145906666848138411e+04,-2.071863977279484061e+03,3.068308585102788129e+03,2.559744085412770137e+07
-1.945648879610687118e+03,-1.851781449435175455e+04,1.030146705566007768e+03,-3.408101530440362694e+04,4.505226740334093847e+03,-6.508202277576294364e+03,2.565301547951163352e+07
-2.996275899161872076e+03,6.054377460139863615e+03,-1.094845414123057026e+02,1.710209424491129175e+04,6.901286858330928226e+03,5.410626547553007185e+03,2.567927771165725961e+07
-7.615818073385305524e+02,2.584916959668884374e+04,-8.540361287336804708e+02,5.189885023540814291e+04,-4.579398326404067120e+03,-3.798169976152965319e+03,2.575864134942542762e+07
2.199500607710737768e+03,8.956335981324942622e+03,-1.586423118025576514e+03,1.300224641078144123e+04,-6.548697039778401631e+03,1.388164442406561648e+03,2.578438585554327071e+07
1.889015404015000513e+03,-1.550248716998837335e+04,3.134069349138363805e+02,-3.469272112198944524e+04,2.737928334573849497e+03,4.997242667905178678e+03,2.583678348617417738e+07
-6.006593394418401886e+02,-1.433375927052326369e+04,2.262677683038135910e+03,-2.788712187568855370e+04,9.948281783676789928e+03,-9.811289042468364642e+03,2.588186770434286818e+07
-1.562100613589807153e+03,6.153087047409726438e+03,2.032204044520597790e+03,1.402189084853515305e+04,-5.448595897741343833e+03,4.922150461146362431e+03,2.590563698689692467e+07
-4.214129260229962028e+02,1.957657243638067939e+03,-1.858989035522360155e+03,4.479629161975039096e+03,5.312722809783123012e+03,-4.173692882737766922e+03,2.591435467526408285e+07
1.377636413004076417e+02,1.004148392404275546e+04,5.821715736876304845e+02,1.895456038217167225e+04,1.450747245151287643e+02,4.519751746914522300e+03,2.594407065478528664e+07
1.144448717310689062e+03,2.041914076611322798e+03,3.059668693061582871e+02,1.050284527409078237e+03,-6.694134756852538885e+03,-3.713354752723121237e+03,2.594861326897592470e+07
5.557353523342945891e+02,-1.431616480360388778e+04,-2.301083394495720427e+02,-2.965479404131372212e+04,-1.217936295420760871e+03,-4.407936228397331433e+03,2.599337007151262462e+07
-1.333725152058199228e+03,-1.031043062854679920e+04,3.152624071525712566e+02,-1.774845817079123299e+04,-1.875506637402122578e+02,7.861959056837840762e+03,2.602307794787117466e+07
-1.852167035260900548e+03,3.001917169467012172e+03,-1.018553695446711004e+03,1.008848415454517635e+04,-2.060749257542029227e+03,-4.928405130988749079e+03,2.603903906992589310e+07
-7.220983910991551511e+02,1.071493890469715006e+04,-2.150966216296931179e+03,2.362068624568036103e+04,-3.194198558498715101e+03,-6.703887385101705149e+03,2.607624775968366489e+07
7.136309093438582067e+02,7.675348474126819383e+03,-1.766248836053429613e+03,1.493148443302287342e+04,-7.632203299005237568e+03,-4.156496557536836917e+03,2.610133447233621031e+07
1.011985812545299041e+03,-6.571116509277173463e+03,-1.493661860513927422e+03,-1.355539612584527276e+04,7.196113759372390632e+03,3.481348806812779003e+03,2.612396663264439255e+07
1.624712549895016309e+02,2.824049703942474935e+03,1.778898336348512203e+03,5.620270099330205085e+03,-9.651863181668575635e+03,-4.155201008998547877e+03,2.613435232203900442e+07
1.002093015623963765e+02,-1.128223679402410926e+04,-1.734448169769549850e+03,-2.135419308553984592e+04,5.657511911308294657e+03,-4.140458093217882379e+03,2.616882340938990191e+07
-9.235018027929119171e+02,4.143075374191064839e+03,8.084957215325080142e+02,1.057737434885233779e+04,-9.248589231816549727e+01,3.526609870963293361e+03,2.618527585663726926e+07
2.129508257728343068e+00,6.943261701680444276e+03,-8.362777998934159314e+02,1.434917273056064369e+04,-3.885870509198072796e+03,-8.307094671902681512e+03,2.620740669837766141e+07
6.562614347465589617e+02,-1.202167315343713199e+02,-1.067695949734483747e+03,-7.385229137130850177e+02,-1.046316732946057527e+03,9.720050730125560221e+03,2.620998939540738985e+07
3.447758600632700450e+02,-3.013786909213147737e+03,7.555000580913144859e-01,-6.024984753670120881e+03,6.470087618628942437e+03,2.943930041724795956e+03,2.621937369843039289e+07
1.290426480046166091e+02,4.944867272627518105e+03,1.444910469111685188e+03,9.364116767841293040e+03,-5.367426650408710884e+03,6.728822723059365671e+02,2.623525663558797911e+07
4.276993350217589409e+02,-5.990223808172391728e+03,-8.130595567536229282e+02,-1.240862692714281366e+04,-1.921543126474851306e+03,-1.800057939730268117e+03,2.625489624521506950e+07
-4.857313835441272545e+02,-5.927768958521589411e+03,-1.705895416306204879e+02,-1.034426355973784848e+04,3.704406591213386491e+03,-1.809957006762768287e+03,2.627182459865850210e+07
-7.529574433140326164e+02,5.224854854497328233e+03,2.676827450391681964e+02,1.200866665242622003e+04,-6.800277575302203331e+03,-7.917042536878649116e+03,2.629007876035377756e+07
-5.934143212887050822e+01,-1.193518995300920096e+03,-2.024983820308853865e+03,-1.322612478182695668e+03,-6.943270793914824026e+03,-6.475521713129423915e+03,2.629467921707969904e+07
-3.729611337946199114e+02,-5.123434614042121211e+03,-1.892273714394681747e+03,-7.906854110859420871e+03,-7.045653728346310345e+03,3.959448995773464048e+03,2.630997474065278843e+07
-9.357114952374947734e+02,-4.313251668470896220e+03,-2.271691547659105709e+03,-4.578564156139853367e+03,6.748627056371893559e+03,-1.421937739885630435e+03,2.632207395952029526e+07
-6.202391858651467373e+02,1.564945306081424860e+04,-1.360138023203834052e+02,3.355019391214143980e+04,1.529483854915277334e+03,-8.413587000655134034e+03,2.637202985948143527e+07
1.529897565582687776e+03,1.341026244964678699e+04,-6.354860926344599648e+02,2.439539211801188503e+04,-5.955749476620783753e+03,5.179147593983117986e+03,2.641200089770730957e+07
2.137105038239470105e+03,-8.203048919266195298e+03,-3.442638331556084950e+02,-1.967452416578120028e+04,-5.696137710532791061e+03,-7.155224342016444098e+03,2.644235983966375142e+07
9.840694181277541475e+01,-2.023959984074793465e+04,3.770471018623591135e+02,-3.939452751024580357e+04,-7.954128463992664365e+03,-9.301059074473247165e+03,2.650246942105842009e+07
-2.388534979957163159e+03,-1.647814004578750246e+04,-1.584479931888145757e+03,-2.611566243976561964e+04,-9.270116945759427836e+03,1.555985777719481121e+03,2.654903623845581710e+07
-3.325049529514536061e+03,2.126529158473554162e+02,-4.308424475739846457e+03,1.017497818335395277e+04,-1.156994610760577416e+03,4.301073836478002704e+03,2.656705734356027097e+07
-1.645705393502613106e+03,2.503874662288525724e+04,-4.164364937534877754e+03,5.632038455056455132e+04,-2.192726526823156746e+03,2.630214345276004678e+03,2.665422654506475851e+07
1.972794584420719957e+03,2.466869752359564882e+04,-3.240474172048439868e+03,4.807193806309645151e+04,-3.859119209244521699e+03,-2.656090323174244986e+03,2.673218044940792024e+07
3.810424646386170934e+03,1.169265385097085527e+03,-4.822500157003518666e+02,-3.018625620694959252e+03,-1.010486646131275847e+03,5.224279321521935344e+02,2.674066101507579908e+07
2.292899093178052226e+03,-1.860557501087047058e+04,2.239609395502509869e+03,-4.031051608983860933e+04,9.758397582152309042e+03,-4.915144504695076648e+03,2.680410961466518790e+07
-3.567363107242322258e+02,-9.507897845415740449e+03,3.896291364145490661e+03,-1.847981602522210596e+04,3.563547273209425839e+03,-8.613532023747673520e+03,2.683635035621069372e+07
-1.084411145293460095e+03,-1.076006820741572028e+03,9.992595097861416207e+02,-4.420169782857129235e+02,4.998763549590139519e+03,-8.350988596904071528e+03,2.683995205066480115e+07
-5.431359172000976514e+02,9.872685191166885488e+03,3.682206630020145326e+02,1.999257350337491880e+04,1.988273488041524615e+03,3.946383584205246734e+03,2.687072866593954340e+07
8.236546143499519985e+02,8.038779235890885502e+03,1.037066845945830806e+02,1.354731793683668729e+04,9.870085793401627598e+03,-3.781969830111593183e+03,2.689324212441121414e+07
1.629397949013640300e+03,8.422480021890634816e+03,2.803395130354947469e+03,1.154989518116921863e+04,6.420652073827863205e+03,-8.619241311982248590e+03,2.691764729269364104e+07
1.936784591503276033e+03,-3.347360331548709837e+03,3.332715185877034855e+03,-1.316741496518284112e+04,-6.791165098030902300e+03,-7.466045287967863260e+02,2.693943156776775420e+07
2.891918669373629882e+02,-2.596962276834539080e+04,1.241489641233510156e+03,-5.393656061564136326e+04,2.668927334326735945e+03,9.478332274036594754e+03,2.702086843265991285e+07
-2.719883376662354294e+03,-1.262984433800374973e+04,1.552184482303294772e+03,-2.120740090734916521e+04,-8.892147604162904827e+03,5.960057231729260820e+03,2.705897774576423317e+07
-3.260437101135804369e+03,-2.968410656251367072e+03,-3.337636073484630742e+03,9.383787376387981567e+02,-2.362482597307069227e+03,5.318161089492710744e+03,2.706948260833274201e+07
-2.185420212597720820e+03,1.739268864713273433e+04,-3.524914629946013974e+03,4.007550207562517608e+04,3.196188775101903957e+03,7.815118024970608531e+03,2.713266113389804214e+07
8.921614068075714385e+02,2.711472643379398505e+04,-1.922407216596765238e+03,5.293736195861756278e+04,6.921481861509630107e+03,-9.231984949645720917e+02,2.721552779091385752e+07
3.751813709300847222e+03,1.627213036896854101e+04,1.487476627895124466e+03,2.436569202844667598e+04,1.119187198716932471e+03,9.517494730509773945e+03,2.726140490364846960e+07
3.838924942009581173e+03,-1.503005051838494001e+04,3.405375206906935091e+03,-3.888635595888539683e+04,3.682531981963968065e+03,1.181488449734913956e+03,2.732256561027465761e+07
4.876644067531224209e+02,-2.804338937238164726e+04,4.666577890130737615e+03,-5.877922911694731010e+04,1.655707885110437928e+03,2.318952923407590788e+03,2.741454247106087208e+07
-2.856806491214243124e+03,-1.860337161585057402e+04,1.972652747287064813e+03,-3.297128126042657095e+04,-7.566279960099995151e+03,-3.155702818821615438e+03,2.747094658317565173e+07
-3.951953451721388774e+03,-3.692274783458482943e+03,-3.046074647639651630e+03,6.807155011468314569e+02,-7.753643521375443925e+03,-3.076473489647488350e+03,2.748231760155961663e+07
-2.839757126616357255e+03,1.451658844401209717e+04,-5.084852969013612892e+03,3.622298559796920017e+04,-4.225839655189142832e+03,-3.620854905597116158e+01,2.754098178569722921e+07
-2.348634571561717621e+01,2.327245618803700563e+04,-4.234286229673462913e+03,4.853283046163818653e+04,5.139902174818997082e+03,4.360441263526588955e+03,2.761704484492229298e+07
2.839342151877460310e+03,2.151655449159303680e+04,-1.817951845019069310e+02,3.814826693248171796e+04,-1.580625233168309933e+03,9.604481897459238098e+03,2.767973080368274823e+07
3.915567357679895849e+03,-7.375625606971290836e+03,1.515736737161345900e+03,-2.215902296929629301e+04,5.521559591840095891e+03,-1.571227015874945209e+03,2.771469675635385886e+07
1.530435833843815772e+03,-1.960177738330863576e+04,4.416643330135882934e+03,-4.300775335502386588e+04,9.335303457033558516e+03,-6.847649670608407177e+02,2.778325336625616997e+07
-1.019011319894508347e+03,-1.079712153861543629e+04,4.000542391480126753e+03,-2.134867051262705354e+04,5.014117542131249138e+03,-5.371777226410891672e+03,2.782041871201878786e+07
-1.642508184223503804e+03,1.363404744326513764e+03,1.189514784705535021e+03,4.166093583364497135e+03,5.620813090095471125e+02,6.855658425180979975e+03,2.782878023331540823e+07
-8.238136047277164380e+02,7.028684813941699758e+03,-6.364395434353665451e+02,1.435778915918470193e+04,6.725232857946550212e+03,-7.667402348064024409e+02,2.785162696043669805e+07
4.775333231436922574e+02,1.366815211566126891e+04,8.860110828824111877e+02,2.454305766214126561e+04,4.944620580253484150e+03,-2.030371087367908331e+03,2.789120171462052688e+07
1.837481206627103802e+03,5.392111373860543608e+03,1.790394715429577445e+03,4.940827793124936761e+03,-8.974035219546181906e+03,9.216271411569912743e+03,2.790516252970957011e+07
1.139950447401918609e+03,-2.240993585485558287e+04,3.494453758435705026e+02,-4.794453327797172096e+04,-8.815089256064246001e+03,3.651768881907588366e+03,2.797700639466564357e+07
-2.248264930283721696e+03,-2.724781919867967372e+04,-3.601471792293113481e+02,-4.964218943514710554e+04,-3.834462184565679308e+03,2.939902542118792553e+03,2.805650481540898234e+07
-4.355860613017246578e+03,-2.414326874430785210e+03,-2.416201089078333553e+03,4.989078908162531661e+03,-3.312946239597589738e+03,3.479588425793568604e+03,2.807068028289367259e+07
-2.682761560147944238e+03,2.318012581763514027e+04,-4.698818465574099719e+03,5.349665213193267846e+04,-8.418329533783688021e+03,9.655492313802304125e+03,2.815473864086896181e+07
8.977537833558791363e+02,2.151357980442235203e+04,-5.075137305697367992e+03,4.384963390068428271e+04,-8.938645808694727748e+03,-7.461782448465608468e+03,2.822607474566312134e+07
2.672490645240014146e+03,1.457044906071566402e+03,-2.522552898493330304e+03,5.186977626633105274e+02,9.140640161192644882e+03,-1.215205750670151247e+03,2.823324553187558800e+07
2.096907837480010130e+03,1.652296592556370342e+03,2.976592373643737574e+03,9.172880568591779138e+00,-2.360117147757976454e+03,-2.216015686931538767e+03,2.823998050155983493e+07
