,Unnamed: 0,Unnamed: 0.1,Unnamed: 0.1.1,t,x0,x1,u,L,inst_cost,ctg,path_diff
0,0.0,0.0,0.0,0.0,0.0,-1.0,-11.686177483483732,0.0,0.3076564975,5.2587778021,-2.5
1,1.0,1.0,1.0,0.1,-0.1516935091,-2.0169242392,-13.396925143270847,0.3076564975,0.7665740584,4.9511213046,-2.7969242392000004
2,2.0,2.0,2.0,0.2,-0.4084357444,-3.0998745183,14.598571345039083,1.0742305559,0.6626324806999999,4.1845472462,-3.3198745183
3,3.0,3.0,3.0,0.3,-0.6328084148,-1.4156447134,8.911753482243551,1.7368630366,0.1789139559999999,3.5219147655,-1.2356447134
4,4.0,4.0,4.0,0.4,-0.724414941,-0.4328628389,-7.379464464416351,1.9157769926,0.1474077701000002,3.3430008095000003,-0.0128628388999999
5,5.0,5.0,5.0,0.5,-0.801304224,-1.0939200024,1.201387648341182,2.0631847627,0.1704431553999996,3.1955930394,-0.5939200024
6,6.0,6.0,6.0,0.6,-0.8995930698,-0.8754923918,-12.256412043988316,2.2336279181,0.3809294690000002,3.025149884,-0.4554923918
7,7.0,7.0,7.0,0.7,-1.0421965476,-1.9585301184,-12.770794451952876,2.6145573871,0.8407244651000001,2.644220415,-1.7785301183999995
8,8.0,8.0,8.0,0.8,-1.2903530052,-2.987453106,1.947849911168845,3.4552818522,0.9648778728000004,1.8034959499,-3.207453106
9,9.0,9.0,9.0,0.9,-1.5652241346,-2.5177969854,0.9296441094630694,4.420159725,0.8386180770999996,0.8386180770999996,-3.2977969854
10,10.0,10.0,0.0,0.0,0.0,-1.0,-8.812494286220476,0.0,0.2338548981,14.324355634699998,-2.5
11,11.0,11.0,1.0,0.1,-0.1377923012,-1.7434571274,-15.938360737957025,0.2338548981,0.7394189942,14.090500736599996,-2.5234571274000004
12,12.0,12.0,2.0,0.2,-0.3808046495,-3.0942808529,-19.102208885695585,0.9732738923,1.7312199006000002,13.351081742399998,-3.3142808529
13,13.0,13.0,3.0,0.3,-0.7676695948,-4.6176367961,-11.94102467016396,2.7044937929,2.6514836781,11.6198618418,-4.4376367961000005
14,14.0,14.0,4.0,0.4,-1.2648598095,-5.3145490485,18.11452204751348,5.355977471,2.1779311973999995,8.968378163699999,-4.8945490485
15,15.0,15.0,5.0,0.5,-1.6829785354,-3.0849781178,-19.45872179025708,7.5339086684,2.061342156700001,6.7904469663,-2.5849781178
16,16.0,16.0,6.0,0.6,-2.0706830077,-4.6431458245,17.8242588486859,9.5952508251,1.9763638266999983,4.729104809599999,-4.2231458245
17,17.0,17.0,7.0,0.7,-2.426313684,-2.5050892634,12.65793298041568,11.5716146518,1.0500979730000015,2.7527409829000007,-2.3250892634
18,18.0,18.0,8.0,0.8,-2.6034726795,-1.0621369698,2.4192301248660684,12.6217126248,0.786532360499999,1.7026430098999992,-1.2821369698000002
19,19.0,19.0,9.0,0.9,-2.6928484084,-0.7308382285,17.820840358253093,13.4082449853,0.9161106494000002,0.9161106494000002,-1.5108382285000004
20,20.0,20.0,0.0,0.0,0.0,-1.0,-10.564304875113994,0.0,0.2772529442,8.947706943100002,1.2787901143999996
21,21.0,21.0,1.0,0.1,-0.1462665425,-1.910163945,-14.501469683694127,0.2772529442,0.7591852829999999,8.670453998900001,1.2787901143999996
22,22.0,22.0,2.0,0.2,-0.3981922951,-3.1083851608,-17.647343026126954,1.0364382272,1.6591086283,7.9112687159,1.2787901143999996
23,23.0,23.0,3.0,0.3,-0.7793616222,-4.4919501363,1.7601891908162024,2.6955468555,1.8599293386,6.2521600876,1.2787901143999996
24,24.0,24.0,4.0,0.4,-1.1983126897,-3.8969801497,10.96166065866434,4.5554761941,1.2751087789,4.392230749,1.2787901143999996
25,25.0,25.0,5.0,0.5,-1.5161335112,-2.4829932623,5.0551812517389365,5.830584973,0.7312194992000007,3.1171219701000004,1.2787901143999996
26,26.0,26.0,6.0,0.6,-1.7279676694,-1.765640979,15.979910992635167,6.5618044722,0.5533168661999994,2.3859024709,1.2787901143999996
27,27.0,27.0,7.0,0.7,-1.8186896467,-0.0769279025,11.124266383332971,7.1151213384,0.4185341141999998,1.8325856047,1.2787901143999996
28,28.0,28.0,8.0,0.8,-1.772197565,0.9890066543,12.230647083329018,7.5336554526,0.6099955184999999,1.4140514905000003,1.2787901143999996
29,29.0,29.0,9.0,0.9,-1.6189163169,2.0587901144,7.727331984084422,8.1436509711,0.8040559720000005,0.8040559720000005,1.2787901143999996
30,30.0,30.0,0.0,0.0,0.0,-1.0,11.106304374052137,0.0,0.0900117834,3.9130336348,-2.5
31,31.0,31.0,1.0,0.1,-0.0414367454,0.1520671828,-16.02001192054327,0.0900117834,0.1881724894999999,3.8230218514,-0.6279328172000003
32,32.0,32.0,2.0,0.2,-0.1044611376,-1.3869096171,2.6155628856841915,0.2781842729,0.1499416105,3.6348493619,-1.6069096171
33,33.0,33.0,3.0,0.3,-0.2237904716,-1.0060239945,-12.959354768830078,0.4281258834,0.3545673899999999,3.4849077514,-0.8260239945000001
34,34.0,34.0,4.0,0.4,-0.3822161289,-2.1435338141,-2.863297158043366,0.7826932734,0.5031215826000001,3.1303403614,-1.7235338141
35,35.0,35.0,5.0,0.5,-0.6000513748,-2.212028284,-5.918242450102603,1.285814856,0.6422326289,2.6272187788,-1.712028284
36,36.0,36.0,6.0,0.6,-0.8391819528,-2.564721951,6.728627020322886,1.9280474849,0.5676132298000001,1.9849861499,-2.144721951
37,37.0,37.0,7.0,0.7,-1.050698514,-1.6803426877,8.531258659637906,2.4956607147,0.3101373911,1.4173729201,-1.5003426877
38,38.0,38.0,8.0,0.8,-1.1693349663,-0.7085803694,-13.012872620677625,2.8057981058,0.4162265373,1.107235529,-0.9285803694000002
39,39.0,39.0,9.0,0.9,-1.299714018,-1.8794885798,-7.516173277248592,3.2220246431,0.6910089917,0.6910089917,-2.6594885798000005
40,40.0,40.0,0.0,0.0,0.0,-1.0,-6.54975630272447,0.0,0.1851568922,8.0615512808,-2.5
41,41.0,41.0,1.0,0.1,-0.1268464943,-1.528129136,-2.65261812975794,0.1851568922,0.2584671630999999,7.8763943886,-2.308129136
42,42.0,42.0,2.0,0.2,-0.2850990285,-1.6351384147,-13.435691710928095,0.4436240553,0.6027120691000001,7.6179272255,-1.8551384147
43,43.0,43.0,3.0,0.3,-0.5056970689,-2.7581095455,16.75701391107426,1.0463361244,0.535941287,7.0152151564,-2.5781095455000003
44,44.0,44.0,4.0,0.4,-0.6871052276,-0.9009999957,-10.030035846759429,1.5822774114,0.2928083409999999,6.4792738694,-0.4809999956999999
45,45.0,45.0,5.0,0.5,-0.8213658321,-1.7697429758,1.1688410135419147,1.8750857524,0.3483762915000001,6.1864655284,-1.2697429758
46,46.0,46.0,6.0,0.6,-0.9841250419,-1.4900996646,-18.232231531178723,2.2234620439,0.8347025483999997,5.8380892369,-1.0700996645999998
47,47.0,47.0,7.0,0.7,-1.2141236999,-3.0833241598,-15.292485651220009,3.0581645923,1.6717743597000003,5.0033866885,-2.9033241598
48,48.0,48.0,8.0,0.8,-1.581516939,-4.2451794858,1.8971080085689136,4.729938952,1.8828414823,3.3316123287999995,-4.4651794858
49,49.0,49.0,9.0,0.9,-1.976322027,-3.660663597,8.55284753587344,6.6127804343,1.4487708464999995,1.4487708464999995,-4.440663597
50,50.0,50.0,0.0,0.0,0.0,-1.0,18.03224774058588,0.0,0.1905829391,6.628375729,4.2619339784
51,51.0,51.0,1.0,0.1,-0.007933061,0.811157835,10.2410965222373,0.1905829391,0.2201257488,6.4377927899000005,4.2619339784
52,52.0,52.0,2.0,0.2,0.1187992693,1.7085351569,7.482056708309418,0.4107086879,0.4305432792999999,6.2176670411,4.2619339784
53,53.0,53.0,3.0,0.3,0.3175817299,2.2579583673,5.454114496408472,0.8412519672,0.6171608366,5.7871237618,4.2619339784
54,54.0,54.0,4.0,0.4,0.5588387766,2.5621127702,7.979362876947903,1.4584128038,0.8807211643000001,5.1699629252,4.2619339784
55,55.0,55.0,5.0,0.5,0.8412548881,3.0776329463,11.10916216955484,2.3391339681,1.3706423755,4.2892417609,4.2619339784
56,56.0,56.0,6.0,0.6,1.187870073,3.8419339784,-9.35615219376595,3.7097763436,1.2685644721,2.9185993854,4.2619339784
57,57.0,57.0,7.0,0.7,1.5082190184,2.5859698136,-12.667449991504975,4.9783408157,0.6997010254999996,1.6500349133,4.2619339784
58,58.0,58.0,8.0,0.8,1.693028838,1.1344149949,2.51629698329684,5.6780418412,0.4546895736000005,0.9503338878000004,4.2619339784
59,59.0,59.0,9.0,0.9,1.8131539495,1.2659195817,-0.088497030698992,6.1327314148,0.4956443141999997,0.4956443141999997,4.2619339784
60,60.0,60.0,0.0,0.0,0.0,-1.0,2.09652757661965,0.0,0.0754689447,11.8686598672,-2.5
61,61.0,61.0,1.0,0.1,-0.0850207989,-0.7053264434,-2.37586839726497,0.0754689447,0.0663986989,11.7931909225,-1.4853264434000002
62,62.0,62.0,2.0,0.2,-0.1636345557,-0.8642995264,-16.028024345981976,0.1418676436,0.406681285,11.7267922236,-1.0842995264
63,63.0,63.0,3.0,0.3,-0.323417782,-2.3073187347,-1.9964184286155915,0.5485489286,0.5471025943999999,11.3201109386,-2.1273187347
64,64.0,64.0,4.0,0.4,-0.5526457304,-2.2777326291,-10.440960312095768,1.095651523,0.8206354736000001,10.7730083442,-1.8577326291
65,65.0,65.0,5.0,0.5,-0.8199079505,-3.0545664402,-6.083939406391652,1.9162869966,1.1403292543,9.9523728706,-2.5545664402
66,66.0,66.0,6.0,0.6,-1.1400188434,-3.342849488,-11.531832602344508,3.0566162509,1.6450834207000002,8.8120436163,-2.922849488
67,67.0,67.0,7.0,0.7,-1.5139173729,-4.1221342187,-7.750994233131593,4.7016996716,2.1774644595999995,7.1669601956,-3.9421342187
68,68.0,68.0,8.0,0.8,-1.9436847047,-4.4674663102,-6.251250810176035,6.8791641312,2.566061191500001,4.989495736,-4.6874663102
69,69.0,69.0,9.0,0.9,-2.3990596635,-4.6372164325,5.61881686084956,9.4452253227,2.423434544499999,2.423434544499999,-5.4172164325
70,70.0,70.0,0.0,0.0,0.0,-1.0,0.5057812826038308,0.0,0.0865590942,6.6856988423,-2.5
71,71.0,71.0,1.0,0.1,-0.0927159046,-0.8567059672,-4.585380402057693,0.0865590942,0.1212107217999999,6.5991397481,-1.6367059672000002
72,72.0,72.0,2.0,0.2,-0.196423589,-1.2115363229,-13.141756369108997,0.207769816,0.4249285042999999,6.4779290263,-1.4315363229
73,73.0,73.0,3.0,0.3,-0.3752886741,-2.3468468747,-19.67733323850947,0.6326983203,1.2587832153000005,6.0530005220000005,-2.1668468747
74,74.0,74.0,4.0,0.4,-0.6938081636,-3.9960607092,6.539910025119472,1.8914815356,1.3230997583999995,4.7942173067,-3.5760607092
75,75.0,75.0,5.0,0.5,-1.0424476554,-2.9934302148,10.829099622614624,3.214581294,0.7507754242,3.4711175483,-2.4934302148
76,76.0,76.0,6.0,0.6,-1.2749254976,-1.6780424104,-17.848457868848207,3.9653567182,0.9766911367000004,2.7203421241,-1.2580424104
77,77.0,77.0,7.0,0.7,-1.520952253,-3.2168614418,17.45488162788873,4.9420478549,0.9481147211999996,1.7436509873999997,-3.0368614418
78,78.0,78.0,8.0,0.8,-1.7426407653,-1.2496847667,10.244159227213864,5.8901625761,0.4297461512999998,0.7955362662000001,-1.4696847667
79,79.0,79.0,9.0,0.9,-1.8120090961,-0.1559005132,7.692481492561033,6.3199087274,0.3657901149000002,0.3657901149000002,-0.9359005132000002
80,80.0,80.0,0.0,0.0,0.0,-1.0,15.206336027208742,0.0,0.1401639331,11.1913214814,4.4523003755
81,81.0,81.0,1.0,0.1,-0.0216031781,0.5422367808,9.701113732931384,0.1401639331,0.1505886216,11.0511575483,4.4523003755
82,82.0,82.0,2.0,0.2,0.0769258095,1.4138191665,7.781987702443839,0.2907525547,0.3325678639,10.900568926699998,4.4523003755
83,83.0,83.0,3.0,0.3,0.2491132224,2.0198305238,7.691836864173744,0.6233204186,0.5716998053000001,10.5680010628,4.4523003755
84,84.0,84.0,4.0,0.4,0.4785341441,2.5595932886,16.97017246375185,1.1950202239,1.2608377151,9.9963012575,4.4523003755
85,85.0,85.0,5.0,0.5,0.8042034714,3.9309412077,-12.863505012158818,2.455857939,1.1721065945000002,8.7354635424,4.4523003755
86,86.0,86.0,6.0,0.6,1.1160558518,2.332738326,6.562451720519832,3.6279645335,0.8208863604000003,7.563356947899999,4.4523003755
87,87.0,87.0,7.0,0.7,1.3697906435,2.7352487064,15.664683012799289,4.4488508939,1.4990238567999992,6.742470587499999,4.4523003755
88,88.0,88.0,8.0,0.8,1.7058606032,3.965647048,17.276060869178927,5.9478747507,2.660008458000001,5.2434467307,4.4523003755
89,89.0,89.0,9.0,0.9,2.1668133626,5.2323003755,-12.84236911641488,8.6078832087,2.5834382726999987,2.5834382726999987,4.4523003755
90,90.0,90.0,0.0,0.0,0.0,-1.0,-16.079950305655217,0.0,0.4463592142,8.9196635314,-2.5
91,91.0,91.0,1.0,0.1,-0.1729480245,-2.4350470061,-9.203652397216596,0.4463592142,0.8189185457,8.4733043172,-3.2150470061000003
92,92.0,92.0,2.0,0.2,-0.4491953011,-3.0791649692,3.3063960660457745,1.2652777599,0.8117623713,7.654385771499999,-3.2991649692
93,93.0,93.0,3.0,0.3,-0.7262223112,-2.4714983525,-18.58474549617105,2.0770401312,1.3267846449,6.842623400199999,-2.2914983525
94,94.0,94.0,4.0,0.4,-1.051318637,-4.0048765763,4.088476788357141,3.4038247761,1.4733921433000003,5.515838755299999,-3.5848765763
95,95.0,95.0,5.0,0.5,-1.4126553364,-3.234692198,6.641830629440651,4.8772169194,1.0329632874999994,4.042446611999999,-2.734692198
96,96.0,96.0,6.0,0.6,-1.688348014,-2.2948164575,-1.2640060735257386,5.9101802069,0.8297930811,3.0094833245,-1.8748164575
97,97.0,97.0,7.0,0.7,-1.9128435061,-2.1967215727,2.748505112007763,6.739973288,0.7950007037000004,2.1796902434,-2.0167215727
98,98.0,98.0,8.0,0.8,-2.1085938703,-1.7261206974,16.394878943290763,7.5349739917,0.7003359374999993,1.3846895396999992,-1.9461206974000005
99,99.0,99.0,9.0,0.9,-2.1935474849,-0.0016791884,-15.39514535644245,8.2353099292,0.6843536021999999,0.6843536021999999,-0.7816791884000003
100,100.0,100.0,0.0,0.0,0.0,-1.0,-16.906807251952053,0.0,0.4759575619,13.7649344228,-2.5
101,101.0,101.0,1.0,0.1,-0.1769478769,-2.5137328483,-5.374346897917306,0.4759575619,0.7284589332,13.2889768609,-3.2937328483000003
102,102.0,102.0,2.0,0.2,-0.4421591506,-2.7859562644,-8.350983016138084,1.2044164951,1.0062549277,12.5605179277,-3.0059562644
103,103.0,103.0,3.0,0.3,-0.7476751373,-3.3155385793,1.6483080459435016,2.2106714228,1.0318086493999998,11.554263,-3.1355385793000004
104,104.0,104.0,4.0,0.4,-1.0552174067,-2.8431655053,-8.086457501422121,3.2424800722,1.1400095052000006,10.5224543506,-2.4231655053
105,105.0,105.0,5.0,0.5,-1.3648980252,-3.342130637,-1.6896464705058918,4.3824895774,1.3006101069999998,9.382444845399998,-2.842130637
106,106.0,106.0,6.0,0.6,-1.6911181679,-3.1848751413,-3.6100230890574,5.6830996844,1.3775382121000002,8.0818347384,-2.7648751413
107,107.0,107.0,7.0,0.7,-2.0116617817,-3.2253338364,-14.27595362278582,7.0606378965,2.0059792484,6.704296526299999,-3.0453338364
108,108.0,108.0,8.0,0.8,-2.3876516213,-4.2769393591,-3.6823786324864174,9.0666171449,2.4893292107,4.698317277899999,-4.496939359100001
109,109.0,109.0,9.0,0.9,-2.8124699737,-4.22035887,10.235563560926272,11.5559463556,2.2089880672,2.2089880672,-5.00035887
110,110.0,110.0,0.0,0.0,0.0,-1.0,2.869117735853578,0.0,0.071561745,2.6159173966,0.7052180374
111,111.0,111.0,1.0,0.1,-0.081283462,-0.6318047645,-14.442510636944217,0.071561745,0.2896300056999999,2.5443556516,0.7052180374
112,112.0,112.0,2.0,0.2,-0.2112720988,-1.9460671913,4.747037993264858,0.3611917507,0.2869146591,2.2547256459,0.7052180374
113,113.0,113.0,3.0,0.3,-0.3735015624,-1.3091339284,15.444845656398684,0.6481064098,0.1822945038,1.9678109868,0.7052180374
114,114.0,114.0,4.0,0.4,-0.4233689625,0.2852180374,-1.646516476301187,0.8304009136,0.0223138405999999,1.785516483,0.7052180374
115,115.0,115.0,5.0,0.5,-0.4041915792,0.1013890065,-19.52840036706712,0.8527147542,0.3103411309999999,1.7632026424,0.7052180374
116,116.0,116.0,6.0,0.6,-0.4890101395,-1.76663247,-5.99723202468506,1.1630558852,0.4423852347000001,1.4528615114,0.7052180374
117,117.0,117.0,7.0,0.7,-0.6861385995,-2.1692272124,1.7435837450480136,1.6054411199,0.4571508984000001,1.0104762767,0.7052180374
118,118.0,118.0,8.0,0.8,-0.8841333793,-1.7968740581,4.00247878717256,2.0625920183,0.3337058311999996,0.5533253782999998,0.7052180374
119,119.0,119.0,9.0,0.9,-1.0357671243,-1.2449924344,6.239721271951378,2.3962978495,0.2196195471000002,0.2196195471000002,0.7052180374
120,120.0,120.0,0.0,0.0,0.0,-1.0,-16.09592450670405,0.0,0.4469205415,9.4068159068,-2.5
121,121.0,121.0,1.0,0.1,-0.1730252984,-2.4365671523,7.826977389616726,0.4469205415,0.4230224924999999,8.9598953653,-3.2165671523
122,122.0,122.0,2.0,0.2,-0.3670330066,-1.4598617051,6.70019029487402,0.869943034,0.1592263487999999,8.5368728728,-1.6798617051
123,123.0,123.0,3.0,0.3,-0.4735456144,-0.6833300678,-2.713327180304592,1.0291693828,0.0912350216999999,8.377646524,-0.5033300678000001
124,124.0,124.0,4.0,0.4,-0.5516985822,-0.876509818,-17.74268332077973,1.1204044045,0.5043369684000001,8.2864115023,-0.456509818
125,125.0,125.0,5.0,0.5,-0.7209382436,-2.4815384888,-15.850167701722103,1.6247413729,1.1936283781,7.782074533899999,-1.9815384888
126,126.0,126.0,6.0,0.6,-1.0337617216,-3.7537317809,10.286772283865504,2.818369751,1.1575157468999997,6.5884461558,-3.3337317809
127,127.0,127.0,7.0,0.7,-1.3412151319,-2.4176011422,-14.473030387980558,3.9758854979,1.2364558308000002,5.4309304089,-2.2376011422
128,128.0,128.0,8.0,0.8,-1.6412924078,-3.5648269051,-10.119595021169856,5.2123413287,1.8975828153,4.1944745781,-3.7848269051
129,129.0,129.0,9.0,0.9,-2.029483336,-4.188595479,-4.860801219785618,7.109924144,2.2968917628000005,2.2968917628000005,-4.968595479
130,130.0,130.0,0.0,0.0,0.0,-1.0,-16.954602678043862,0.0,0.4777023275,10.812026497099998,-2.5
131,131.0,131.0,1.0,0.1,-0.1771790832,-2.5182811846,-19.1748594986557,0.4777023275,1.3215158276,10.3343241696,-3.2982811846000004
132,132.0,132.0,2.0,0.2,-0.5095820189,-4.1033641987,5.76236756630934,1.7992181551,1.3887392978000002,9.012808342,-4.323364198699999
133,133.0,133.0,3.0,0.3,-0.8721938972,-3.1645155639,-7.084908694654626,3.1879574529,1.2597349842999996,7.6240690442,-2.9845155639000005
134,134.0,134.0,4.0,0.4,-1.2076096349,-3.5375906956,7.257860489949863,4.4476924372,1.1319988482000003,6.3643340599,-3.1175906956
135,135.0,135.0,5.0,0.5,-1.5091469447,-2.5102673368,-13.685300124066888,5.5796912854,1.3077938666,5.2323352117,-2.0102673368
136,136.0,136.0,6.0,0.6,-1.8142320006,-3.5737122933,1.569176317506301,6.887485152,1.5035032823000003,3.9245413451,-3.1537122933
137,137.0,137.0,7.0,0.7,-2.1467249051,-3.084301757,17.117074439412193,8.3909884343,1.1360566419999998,2.4210380627999992,-2.904301757
138,138.0,138.0,8.0,0.8,-2.3574325487,-1.1618866695,12.639409979743242,9.5270450763,0.6913799136000005,1.2849814207999994,-1.3818866695000005
139,139.0,139.0,9.0,0.9,-2.406858509,0.1514802887,-4.7900329944835605,10.2184249899,0.5936015071999989,0.5936015071999989,-0.6285197113000003
140,140.0,140.0,0.0,0.0,0.0,-1.0,3.3676963348079667,0.0,0.0695533227,6.0644779341,0.4971888280999998
141,141.0,141.0,1.0,0.1,-0.0788716251,-0.5843587414,5.97294264262996,0.0695533227,0.0291752963999999,5.9949246114,0.4971888280999998
142,142.0,142.0,2.0,0.2,-0.1055870949,0.0396509926,2.956110654205343,0.0987286191,0.0092576649999999,5.965749315,0.4971888280999998
143,143.0,143.0,3.0,0.3,-0.0875138649,0.3171888281,-7.417821165914802,0.1079862841,0.0330618739,5.95649165,0.4971888280999998
144,144.0,144.0,4.0,0.4,-0.093212447,-0.4188947064,-4.516053817489887,0.141048158,0.0510358623999999,5.9234297761,0.4971888280999998
145,145.0,145.0,5.0,0.5,-0.1549215897,-0.8087909455,-14.352799134939165,0.1920840204,0.3360711235999999,5.8723939137,0.4971888280999998
146,146.0,146.0,6.0,0.6,-0.3013187108,-2.0976737378,-12.720959681894628,0.528155144,0.7899585285,5.5363227901,0.4971888280999998
147,147.0,147.0,7.0,0.7,-0.5624753561,-3.1086130607,-0.4407473651286224,1.3181136725,0.9400663284,4.7463642616,0.4971888280999998
148,148.0,148.0,8.0,0.8,-0.8604310534,-2.8547321,-18.063910801581056,2.2581800009,1.5764841244,3.8062979332,0.4971888280999998
149,149.0,149.0,9.0,0.9,-1.2194773978,-4.3020768358,-7.609820166762788,3.8346641253,2.2298138088000004,2.2298138088000004,0.4971888280999998
150,150.0,150.0,0.0,0.0,0.0,-1.0,15.051909163714484,0.0,0.1377814665,3.1575601096,-2.5
151,151.0,151.0,1.0,0.1,-0.0223502054,0.5275411217,-18.148383631728265,0.1377814665,0.205214668,3.0197786431,-0.2524588783000001
152,152.0,152.0,2.0,0.2,-0.0599393435,-1.2497081033,-12.712075604669,0.3429961345,0.4184853644999999,2.8145639751,-1.4697081033
153,153.0,153.0,3.0,0.3,-0.2403584074,-2.3404965998,12.37855171830786,0.761481499,0.3694962478,2.3960786106,-2.1604965998
154,154.0,154.0,4.0,0.4,-0.4032058774,-0.939793958,-6.254481382730713,1.1309777468,0.1861168145,2.0265823628,-0.519793958
155,155.0,155.0,5.0,0.5,-0.5228946587,-1.445553315,1.0148554653187745,1.3170945613,0.2120342758,1.8404655483,-0.945553315
156,156.0,156.0,6.0,0.6,-0.6555479372,-1.2114144899,6.240791917995395,1.5291288371,0.1456913327,1.6284312725,-0.7914144898999999
157,157.0,157.0,7.0,0.7,-0.7406399258,-0.5022433096,-14.385582776623204,1.6748201698,0.3180721311999999,1.4827399398,-0.3222433095999998
158,158.0,158.0,8.0,0.8,-0.8580236487,-1.8234178643,-3.92487090499008,1.992892301,0.4696829723000002,1.1646678086,-2.0434178643000003
159,159.0,159.0,9.0,0.9,-1.0505310597,-2.0233975438,-7.687558763302604,2.4625752733,0.6949848362999997,0.6949848362999997,-2.8033975438
160,160.0,160.0,0.0,0.0,0.0,-1.0,5.505765450040272,0.0,0.0655072543,6.0861943607,-2.5
161,161.0,161.0,1.0,0.1,-0.0685288908,-0.3808945642,-2.404900490864528,0.0655072543,0.0269709947,6.0206871064000005,-1.1608945642000004
162,162.0,162.0,2.0,0.2,-0.1164093137,-0.5735041904,-8.00741921443402,0.092478249,0.1258431431,5.9937161117,-0.7935041904
163,163.0,163.0,3.0,0.3,-0.2097206831,-1.2809347424,-8.338109847361048,0.2183213921,0.310068539,5.8678729686,-1.1009347424
164,164.0,164.0,4.0,0.4,-0.3719526636,-1.9525137467,1.1946617914120985,0.5283899311,0.3474027151,5.5578044296,-1.5325137466999998
165,165.0,165.0,5.0,0.5,-0.5519799417,-1.6530202894,-8.5473804708182,0.8757926462,0.4767853687,5.2104017145,-1.1530202894
166,166.0,166.0,6.0,0.6,-0.7506328737,-2.3091054045,1.6972107181472609,1.3525780149,0.5243600850000001,4.7336163458,-1.8891054045
167,167.0,167.0,7.0,0.7,-0.9621631628,-1.9278540436,-17.9242471066225,1.8769380999,1.0280865002,4.2092562608,-1.7478540436
168,168.0,168.0,8.0,0.8,-1.2323297897,-3.4501121273,-0.5780631363807345,2.9050246001,1.2941533730000003,3.1811697606000005,-3.6701121273
169,169.0,169.0,9.0,0.9,-1.5634483784,-3.1767998523,-15.995464732808331,4.1991779731,1.8870163876,1.8870163876,-3.9567998523
170,170.0,170.0,0.0,0.0,0.0,-1.0,-5.839798947509717,0.0,0.1715867657,1.5360706885,2.1047445337
171,171.0,171.0,1.0,0.1,-0.1234121336,-1.4605677611,14.37329757383842,0.1715867657,0.1734194582,1.3644839228,2.1047445337
172,172.0,172.0,2.0,0.2,-0.1928738862,0.0462237488,7.886925593978038,0.3450062239,0.0570248855999999,1.1910644646,2.1047445337
173,173.0,173.0,3.0,0.3,-0.1503228021,0.7923652241,-0.9908511201947832,0.4020311095,0.0519209113,1.134039579,2.1047445337
174,174.0,174.0,4.0,0.4,-0.0797124534,0.6226697634,10.94263704269182,0.4539520208,0.1939785148,1.0821186677,2.1047445337
175,175.0,175.0,5.0,0.5,0.0324764806,1.6047445337,-15.475395142500572,0.6479305356,0.2031423133,0.8881401528999999,2.1047445337
176,176.0,176.0,6.0,0.6,0.1103272379,-0.0206457378,18.01491975381708,0.8510728489,0.2613529041999999,0.6849978395999999,2.1047445337
177,177.0,177.0,7.0,0.7,0.195508267,1.6956652084,-10.103503003860377,1.1124257531,0.1950071327,0.4236449354,2.1047445337
178,178.0,178.0,8.0,0.8,0.3079972778,0.5728258972,6.890837264808173,1.3074328858,0.1160202809999999,0.2286378027,2.1047445337
179,179.0,179.0,9.0,0.9,0.3958427343,1.1740641673,-8.590653221887026,1.4234531668,0.1126175217,0.1126175217,2.1047445337
180,180.0,180.0,0.0,0.0,0.0,-1.0,-4.338012125962173,0.0,0.1455718362,11.174523900300004,-2.5
181,181.0,181.0,1.0,0.1,-0.1161473645,-1.3176538481,-10.39455066740098,0.1455718362,0.3729860726999999,11.028952064100004,-2.0976538481
182,182.0,182.0,2.0,0.2,-0.2918214443,-2.181434835,2.4631046840663373,0.5185579089,0.403344346,10.655965991400004,-2.401434835
183,183.0,183.0,3.0,0.3,-0.4874974488,-1.7394483621,7.201349775152586,0.9219022549,0.2342696996,10.252621645400003,-1.5594483621000002
184,184.0,184.0,4.0,0.4,-0.6181920015,-0.8886188319,-14.46335720130216,1.1561719545,0.4043733578999999,10.018351945800005,-0.4686188319
185,185.0,185.0,5.0,0.5,-0.7727204893,-2.1804260643,-12.635862349128706,1.5605453124,0.8910232786000001,9.613978587900002,-1.6804260643000002
186,186.0,186.0,6.0,0.6,-1.0413404083,-3.1753923802,3.738316959170941,2.451568591,0.959702349,8.722955309300001,-2.7553923802
187,187.0,187.0,7.0,0.7,-1.3254351092,-2.5174659834,-18.068710455898746,3.41127094,1.4695358878999998,7.763252960300001,-2.3374659834
188,188.0,188.0,8.0,0.8,-1.6524095621,-3.9973625761,-16.64107100040148,4.8808068279,2.6273274316000004,6.293717072400001,-4.2173625761
189,189.0,189.0,9.0,0.9,-2.1133087387,-5.2005704994,-11.435972707484066,7.5081342595,3.6663896408,3.6663896408,-5.980570499400001
190,190.0,190.0,0.0,0.0,0.0,-1.0,-0.358120390236941,0.0,0.0942994384,7.751182697600002,-2.5
191,191.0,191.0,1.0,0.1,-0.0968949596,-0.9389170794,-11.41298623544757,0.0942994384,0.2851434137,7.656883259200002,-1.7189170794000002
192,192.0,192.0,2.0,0.2,-0.2414541165,-1.935656546,2.138578389387145,0.3794428521,0.3170510778,7.371739845500001,-2.155656546
193,193.0,193.0,3.0,0.3,-0.4153110628,-1.5479417608,-13.600671412945092,0.6964939299,0.5841848459,7.054688767700001,-1.3679417608
194,194.0,194.0,4.0,0.4,-0.6284093217,-2.6949106432,9.708635565810194,1.2806787758,0.5531668532,6.470503921800001,-2.2749106432
195,195.0,195.0,5.0,0.5,-0.8378992621,-1.5145571463,-6.784710018554531,1.833845629,0.4235291030000001,5.9173370686,-1.0145571463
196,196.0,196.0,6.0,0.6,-1.0148488915,-2.0160785187,3.896535959041614,2.257374732,0.4321266629,5.4938079656,-1.5960785187000002
197,197.0,197.0,7.0,0.7,-1.1878552085,-1.4534186058,-19.68207472366094,2.6895013949,0.9310085056,5.0616813027,-1.2734186058
198,198.0,198.0,8.0,0.8,-1.4213764569,-3.1881048298,-14.141131242347132,3.6205099005,1.7480530710000002,4.1306727971,-3.4081048298
199,199.0,199.0,9.0,0.9,-1.7931713206,-4.2304230903,-7.929020755061899,5.3685629715,2.3826197261,2.3826197261,-5.010423090300001
200,200.0,200.0,0.0,0.0,0.0,-1.0,18.052648779055183,0.0,0.1909939592,5.7883898596,3.9625778432
201,201.0,201.0,1.0,0.1,-0.0078343726,0.8130992505,15.540091712333506,0.1909939592,0.3703476844999999,5.5973959004,3.9625778432
202,202.0,202.0,2.0,0.2,0.1447161768,2.2145578724,-7.938172004628999,0.5613416437,0.3422634377,5.2270482159,3.9625778432
203,203.0,203.0,3.0,0.3,0.3170590043,1.2483978443,5.7828449306338605,0.9036050814,0.2488452598,4.8847847782,3.9625778432
204,204.0,204.0,4.0,0.4,0.4638338333,1.6799075085,4.460268237962112,1.1524503412,0.3705251676000001,4.6359395184,3.9625778432
205,205.0,205.0,5.0,0.5,0.6452735374,1.9444946282,18.73768337515991,1.5229755088,1.0167488347,4.2654143508,3.9625778432
206,206.0,206.0,6.0,0.6,0.9209586599,3.5425778432,-13.40156931916757,2.5397243435,0.9681159843999998,3.2486655160999995,3.9625778432
207,207.0,207.0,7.0,0.7,1.1932505534,1.9301290177,6.528417783084535,3.5078403279,0.6549297939000005,2.2805495317,3.9625778432
208,208.0,208.0,8.0,0.8,1.408507149,2.3677142005,-6.569928290140821,4.1627701218,0.6312160799999997,1.6256197377999992,3.9625778432
209,209.0,209.0,9.0,0.9,1.6020437565,1.5171847639,17.655732919721856,4.7939862018,0.9944036577999996,0.9944036577999996,3.9625778432
210,210.0,210.0,0.0,0.0,0.0,-1.0,3.797777688823541,0.0,0.068144683,8.021696218700002,-2.5
211,211.0,211.0,1.0,0.1,-0.0767911466,-0.5434310845,-9.664248884573803,0.068144683,0.1514214018,7.953551535700002,-1.3234310845
212,212.0,212.0,2.0,0.2,-0.1752554617,-1.4113916579,3.0718456925641178,0.2195660848,0.1547324201,7.802130133900001,-1.6313916579
213,213.0,213.0,3.0,0.3,-0.2947074267,-0.9847551236,3.161783655553186,0.3742985049,0.0792110187999999,7.647397713800001,-0.8047551236
214,214.0,214.0,4.0,0.4,-0.3731244843,-0.5901597004,-6.661858181303355,0.4535095237,0.1201765749,7.568186695000001,-0.1701597003999999
215,215.0,215.0,5.0,0.5,-0.4615117992,-1.1679582037,-5.520554069426794,0.5736860986,0.2346269235,7.448010120100001,-0.6679582037
216,216.0,216.0,6.0,0.6,-0.5993629501,-1.5821624597,-7.254196937119746,0.8083130221,0.4209937010999999,7.213383196600001,-1.1621624596999998
217,217.0,217.0,7.0,0.7,-0.7850172043,-2.1219278993,-18.07412057873065,1.2293067232,1.1046305722000005,6.792389495500001,-1.9419278993
218,218.0,218.0,8.0,0.8,-1.0743774042,-3.6399797572,-19.551753457419625,2.3339372954,2.3208238549999995,5.6877589233000005,-3.8599797572
219,219.0,219.0,9.0,0.9,-1.5153472907,-5.1541852164,-11.42121700128596,4.6547611504,3.366935068300001,3.366935068300001,-5.9341852164
220,220.0,220.0,0.0,0.0,0.0,-1.0,6.008867382077774,0.0,0.0656314659,5.4101929695,-2.5
221,221.0,221.0,1.0,0.1,-0.066095177,-0.3330180848,-9.645454518671915,0.0656314659,0.1154589465,5.3445615036,-1.1130180848000002
222,222.0,222.0,2.0,0.2,-0.1444451168,-1.2192135969,-11.978628869532017,0.1810904124,0.3883542072,5.229102557099999,-1.4392135969
223,223.0,223.0,3.0,0.3,-0.3184142628,-2.2431073379,6.481458942421206,0.5694446196,0.3759900301,4.840748349899999,-2.0631073379
224,224.0,224.0,4.0,0.4,-0.5005206246,-1.4128550817,-15.64546551948737,0.9454346497,0.6149313808,4.4647583198,-0.9928550817
225,225.0,225.0,5.0,0.5,-0.7106552041,-2.7672670543,14.62540814799705,1.5603660305,0.5683625331000002,3.849826939,-2.2672670543
226,226.0,226.0,6.0,0.6,-0.9032462991,-1.1121351444,-7.920751651987601,2.1287285636,0.3369061216999998,3.2814644058999995,-0.6921351444
227,227.0,227.0,7.0,0.7,-1.047395961,-1.7600606478,-18.78053315495874,2.4656346853,1.0014484699,2.9445582842,-1.5800606478
228,228.0,228.0,8.0,0.8,-1.3057371704,-3.3797727538,4.244093087259433,3.4670831552,1.1345783494,1.9431098143,-3.5997727538000004
229,229.0,229.0,9.0,0.9,-1.6068345624,-2.6542660531,6.923647882042118,4.6016615046,0.8085314648999997,0.8085314648999997,-3.4342660531000004
230,230.0,230.0,0.0,0.0,0.0,-1.0,-2.794619066846625,0.0,0.1226427642,7.7620963536,3.9133418278
231,231.0,231.0,1.0,0.1,-0.1086813555,-1.1707805512,0.0553498478867737,0.1226427642,0.126483825,7.6394535894,3.9133418278
232,232.0,232.0,2.0,0.2,-0.2198281026,-1.0540988193,17.90810949194445,0.2491265892,0.1952013735999999,7.5129697644,3.9133418278
233,233.0,233.0,3.0,0.3,-0.2335098616,0.7503938889,13.434911096936029,0.4443279628,0.2916723871,7.3177683908,3.9133418278
234,234.0,234.0,4.0,0.4,-0.0971102436,1.9574853806,6.467751910288779,0.7360003499,0.496205747,7.0260960037,3.9133418278
235,235.0,235.0,5.0,0.5,0.1204561791,2.3866941489,14.0157153411635,1.2322060969,0.9856444785,6.5298902567,3.9133418278
236,236.0,236.0,6.0,0.6,0.4153800343,3.4933418278,2.7822967522296693,2.2178505754,1.236023974,5.5442457782,3.9133418278
237,237.0,237.0,7.0,0.7,0.7612747854,3.425676752,3.879754637641465,3.4538745494,1.2842629034000002,4.3082218042,3.9133418278
238,238.0,238.0,8.0,0.8,1.1060389999,3.4688880013,3.2626962016565244,4.7381374528,1.3663619086,3.0239589007999994,3.9133418278
239,239.0,239.0,9.0,0.9,1.4519304311,3.4492661902,8.22663161510993,6.1044993614,1.6575969921999991,1.6575969921999991,3.9133418278
240,240.0,240.0,0.0,0.0,0.0,-1.0,-4.809993175843875,0.0,0.1533541222,8.0804170598,-2.5
241,241.0,241.0,1.0,0.1,-0.1184305345,-1.3625687831,-0.1600601568771331,0.1533541222,0.1738179888,7.9270629376,-2.1425687831
242,242.0,242.0,2.0,0.2,-0.2488704856,-1.2481348477,0.8470183158356335,0.327172111,0.1417912283,7.7532449488,-1.4681348477
243,243.0,243.0,3.0,0.3,-0.3635490881,-1.0487544136,-15.777211257099882,0.4689633393,0.4706384013,7.6114537205,-0.8687544136
244,244.0,244.0,4.0,0.4,-0.5396722278,-2.4503523996,-4.034648750690586,0.9396017406,0.6916224213000001,7.1408153192,-2.0303523996
245,245.0,245.0,5.0,0.5,-0.7923715242,-2.6011179783,13.92161302977776,1.6312241619,0.5226486207000001,6.4491928979,-2.1011179783
246,246.0,246.0,6.0,0.6,-0.9725560354,-1.0287721641,-16.262694237426185,2.1538727826,0.5717760773,5.9265442772,-0.6087721641
247,247.0,247.0,7.0,0.7,-1.1491259793,-2.4784716439,-11.992209146008266,2.7256488599,1.1090735858,5.3547681999,-2.2984716439
248,248.0,248.0,8.0,0.8,-1.4429950779,-3.3838234599,-14.209393050600628,3.8347224457,1.9035462704,4.2456946141,-3.6038234599
249,249.0,249.0,9.0,0.9,-1.8337452453,-4.4140125976,-3.572881928820326,5.7382687161,2.3421483437,2.3421483437,-5.1940125976
250,250.0,250.0,0.0,0.0,0.0,-1.0,5.84642656356861,0.0,0.065546494,3.2193180632,-2.5
251,251.0,251.0,1.0,0.1,-0.0668809707,-0.348476373,3.764811060901433,0.065546494,0.0112030035,3.1537715692,-1.1284763730000005
252,252.0,252.0,2.0,0.2,-0.0818309171,0.0429546796,-3.525349250038396,0.0767494975,0.0095883472999999,3.1425685657,-0.1770453203999999
253,253.0,253.0,3.0,0.3,-0.0947968116,-0.2966143509,-7.574102940704988,0.0863378448,0.0762663067,3.1329802184,-0.1166143509
254,254.0,254.0,4.0,0.4,-0.1596624958,-0.9891589608,-6.026907518529692,0.1626041515,0.1769196249,3.0567139117,-0.5691589608
255,255.0,255.0,5.0,0.5,-0.2829480885,-1.4685641199,-19.35574914761276,0.3395237764,0.7714636709000001,2.8797942868,-0.9685641199
256,256.0,256.0,6.0,0.6,-0.5163322826,-3.1707548407,-0.3708550632660916,1.1109874473,0.9676712869999996,2.1083306159,-2.7507548407
257,257.0,257.0,7.0,0.7,-0.8198634618,-2.9043091678,18.05002409646973,2.0786587343,0.6404766393000001,1.1406593289,-2.7243091678
258,258.0,258.0,8.0,0.8,-1.0089295984,-0.9102406215,-5.101828374174872,2.7191353736,0.2509469722999999,0.5001826895999999,-1.1302406215
259,259.0,259.0,9.0,0.9,-1.1202301711,-1.3091228863,7.713816881804206,2.9700823459,0.2492357172999999,0.2492357172999999,-2.0891228863
260,260.0,260.0,0.0,0.0,0.0,-1.0,-18.20586498802144,0.0,0.5246961625,5.1661270083,2.4015957474
261,261.0,261.0,1.0,0.1,-0.1832319617,-2.6373545371,6.498174775963573,0.5246961625,0.518818585,4.6414308458,2.4015957474
262,262.0,262.0,2.0,0.2,-0.4027750492,-1.767993972,-0.9337376845845072,1.0435147475,0.3232044541000001,4.1226122608,2.4015957474
263,263.0,263.0,3.0,0.3,-0.5755389519,-1.6886038377,-11.078409692995676,1.3667192016,0.5731670163,3.799407806700001,2.4015957474
264,264.0,264.0,4.0,0.4,-0.7898217493,-2.5821620096,5.880531486391174,1.9398862179,0.5771259185,3.2262407904000003,2.4015957474
265,265.0,265.0,5.0,0.5,-1.0071005396,-1.7768300707,11.576254057535994,2.5170121364,0.3238526653,2.6491148719,2.4015957474
266,266.0,266.0,6.0,0.6,-1.1201890956,-0.506116109,18.375497391358586,2.8408648017,0.3366106312000001,2.3252622066,2.4015957474
267,267.0,267.0,7.0,0.7,-1.0794624688,1.2907070033,15.276124786565733,3.1774754329,0.6172188108999999,1.9886515754,2.4015957474
268,268.0,268.0,8.0,0.8,-0.8827387342,2.6215957474,4.777527376438847,3.7946942438,0.8114069996000004,1.3714327645000002,2.4015957474
269,269.0,269.0,9.0,0.9,-0.6101510091,2.8267607599,-11.71848450227702,4.6061012434,0.5600257648999998,0.5600257648999998,2.4015957474
270,270.0,270.0,0.0,0.0,0.0,-1.0,-13.651935731900997,0.0,0.3658458863,7.4203173207,-2.5
271,271.0,271.0,1.0,0.1,-0.1612027033,-2.2039908699,3.128651339689629,0.3658458863,0.3929609323,7.0544714344,-2.9839908699000004
272,272.0,272.0,2.0,0.2,-0.3558055682,-1.696522871,-15.275700010195798,0.7588068186,0.7063120552000001,6.6615105021,-1.916522871
273,273.0,273.0,3.0,0.3,-0.591146004,-2.9887524362,-10.44205252556794,1.4651188738,1.2380895837,5.9551984469,-2.8087524362
274,274.0,274.0,4.0,0.4,-0.9260754892,-3.6980282036,14.702753377554115,2.7032084575,1.0395932976999998,4.7171088632,-3.2780282036
275,275.0,275.0,5.0,0.5,-1.2068660699,-1.9469622852,-15.379438657699303,3.7428017552,0.9825918083,3.6775155655,-1.4469622852
276,276.0,276.0,6.0,0.6,-1.46654083,-3.2252313908,8.331672635540475,4.7253935635,1.0151303340000002,2.6949237572,-2.8052313908
277,277.0,277.0,7.0,0.7,-1.7331586845,-2.1254462728,7.315002721898107,5.7405238975,0.6449092649999999,1.6797934231999996,-1.9454462728
278,278.0,278.0,8.0,0.8,-1.9000358234,-1.2270688616,17.099132947818646,6.3854331625,0.5562433349999996,1.0348841581999997,-1.4470688616000005
279,279.0,279.0,9.0,0.9,-1.9340911978,0.5168998075,-13.341800425935997,6.9416764975,0.4786408232000001,0.4786408232000001,-0.2631001925000003
280,280.0,280.0,0.0,0.0,0.0,-1.0,-1.3437890446873126,0.0,0.1046073856,2.7650843715,-2.5
281,281.0,281.0,1.0,0.1,-0.1016630614,-1.0327158431,5.019286722439517,0.1046073856,0.0722177525,2.6604769859,-1.8127158431000003
282,282.0,282.0,2.0,0.2,-0.1756585812,-0.4567916511,-0.1460061567092907,0.1768251381,0.0234692787,2.5882592334,-0.6767916511
283,283.0,283.0,3.0,0.3,-0.219834348,-0.4272164998,-11.20537611075681,0.2002944168,0.1683001674,2.5647899547,-0.2472164998
284,284.0,284.0,4.0,0.4,-0.3146944543,-1.4528940047,-13.970457063456664,0.3685945842,0.5500965484,2.3964897873,-1.0328940047
285,285.0,285.0,5.0,0.5,-0.52053653,-2.6440976353,4.373568303299251,0.9186911326,0.5859821976999999,1.8463932389,-2.1440976353
286,286.0,286.0,6.0,0.6,-0.7509989074,-1.9762784276,-4.118654455829631,1.5046733303,0.5146100786999999,1.2604110412,-1.5562784276
287,287.0,287.0,7.0,0.7,-0.9589894014,-2.1801533792,17.840430942034345,2.019283409,0.4435396200000001,0.7458009625000002,-2.0001533792
288,288.0,288.0,8.0,0.8,-1.0801568181,-0.2749428682,2.870695506914452,2.462823029,0.1249250923000002,0.3022613425,-0.4949428682000002
289,289.0,289.0,9.0,0.9,-1.0924348485,0.0244047129,8.559760291203688,2.5877481213,0.1773362501999997,0.1773362501999997,-0.7555952871000002
290,290.0,290.0,0.0,0.0,0.0,-1.0,14.454079175774538,0.0,0.1289225112,3.0519651987,2.6876487236
291,291.0,291.0,1.0,0.1,-0.025242159,0.4706500766,14.127262345979233,0.1289225112,0.2419924982,2.9230426875,2.6876487236
292,292.0,292.0,2.0,0.2,0.0878855848,1.7702485674,9.519094198880827,0.3709150094,0.5139359403,2.6810501893,2.6876487236
293,293.0,293.0,3.0,0.3,0.3023948485,2.5076487236,-9.169557888802393,0.8848509497,0.4467923991999999,2.167114249,2.6876487236
294,294.0,294.0,4.0,0.4,0.4966721908,1.3964155924,-13.78809201381738,1.3316433489,0.1856552604000001,1.7203218498,2.6876487236
295,295.0,295.0,5.0,0.5,0.5628599382,-0.0485813564,4.865141299529782,1.5172986093,0.0495449611,1.5346665894,2.6876487236
296,296.0,296.0,6.0,0.6,0.5817715125,0.4190211993,-5.91669085966954,1.5668435704,0.0569031345999999,1.4851216283,2.6876487236
297,297.0,297.0,7.0,0.7,0.5930256226,-0.1839019968,11.225507333445734,1.623746705,0.1226748354,1.4282184937,2.6876487236
298,298.0,298.0,8.0,0.8,0.6298273796,0.9018469795,19.61465873336644,1.7464215404,0.5953640648,1.3055436583,2.6876487236
299,299.0,299.0,9.0,0.9,0.8105337585,2.6826064739,-1.3169627438054263,2.3417856052,0.7101795934999999,0.7101795934999999,2.6876487236
300,300.0,300.0,0.0,0.0,0.0,-1.0,-7.554973626144372,0.0,0.2057670934,6.5625976375,-2.5
301,301.0,301.0,1.0,0.1,-0.1317091483,-1.6237882144,15.50272952444005,0.2057670934,0.2090314299,6.356830544099999,-2.4037882144000005
302,302.0,302.0,2.0,0.2,-0.2112398461,0.0060154359,-17.292900014699526,0.4147985233,0.2469031150999999,6.1477991142,-0.2139845641
303,303.0,303.0,3.0,0.3,-0.2943203807,-1.6401940309,2.8897838353627883,0.6617016384,0.2214463061,5.900895999099999,-1.4601940309
304,304.0,304.0,4.0,0.4,-0.4364263782,-1.2091096499,-11.486570125716252,0.8831479445,0.3916988279999999,5.679449693,-0.7891096499
305,305.0,305.0,5.0,0.5,-0.6070537143,-2.1871393263,-10.516368712133954,1.2748467725,0.7852149745999999,5.287750865,-1.6871393263
306,306.0,306.0,6.0,0.6,-0.8660596259,-2.979770286,2.7256296329597696,2.0600617471,0.8389761427000004,4.5025358904,-2.559770286
307,307.0,307.0,7.0,0.7,-1.1364372269,-2.4368297217,-14.506125934464595,2.8990378898,1.1927149797999994,3.6635597477,-2.2568297217
308,308.0,308.0,8.0,0.8,-1.4385044311,-3.585375111,1.057870616319498,4.0917528696,1.3918774615,2.4708447679,-3.805375111
309,309.0,309.0,9.0,0.9,-1.7745805761,-3.1435119043,8.475390210902056,5.4836303311,1.0789673064,1.0789673064,-3.9235119043
310,310.0,310.0,0.0,0.0,0.0,-1.0,-16.056908018227123,0.0,0.4455502453,10.2322909669,-2.5
311,311.0,311.0,1.0,0.1,-0.1728365593,-2.4328542425,5.800920478380913,0.4455502453,0.4441272981999999,9.7867407216,-3.2128542425
312,312.0,312.0,2.0,0.2,-0.3762917808,-1.6493069732,-11.548021338127104,0.8896775435,0.5499008537000001,9.3426134234,-1.8693069732
313,313.0,313.0,3.0,0.3,-0.5891066842,-2.5912942036,-16.971786191629814,1.4395783972,1.2959888146999998,8.7927125697,-2.4112942036
314,314.0,314.0,4.0,0.4,-0.9178005401,-3.9597789669,14.89880392267692,2.7355672119,1.1850794700000002,7.496723755000001,-3.5397789669
315,315.0,315.0,5.0,0.5,-1.222551608,-2.1651475067,-14.20584373666431,3.9206466819,1.0497577962999998,6.311644285000001,-1.6651475067
316,316.0,316.0,6.0,0.6,-1.4973122905,-3.3109711979,-3.234213996502312,4.9704044782,1.3764248815000002,5.261886488700001,-2.8909711979
317,317.0,317.0,7.0,0.7,-1.82803816,-3.303666728,3.4180613899902177,6.3468293597,1.2900873051,3.8854616072000008,-3.123666728
318,318.0,318.0,8.0,0.8,-2.1258891759,-2.6640095732,-1.2915656185451,7.6369166648,1.185646360699999,2.5953743021000006,-2.8840095732
319,319.0,319.0,9.0,0.9,-2.3856513763,-2.5334039345,-6.77945068118607,8.8225630255,1.4097279414000017,1.4097279414000017,-3.3134039345
320,320.0,320.0,0.0,0.0,0.0,-1.0,-13.244948724916783,0.0,0.3532846345,6.2015836675,0.4178423837000001
321,321.0,321.0,1.0,0.1,-0.1592339371,-2.1652609354,-12.692690553980114,0.3532846345,0.8129168471999999,5.848299033,0.4178423837000001
322,322.0,322.0,2.0,0.2,-0.4266856015,-3.1670783264,5.360967782425004,1.1662014817,0.8118694057,5.0353821858,0.4178423837000001
323,323.0,323.0,3.0,0.3,-0.7021399127,-2.355527237,-15.93913895821114,1.9780708874,1.1201958481000005,4.2235127801,0.4178423837000001
324,324.0,324.0,4.0,0.4,-1.0034022271,-3.6481788184,11.372627341380252,3.0982667355,1.0708468049999995,3.103316932,0.4178423837000001
325,325.0,325.0,5.0,0.5,-1.2955583605,-2.2187599508,9.612252550210336,4.1691135405,0.5205077693,2.032470127,0.4178423837000001
326,326.0,326.0,6.0,0.6,-1.4602027993,-1.092890257,12.890890557981749,4.6896213098,0.3378334962,1.5119623577,0.4178423837000001
327,327.0,327.0,7.0,0.7,-1.5018463842,0.2378423837,-14.557360035066193,5.027454806,0.3745526085000001,1.1741288614999998,0.4178423837000001
328,328.0,328.0,8.0,0.8,-1.549632708,-1.170107296,15.909242069430093,5.4020074145,0.4101547432999997,0.7995762529999997,0.4178423837000001
329,329.0,329.0,9.0,0.9,-1.5840234689,0.4552076718,10.469043175660168,5.8121621578,0.3894215097,0.3894215097,0.4178423837000001
330,330.0,330.0,0.0,0.0,0.0,-1.0,-9.064220676538095,0.0,0.2397851351,7.1057777829,-2.5
331,331.0,331.0,1.0,0.1,-0.1390100068,-1.7674120608,10.556920951337895,0.2397851351,0.208778777,6.8659926478,-2.5474120608
332,332.0,332.0,2.0,0.2,-0.2561332646,-0.5945967079,-18.136145701789697,0.4485639121,0.4060093225,6.6572138708,-0.8145967078999999
333,333.0,333.0,3.0,0.3,-0.4004487314,-2.2638958113,-5.101766844894238,0.8545732346,0.6175263543999999,6.2512045483,-2.0838958113
334,334.0,334.0,4.0,0.4,-0.6405663163,-2.5339549109,-2.3692172907100613,1.472099589,0.7002301375000002,5.6336781939,-2.1139549109
335,335.0,335.0,5.0,0.5,-0.8931649092,-2.5182780471,-11.568198675112049,2.1723297265,1.0545219373999997,4.9334480564,-2.0182780471
336,336.0,336.0,6.0,0.6,-1.1887709735,-3.3794918502,0.1302786453244664,3.2268516639,1.2148186266000005,3.878926119,-2.9594918502
337,337.0,337.0,7.0,0.7,-1.509741898,-3.0454930612,8.94170994630748,4.4416702905,0.9290545647999996,2.6641074923999994,-2.8654930612
338,338.0,338.0,8.0,0.8,-1.7563043637,-1.9047596009,-8.51403466133342,5.3707248553,0.8815926316000002,1.7350529276,-2.1247596009
339,339.0,339.0,9.0,0.9,-1.9787522253,-2.5337152054,12.952060709778776,6.2523174869,0.8534602959999997,0.8534602959999997,-3.3137152054000003
340,340.0,340.0,0.0,0.0,0.0,-1.0,-16.631797622281645,0.0,0.4659905258,9.6239301592,-2.5
341,341.0,341.0,1.0,0.1,-0.1756175401,-2.4875622221,11.413189290741546,0.4659905258,0.4171518347999999,9.1579396334,-3.2675622221000005
342,342.0,342.0,2.0,0.2,-0.3571300811,-1.1647307521,-19.718440864584483,0.8831423606,0.6658813045,8.7407877986,-1.3847307521
343,343.0,343.0,3.0,0.3,-0.5633552027,-2.9303497169,-7.210568311477647,1.5490236651,1.0639142918000002,8.0749064941,-2.7503497169
344,344.0,344.0,4.0,0.4,-0.8770953634,-3.3376663874,3.638964641764794,2.6129379569,1.0177814130999998,7.010992202300001,-2.9176663874
345,345.0,345.0,5.0,0.5,-1.1771130975,-2.6737521891,-14.719301491360168,3.63071937,1.3575966862000004,5.993210789200001,-2.1737521891
346,346.0,346.0,6.0,0.6,-1.5027576831,-3.8200377527,15.365626304873338,4.9883160562,1.2592841126999996,4.635614103,-3.4000377527
347,347.0,347.0,7.0,0.7,-1.7919525865,-1.9942802187,6.048367743243801,6.2476001689,0.6339626168999999,3.3763299903000004,-1.8142802187
348,348.0,348.0,8.0,0.8,-1.952474874,-1.2289211569,-19.204384884020094,6.8815627858,1.0669540940999998,2.7423673734000005,-1.4489211569000002
349,349.0,349.0,9.0,0.9,-2.1623218385,-2.9395126808,-10.128512782658431,7.9485168799,1.6754132793000007,1.6754132793000007,-3.7195126808
350,350.0,350.0,0.0,0.0,0.0,-1.0,10.734668276577048,0.0,0.0868116399,1.5726713059,2.3634886588
351,351.0,351.0,1.0,0.1,-0.0432345037,0.1167013314,18.06764439613002,0.0868116399,0.2846607347,1.485859666,2.3634886588
352,352.0,352.0,2.0,0.2,0.0552718462,1.8249594211,-12.714888657727466,0.3714723746,0.2242031651,1.2011989313,2.3634886588
353,353.0,353.0,3.0,0.3,0.1674324723,0.4413099292,5.7311207170014455,0.5956755397,0.0711076851999999,0.9769957662,2.3634886588
354,354.0,354.0,4.0,0.4,0.2371524753,0.9447019979,10.599617226260351,0.6667832249,0.2716860846,0.905888081,2.3634886588
355,355.0,355.0,5.0,0.5,0.3783275371,1.8634886588,-11.09186461977794,0.9384693095,0.2475603330000001,0.6342019964,2.3634886588
356,356.0,356.0,6.0,0.6,0.5020059546,0.6306237792,-6.342302518883054,1.1860296425,0.0596637233999999,0.3866416633999998,2.3634886588
357,357.0,357.0,7.0,0.7,0.5313375095,-0.0329380276,-9.70602968055129,1.2456933659,0.1056871352999999,0.3269779399999999,2.3634886588
358,358.0,358.0,8.0,0.8,0.4812509419,-0.953454428,-1.673205380600958,1.3513805012,0.1178864865,0.2212908046999999,2.3634886588
359,359.0,359.0,9.0,0.9,0.3824238391,-1.0219478632,11.03081661662886,1.4692669877,0.1034043181999999,0.1034043181999999,2.3634886588
360,360.0,360.0,0.0,0.0,0.0,-1.0,-5.672311523014034,0.0,0.1685043557,14.73234822,-2.5
361,361.0,361.0,1.0,0.1,-0.122601929,-1.4446292233,-18.382854575167784,0.1685043557,0.7085593749,14.5638438643,-2.2246292233
362,362.0,362.0,2.0,0.2,-0.3490021327,-3.0565144771,9.086769304433744,0.8770637306,0.685807826,13.8552844894,-3.2765144771
363,363.0,363.0,3.0,0.3,-0.5959115832,-1.9009280961,-19.00027081700241,1.5628715566,0.9991024418,13.1694766634,-1.7209280961
364,364.0,364.0,4.0,0.4,-0.8687210502,-3.5281457109,-13.338970026351332,2.5619739984,1.8123421768,12.1703742216,-3.1081457109
365,365.0,365.0,5.0,0.5,-1.2689946992,-4.4617690645,-8.360720507670255,4.3743161752,2.4250342563,10.358032044800002,-3.9617690645
366,366.0,366.0,6.0,0.6,-1.7340323146,-4.8328034999,9.38238552693899,6.7993504315,2.160191433700001,7.932997788500001,-4.4128034999
367,367.0,367.0,7.0,0.7,-2.1485482215,-3.4800490403,-14.144691473855012,8.9595418652,2.2542139873,5.7728063548,-3.3000490403
368,368.0,368.0,8.0,0.8,-2.5481423988,-4.4949240104,14.92659659895196,11.2137558525,2.1565232364,3.5185923675,-4.714924010400001
369,369.0,369.0,9.0,0.9,-2.9036851969,-2.6467215523,15.624755376899614,13.3702790889,1.3620691311000002,1.3620691311000002,-3.4267215523
370,370.0,370.0,0.0,0.0,0.0,-1.0,-10.928984326001366,0.0,0.2869123796,9.9601756207,-2.5
371,371.0,371.0,1.0,0.1,-0.1480306494,-1.9448677832,-3.0493226019551614,0.2869123796,0.4104973611999999,9.6732632411,-2.724867783200001
372,372.0,372.0,2.0,0.2,-0.3478601911,-2.0499705016,14.011646887261811,0.6974097408,0.2978184096,9.2627658799,-2.2699705016
373,373.0,373.0,3.0,0.3,-0.4751604956,-0.5215055085,-17.57686671481741,0.9952281504,0.3858800675,8.9649474703,-0.3415055085
374,374.0,374.0,4.0,0.4,-0.6098148276,-2.144537848,-18.73767840607437,1.3811082179,1.1210185392,8.5790674028,-1.7245378480000002
375,375.0,375.0,5.0,0.5,-0.9045365551,-3.7235839611,-2.734603977034116,2.5021267571,1.4746625937999998,7.458048863599999,-3.2235839611
376,376.0,376.0,6.0,0.6,-1.2721108288,-3.629470085,-9.336322354010631,3.9767893509,1.7866484814000003,5.9833862698,-3.209470085
377,377.0,377.0,7.0,0.7,-1.6626627601,-4.1725503892,4.209374790178757,5.7634378323,1.7795137401999996,4.196737788399999,-3.9925503892
378,378.0,378.0,8.0,0.8,-2.0393708421,-3.3749048281,16.136909838298344,7.5429515725,1.2241012505000004,2.4172240482,-3.5949048281
379,379.0,379.0,9.0,0.9,-2.2824748408,-1.5181098456,-15.73300918327213,8.767052823,1.1931227976999992,1.1931227976999992,-2.2981098456
380,380.0,380.0,0.0,0.0,0.0,-1.0,-1.1114358311739494,0.0,0.1020356888,1.4186882355999997,2.3159380637
381,381.0,381.0,1.0,0.1,-0.100539065,-1.0106045181,7.645075084579076,0.1020356888,0.0718174821,1.3166525467999997,2.3159380637
382,382.0,382.0,2.0,0.2,-0.1597283811,-0.1869076936,-6.937780941396383,0.1738531709,0.0571361006,1.2448350646999995,2.3159380637
383,383.0,383.0,3.0,0.3,-0.2110758948,-0.829338274,8.920578087220687,0.2309892715,0.0653697123999999,1.1876989640999998,2.3159380637
384,384.0,384.0,4.0,0.4,-0.2468453074,0.0984889473,18.14601432640002,0.2963589839,0.2882037068,1.1223292517,2.3159380637
385,385.0,385.0,5.0,0.5,-0.1496929912,1.8159380637,-8.477897658638058,0.5845626907,0.2183585083,0.8341255448999999,2.3159380637
386,386.0,386.0,6.0,0.6,-0.0178947679,0.8363500746,-7.409895395061641,0.802921199,0.0517490480999999,0.6157670365999999,2.3159380637
387,387.0,387.0,7.0,0.7,0.0258497653,0.0516160019,-12.392608503694037,0.8546702471,0.1187974095,0.5640179885,2.3159380637
388,388.0,388.0,8.0,0.8,-0.0291865403,-1.1326085428,-5.455735425949001,0.9734676566,0.1973306083999999,0.4452205789999999,2.3159380637
389,389.0,389.0,9.0,0.9,-0.1633601754,-1.5440084504,19.05660981708592,1.170798265,0.2478899705999999,0.2478899705999999,2.3159380637
390,390.0,390.0,0.0,0.0,0.0,-1.0,-19.30340010926491,0.0,0.5680042897,8.6874670804,-2.5
391,391.0,391.0,1.0,0.1,-0.1885411964,-2.7417988145,1.5807523870072515,0.5680042897,0.6548007375999999,8.1194627907,-3.5217988145000003
392,392.0,392.0,2.0,0.2,-0.4418110891,-2.3304536831,-4.957049733416534,1.2228050273,0.6489008359000001,7.4646620531,-2.5504536831
393,393.0,393.0,3.0,0.3,-0.6875623637,-2.5804073819,-16.674476410177125,1.8717058632,1.2895655249999998,6.8157612172,-2.4004073819
394,394.0,394.0,4.0,0.4,-1.0137819857,-3.9216354009,11.301431209352618,3.1612713882,1.2372118809,5.5261956922,-3.5016354009
395,395.0,395.0,5.0,0.5,-1.3323052111,-2.4729690546,5.361245110768063,4.3984832691,0.6661454768000006,4.2889838113,-1.9729690546
396,396.0,396.0,6.0,0.6,-1.5417051171,-1.7274446374,-5.82959428824363,5.0646287459,0.6567159675999994,3.622838334499999,-1.3074446374000002
397,397.0,397.0,7.0,0.7,-1.734293154,-2.1178160294,0.2561540437535967,5.7213447135,0.7391985156,2.9661223669,-1.9378160294
398,398.0,398.0,8.0,0.8,-1.9345915004,-1.8919022786,-13.310562944503744,6.4605432291,1.1156951588000004,2.2269238513,-2.1119022786
399,399.0,399.0,9.0,0.9,-2.1790186053,-2.9785314681,19.495961113024293,7.5762383879,1.1112286924999992,1.1112286924999992,-3.7585314681
400,400.0,400.0,0.0,0.0,0.0,-1.0,-8.175841945199963,0.0,0.2193145725,7.483000853600001,-2.5
401,401.0,401.0,1.0,0.1,-0.1347125478,-1.6828716467,-8.48103364442132,0.2193145725,0.449779589,7.263686281100001,-2.4628716467
402,402.0,402.0,2.0,0.2,-0.3358852569,-2.329802302,6.693018951143742,0.6690941615,0.4064689012999999,6.813906692100001,-2.549802302
403,403.0,403.0,3.0,0.3,-0.5252183285,-1.4711673354,-9.862782518953388,1.0755630628,0.4441030297000001,6.4074377908,-1.2911673354000002
404,404.0,404.0,4.0,0.4,-0.7129288056,-2.2697351101,-17.185231010630034,1.5196660925,1.132328466,5.9633347611000005,-1.8497351101
405,405.0,405.0,5.0,0.5,-1.0120547854,-3.6891322314,-10.460688301037976,2.6519945585,1.8187250576,4.8310062951,-3.1891322314
406,406.0,406.0,6.0,0.6,-1.4137243255,-4.3335315214,18.025339851267223,4.4707196161,1.5126838446999995,3.0122812375,-3.9135315214
407,407.0,407.0,7.0,0.7,-1.7389184488,-2.205803413,14.5248084372261,5.9834034608,0.6537523068000004,1.4995973928000002,-2.025803413
408,408.0,408.0,8.0,0.8,-1.8785658041,-0.6136752139,3.134154340406951,6.6371557676,0.3868819840999995,0.8458450859999997,-0.8336752139000002
409,409.0,409.0,9.0,0.9,-1.9218036768,-0.2570219072,11.861289888772248,7.0240377517,0.4589631019000002,0.4589631019000002,-1.0370219072000002
410,410.0,410.0,0.0,0.0,0.0,-1.0,-9.112857729064824,0.0,0.2409427718,3.7625747704,0.9456652770999998
411,411.0,411.0,1.0,0.1,-0.1392452846,-1.7720404883,-9.749878985840542,0.2409427718,0.5242008658,3.5216319986,0.9456652770999998
412,412.0,412.0,2.0,0.2,-0.3550414659,-2.5312322056,-9.363367721180389,0.7651436376,0.8912684934999999,2.9974311328,0.9456652770999998
413,413.0,413.0,3.0,0.3,-0.6412145875,-3.1813958561,6.77961316134671,1.6564121311,0.8213063807000001,2.1061626393,0.9456652770999998
414,414.0,414.0,4.0,0.4,-0.9111686013,-2.2334805262,18.86045828703845,2.4777185118,0.4564359729,1.2848562586,0.9456652770999998
415,415.0,415.0,5.0,0.5,-1.0324764682,-0.2261268306,-0.0672430717717453,2.9341544847,0.1136740510999998,0.8284202857,0.9456652770999998
416,416.0,416.0,6.0,0.6,-1.0543206833,-0.2110069226,2.4657120762430687,3.0478285358,0.1167172962,0.7147462346000002,0.9456652770999998
417,417.0,417.0,7.0,0.7,-1.0624732904,0.0437168921,11.833523153454554,3.164545832,0.2266319999999999,0.5980289384000002,0.9456652770999998
418,418.0,418.0,8.0,0.8,-1.00106936,1.1656652771,-13.668417127331258,3.391177832,0.2236095921000003,0.3713969384000002,0.9456652770999998
419,419.0,419.0,9.0,0.9,-0.9562613152,-0.2459844805,9.471690017033904,3.6147874241,0.1477873462999999,0.1477873462999999,0.9456652770999998
420,420.0,420.0,0.0,0.0,0.0,-1.0,-6.908947984600889,0.0,0.1923334213,31.120432689800005,-2.5
421,421.0,421.0,1.0,0.1,-0.128584056,-1.5623107425,-17.137008322132807,0.1923334213,0.7072329938,30.92809926850001,-2.3423107425000005
422,422.0,422.0,2.0,0.2,-0.3601564593,-3.0444391714,-12.91120038916906,0.8995664151,1.3599155885,30.220866274700004,-3.2644391714000003
423,423.0,423.0,3.0,0.3,-0.7123300145,-3.9833856551,-9.068538498090346,2.2594820036,1.9179227886,28.8609506862,-3.803385655100001
424,424.0,424.0,4.0,0.4,-1.1352678535,-4.4673016659,-18.88090350487076,4.1774047922,3.0544121737000003,26.943027897600004,-4.0473016659
425,425.0,425.0,5.0,0.5,-1.6517226637,-5.8389372062,-10.185847494540525,7.2318169659,4.0961981971,23.888615723900003,-5.3389372062
426,426.0,426.0,6.0,0.6,-2.2566440498,-6.2526005695,-12.6285777094704,11.328015163,5.056587975500001,19.7924175268,-5.8326005695
427,427.0,427.0,7.0,0.7,-2.9127465953,-6.859355795,-0.3901388897225111,16.3846031385,5.3454754702,14.7358295513,-6.679355794999999
428,428.0,428.0,8.0,0.8,-3.5673877878,-6.2437284915,11.15173791456239,21.7300786087,4.4891528319,9.3903540811,-6.4637284915
429,429.0,429.0,9.0,0.9,-4.1076123687,-4.5883301191,-19.10427758388468,26.2192314406,4.9012012492,4.9012012492,-5.3683301191
430,430.0,430.0,0.0,0.0,0.0,-1.0,-7.699247993718146,0.0,0.2088594996,11.082340101100002,-2.5
431,431.0,431.0,1.0,0.1,-0.1324070637,-1.6375177357,-8.757945627488898,0.2088594996,0.4404234313,10.8734806015,-2.4175177357
432,432.0,432.0,2.0,0.2,-0.3306033165,-2.3151160456,16.669842772484593,0.6492829309,0.378654803,10.4330571702,-2.5351160456
433,433.0,433.0,3.0,0.3,-0.4702767494,-0.5084583354,-12.746004550927616,1.0279377339,0.2403136720000001,10.054402367200002,-0.3284583354
434,434.0,434.0,4.0,0.4,-0.5803207101,-1.6730148299,-3.623985729961042,1.2682514059,0.3639944946,9.8140886952,-1.2530148299
435,435.0,435.0,5.0,0.5,-0.7570589157,-1.8586751972,-9.759669680819488,1.6322459005,0.6293572536999998,9.4500942006,-1.3586751972
436,436.0,436.0,6.0,0.6,-0.9811468552,-2.6105542259,-19.945696777941748,2.2616031542,1.5421615996,8.8207369469,-2.1905542259
437,437.0,437.0,7.0,0.7,-1.3260595852,-4.2602111736,-16.7420199814743,3.8037647538,2.7628961443000004,7.2785753473,-4.0802111736
438,438.0,438.0,8.0,0.8,-1.8124604592,-5.4480122978,14.285403029252045,6.5666608981,2.573573433,4.515679203,-5.668012297800001
439,439.0,439.0,9.0,0.9,-2.2618029345,-3.5701295196,-5.175110971848579,9.1402343311,1.9421057699999995,1.9421057699999995,-4.3501295196
440,440.0,440.0,0.0,0.0,0.0,-1.0,18.001987344976456,0.0,0.189974524,1.2586971996999998,1.236715097
441,441.0,441.0,1.0,0.1,-0.0080794432,0.8082781777,-6.342980913423904,0.189974524,0.0454125836999999,1.0687226757,1.236715097
442,442.0,442.0,2.0,0.2,0.038154749,0.1277458941,-13.159926387520372,0.2353871077,0.1265183535,1.023310092,1.236715097
443,443.0,443.0,3.0,0.3,-0.0133486508,-1.1367433448,10.155673964269504,0.3619054612,0.0963567299,0.8967917385,1.236715097
444,444.0,444.0,4.0,0.4,-0.0723968502,-0.0621277489,8.332377143976004,0.4582621911,0.0522561438999999,0.8004350086,1.236715097
445,445.0,445.0,5.0,0.5,-0.0380019818,0.736715097,-4.77239193488999,0.510518335,0.0358170983,0.7481788647000001,1.236715097
446,446.0,446.0,6.0,0.6,0.0090196815,0.2124542403,-17.063577712941065,0.5463354333,0.2069922591999999,0.7123617664,1.236715097
447,447.0,447.0,7.0,0.7,-0.0533062796,-1.43157757,-2.650860707954884,0.7533276925,0.2275979597999999,0.5053695072000001,1.236715097
448,448.0,448.0,8.0,0.8,-0.2023620843,-1.547607836,11.909188194138714,0.9809256523,0.1716934346999999,0.2777715474000001,1.236715097
449,449.0,449.0,9.0,0.9,-0.2920267197,-0.2670243813,-9.11824761664375,1.152619087,0.1060781127000001,0.1060781127000001,1.236715097
450,450.0,450.0,0.0,0.0,0.0,-1.0,-19.96599328686354,0.0,0.5950944002,21.81798407,-2.5
451,451.0,451.0,1.0,0.1,-0.1917464365,-2.8048528922,-16.891257765456622,0.5950944002,1.3866497138,21.2228896698,-3.5848528922000003
452,452.0,452.0,2.0,0.2,-0.5403735387,-4.1453515665,-5.738405309151627,1.981744114,1.8573088646,19.836239956,-4.365351566499999
453,453.0,453.0,3.0,0.3,-0.962614884,-4.2969507522,-5.657815779555158,3.8390529786,2.0602840565000005,17.9789310914,-4.1169507522
454,454.0,454.0,4.0,0.4,-1.3988930717,-4.4264541424,0.1838378209642428,5.8993370351,2.0300619897,15.9186470349,-4.0064541424
455,455.0,455.0,5.0,0.5,-1.819236531,-3.9877269011,-2.451329364364369,7.9293990248,1.9424073718,13.8885850452,-3.4877269011
456,456.0,456.0,6.0,0.6,-2.2105769969,-3.8415193715,-16.280067447147665,9.8718063966,2.7070975735000005,11.9461776734,-3.4215193715
457,457.0,457.0,7.0,0.7,-2.6548993429,-5.0252037703,-5.882232260765004,12.5789039701,3.432040990400001,9.2390800999,-4.8452037703
458,458.0,458.0,8.0,0.8,-3.1615647029,-5.1067616363,9.354600681322658,16.0109449605,3.1549996953999973,5.8070391095,-5.3267616363000005
459,459.0,459.0,9.0,0.9,-3.6022854506,-3.7305808205,1.2134692673275396,19.1659446559,2.6520394141000025,2.6520394141000025,-4.5105808205
460,460.0,460.0,0.0,0.0,0.0,-1.0,-17.800267397350822,0.0,0.5091853346,27.3138417383,-2.5
461,461.0,461.0,1.0,0.1,-0.1812699167,-2.598756823,-15.824239333825432,0.5091853346,1.1991551670999998,26.8046564037,-3.378756823
462,462.0,462.0,2.0,0.2,-0.5051227715,-3.8573279017,-19.15661633101592,1.7083405017,2.3688025290000003,25.6055012366,-4.0773279017
463,463.0,463.0,3.0,0.3,-0.9648643396,-5.3132479666,-2.665672112082828,4.0771430307,2.8452842471999995,23.2366987076,-5.1332479666
464,464.0,464.0,4.0,0.4,-1.4833816699,-5.0612978475,-17.110792271208357,6.9224272779,3.6540475052,20.3914144604,-4.6412978475
465,465.0,465.0,5.0,0.5,-2.047799953,-6.2079587915,-1.3373807677659926,10.5764747831,4.1249769274000005,16.7373669552,-5.7079587915
466,466.0,466.0,6.0,0.6,-2.6450360628,-5.7444607585,-2.5718273751830267,14.7014517105,3.989373083999999,12.612390027799998,-5.3244607585
467,467.0,467.0,7.0,0.7,-3.2041347435,-5.4425448153,16.69083177547177,18.6908247945,3.272755375300001,8.6230169438,-5.2625448153
468,468.0,468.0,8.0,0.8,-3.6413214388,-3.3362749425,2.678962477786577,21.9635801698,2.3772372589,5.350261568499999,-3.5562749425
469,469.0,469.0,9.0,0.9,-3.9458518323,-2.7638483012,-15.740172444129993,24.3408174287,2.9730243095999995,2.9730243095999995,-3.5438483012
470,470.0,470.0,0.0,0.0,0.0,-1.0,-10.23589398582704,0.0,0.2687385233,2.001519945,1.9447395815
471,471.0,471.0,1.0,0.1,-0.1446778819,-1.8789115166,14.900791222924362,0.2687385233,0.2507195195,1.7327814217000002,1.9447395815
472,472.0,472.0,2.0,0.2,-0.2513985995,-0.2821116768,-14.305093926888578,0.5194580428,0.2177953096,1.4820619022,1.9447395815
473,473.0,473.0,3.0,0.3,-0.3474447879,-1.6165748811,18.68757914967033,0.7372533524,0.2616250459,1.2642665926,1.9447395815
474,474.0,474.0,4.0,0.4,-0.4108826062,0.3156208522,1.7473023933911946,0.9988783983,0.0319345649,1.0026415467,1.9447395815
475,475.0,475.0,5.0,0.5,-0.3723952967,0.451863782,6.598752140341052,1.0308129632,0.0923485348999999,0.9707069818,1.9447395815
476,476.0,476.0,6.0,0.6,-0.2974738315,1.0368175308,8.686064153605315,1.1231614981,0.2456632538000001,0.8783584469000001,1.9447395815
477,477.0,477.0,7.0,0.7,-0.1567894668,1.7647395815,2.987342023153076,1.3688247519,0.3379505967999998,0.6326951931,1.9447395815
478,478.0,478.0,8.0,0.8,0.0255985264,1.8810857906,-16.830162937930414,1.7067753487,0.2641702545,0.2947445963000001,1.9447395815
479,479.0,479.0,9.0,0.9,0.1231929732,0.10047505,-6.498908881461363,1.9709456032,0.0305743418000001,0.0305743418000001,1.9447395815
480,480.0,480.0,0.0,0.0,0.0,-1.0,-16.075490420427524,0.0,0.4462025694,10.2040774488,-2.5
481,481.0,481.0,1.0,0.1,-0.1729264502,-2.4346225919,9.44604039293982,0.4462025694,0.4090617179,9.7578748794,-3.2146225919000004
482,482.0,482.0,2.0,0.2,-0.3589170367,-1.3040279661,-4.972829647268316,0.8552642873,0.2515452642,9.3488131615,-1.5240279661
483,483.0,483.0,3.0,0.3,-0.5070673942,-1.6531605733,-10.79176585545512,1.1068095515,0.5404516469,9.097267897299998,-1.4731605733000002
484,484.0,484.0,4.0,0.4,-0.7165906961,-2.5228138569,7.221264418284171,1.6472611984,0.5228129338999998,8.556816250399999,-2.1028138569
485,485.0,485.0,5.0,0.5,-0.9217360384,-1.5955420728,-8.728489810134207,2.1700741323,0.5214747074999999,8.0340033165,-1.0955420728
486,486.0,486.0,6.0,0.6,-1.115795306,-2.2743317862,-11.507681766268414,2.6915488398,0.9685240657,7.512528609,-1.8543317862
487,487.0,487.0,7.0,0.7,-1.3878940667,-3.1530012021,-3.4920288620932496,3.6600729055,1.2505023670000002,6.5440045433,-2.9730012021
488,488.0,488.0,8.0,0.8,-1.7048340737,-3.1852640813,-17.9774131383785,4.9105752725,2.0575229017,5.2935021763,-3.4052640813000004
489,489.0,489.0,9.0,0.9,-2.0949162978,-4.5929231711,-14.51123019668007,6.9680981742,3.2359792746,3.2359792746,-5.3729231711
490,490.0,490.0,0.0,0.0,0.0,-1.0,-10.434515433643485,0.0,0.2738671273,8.0478758682,-2.5
491,491.0,491.0,1.0,0.1,-0.1456386968,-1.8978128465,-3.5114175283111067,0.2738671273,0.4030057545999999,7.774008740899999,-2.6778128465
492,492.0,492.0,2.0,0.2,-0.3432256578,-2.0513676384,-10.045232514158071,0.6768728819,0.6712362022000001,7.3710029863,-2.2713676384
493,493.0,493.0,3.0,0.3,-0.58703209,-2.8120844576,0.8661961573142847,1.3481090841,0.7479316252999999,6.6997667841,-2.6320844576000004
494,494.0,494.0,4.0,0.4,-0.8504473642,-2.4620495677,-15.568967191829524,2.0960407094,1.1925090139,5.9518351588,-2.0420495677
495,495.0,495.0,5.0,0.5,-1.1600559458,-3.7093377052,6.6333973771598345,3.2885497233,1.2372501585000002,4.7593261449,-3.2093377052
496,496.0,496.0,6.0,0.6,-1.4809575461,-2.7250963672,14.066515061154256,4.5257998818,0.7391946326999994,3.5220759864,-2.3050963672
497,497.0,497.0,7.0,0.7,-1.6722393671,-1.1271630401,-14.14892830912644,5.2649945145,0.7280475072000003,2.782881353700001,-0.9471630400999996
498,498.0,498.0,8.0,0.8,-1.8479474042,-2.366347834,-5.754392784520345,5.9930420217,1.0469629337999995,2.0548338465,-2.586347834
499,499.0,499.0,9.0,0.9,-2.1009711465,-2.6887633701,7.735463956131255,7.0400049555,1.0078709127000005,1.0078709127000005,-3.4687633701000005
500,500.0,500.0,0.0,0.0,0.0,-1.0,-15.89698207042999,0.0,0.4399592628,5.0331864664,1.0117915870999998
501,501.0,501.0,1.0,0.1,-0.1720629307,-2.4176352764,-13.051547190112643,0.4399592628,0.9637340997,4.5932272036,1.0117915870999998
502,502.0,502.0,2.0,0.2,-0.4652671223,-3.4295858038,3.4735009969668127,1.4036933625,1.0078671567,3.6294931039,1.0117915870999998
503,503.0,503.0,3.0,0.3,-0.7748327628,-2.7726700636,14.479740261255673,2.4115605192,0.5816301399000001,2.6216259472,1.0117915870999998
504,504.0,504.0,4.0,0.4,-0.9686427686,-1.1308860316,16.130913919706742,2.9931906591,0.2607828378999999,2.0399958073,1.0117915870999998
505,505.0,505.0,5.0,0.5,-0.9982289953,0.5117915871,-14.447798226778213,3.253973497,0.2251450214999999,1.7792129694,1.0117915870999998
506,506.0,506.0,6.0,0.6,-1.019415542,-0.9118016889,-1.816714124300887,3.4791185185,0.2068426696999998,1.5540679479,1.0117915870999998
507,507.0,507.0,7.0,0.7,-1.1149720726,-0.9979165708,-11.277796662636238,3.6859611882,0.4349396785999997,1.3472252782000005,1.0117915870999998
508,508.0,508.0,8.0,0.8,-1.2644914432,-1.9761768664,15.295435121771677,4.1209008668,0.4479889556000005,0.9122855996000006,1.0117915870999998
509,509.0,509.0,9.0,0.9,-1.3785591129,-0.3325656846,-15.895009776300595,4.5688898224,0.464296644,0.464296644,1.0117915870999998
510,510.0,510.0,0.0,0.0,0.0,-1.0,-11.675625949201178,0.0,0.307361046,13.1247003638,-2.5
511,511.0,511.0,1.0,0.1,-0.1516424669,-2.015920128,-10.924328727091472,0.307361046,0.6719945080999999,12.8173393178,-2.795920128
512,512.0,512.0,2.0,0.2,-0.3963281685,-2.8636672991,5.159199369343476,0.9793555541,0.6592419251,12.1453448097,-3.0836672991
513,513.0,513.0,3.0,0.3,-0.6438851435,-2.1001903872,-10.425230150180926,1.6385974792,0.7446789050000002,11.4861028846,-1.9201903872
514,514.0,514.0,4.0,0.4,-0.8941758872,-2.8924226585,-18.484277799620827,2.3832763842,1.6333475818999998,10.7414239796,-2.4724226585
515,515.0,515.0,5.0,0.5,-1.2588424528,-4.3761838728,-0.8386477018466323,4.0166239661,1.9876813147,9.1080763977,-3.8761838728
516,516.0,516.0,6.0,0.6,-1.6793487245,-4.0395423713,11.576033331820843,6.0043052808,1.5093301079000003,7.120395083000001,-3.6195423713
517,517.0,517.0,7.0,0.7,-2.0077641825,-2.5535235802,-7.6994913612211935,7.5136353887,1.2772657577999995,5.611064975100001,-2.3735235802
518,518.0,518.0,8.0,0.8,-2.2880094056,-3.0432274932,-6.27665439012922,8.7909011465,1.643130278900001,4.333799217300001,-3.2632274932
519,519.0,519.0,9.0,0.9,-2.6079730875,-3.3509292503,-19.29269655287303,10.4340314254,2.6906689384,2.6906689384,-4.1309292503
520,520.0,520.0,0.0,0.0,0.0,-1.0,-12.73521258937942,0.0,0.3379306219,9.3526724996,-2.5
521,521.0,521.0,1.0,0.1,-0.1567681302,-2.1167531287,19.12411492985482,0.3379306219,0.3408599458,9.0147418777,-2.8967531287000003
522,522.0,522.0,2.0,0.2,-0.2656924869,-0.0954172791,-6.413338317017811,0.6787905677,0.0475554058999999,8.6738819319,-0.3154172790999999
523,523.0,523.0,3.0,0.3,-0.3057966438,-0.6966469539,-1.2784548129475155,0.7263459736,0.0650863717999999,8.626326526,-0.5166469539
524,524.0,524.0,4.0,0.4,-0.3782757566,-0.7520133224,-11.645173258407048,0.7914323454,0.2592718868,8.5612401542,-0.3320133223999999
525,525.0,525.0,5.0,0.5,-0.5061717813,-1.7886346235,-9.813218657546802,1.0507042322,0.5643027277000001,8.3019682674,-1.2886346235
526,526.0,526.0,6.0,0.6,-0.7238535105,-2.55227476,-19.39141622539457,1.6150069599,1.4211655323,7.7376655397,-2.13227476
527,527.0,527.0,7.0,0.7,-1.0605389361,-4.154730957,-7.969668092774004,3.0361724922,2.0797893646000003,6.3165000074,-3.974730957
528,528.0,528.0,8.0,0.8,-1.4944664335,-4.5177702688,-2.195854474859125,5.1159618568,2.2399107739,4.2367106428,-4.7377702688
529,529.0,529.0,9.0,0.9,-1.9350117958,-4.2968103541,3.745600478625612,7.3558726307,1.9967998689,1.9967998689,-5.0768103541
530,530.0,530.0,0.0,0.0,0.0,-1.0,10.33571556412014,0.0,0.0836254944,2.7760454657,2.2936614772
531,531.0,531.0,1.0,0.1,-0.0451644047,0.0787359611,3.957470543618968,0.0836254944,0.0161891212999999,2.6924199713,2.2936614772
532,532.0,532.0,2.0,0.2,-0.0185277476,0.4478463584,1.4714610483237005,0.0998146157,0.0259224299999999,2.67623085,2.2936614772
533,533.0,533.0,3.0,0.3,0.0312084884,0.5452562273,10.257059245718237,0.1257370457,0.1633937749,2.65030842,2.2936614772
534,534.0,534.0,4.0,0.4,0.1327141396,1.4694565006,-14.505401837770384,0.2891308206,0.1762877954,2.4869146451,2.2936614772
535,535.0,535.0,5.0,0.5,0.202382729,-0.0507522726,10.728651276716882,0.465418616,0.0932191835,2.3106268497,2.2936614772
536,536.0,536.0,6.0,0.6,0.2494519772,0.9750436068,12.940018146532068,0.5586377995,0.3462597194,2.2174076662,2.2936614772
537,537.0,537.0,7.0,0.7,0.4048359215,2.1136614772,-10.668924541778813,0.9048975189,0.3170095090999999,1.8711479468000003,2.2936614772
538,538.0,538.0,8.0,0.8,0.5543673674,0.8972375771,15.83280612627906,1.221907028,0.4436244119000001,1.5541384377000005,2.2936614772
539,539.0,539.0,9.0,0.9,0.7163406467,2.3185449104,16.134544213780224,1.6655314399,1.1105140258,1.1105140258,2.2936614772
540,540.0,540.0,0.0,0.0,0.0,-1.0,-2.9803632874777755,0.0,0.1251979635,6.7065658665,-2.5
541,541.0,541.0,1.0,0.1,-0.1095798726,-1.1884564562,-19.05066287257491,0.1251979635,0.6311021778,6.581367903,-1.9684564562
542,542.0,542.0,2.0,0.2,-0.3148324803,-2.8882701357,7.440458916232355,0.7563001413,0.6263398996999999,5.9502657252,-3.1082701357
543,543.0,543.0,3.0,0.3,-0.5536952378,-1.9053614866,-18.85292682382935,1.382640041,0.98844241,5.323925825500001,-1.7253614866
544,544.0,544.0,4.0,0.4,-0.8262138338,-3.518135573,10.167427294482051,2.371082451,0.9782497991,4.335483415500001,-3.098135573
545,545.0,545.0,5.0,0.5,-1.1118246216,-2.2157820557,-4.208774505997873,3.3493322501,0.6944984223000006,3.3572336164000003,-1.7157820557
546,546.0,546.0,6.0,0.6,-1.3430437575,-2.4054403704,-3.7419798224912384,4.0438306724,0.8325487544999994,2.6627351941,-1.9854403704
547,547.0,547.0,7.0,0.7,-1.5900531767,-2.5326289334,5.003453807776502,4.8763794269,0.7777562527000006,1.8301864396000005,-2.3526289334
548,548.0,548.0,8.0,0.8,-1.8068610213,-1.8154757081,12.049789590072074,5.6541356796,0.5698564274999995,1.0524301868999997,-2.0354757081
549,549.0,549.0,9.0,0.9,-1.9213364885,-0.4960212819,13.704071914773197,6.2239921071,0.4825737594000001,0.4825737594000001,-1.2760212819000003
550,550.0,550.0,0.0,0.0,0.0,-1.0,-6.924182090783342,0.0,0.1926424173,9.258742803400002,-2.5
551,551.0,551.0,1.0,0.1,-0.1286577498,-1.5637604593,-14.772665261168363,0.1926424173,0.6131042685,9.066100386100002,-2.3437604593000003
552,552.0,552.0,2.0,0.2,-0.3489307465,-2.8207539887,14.91057700996422,0.8057466858,0.5418184026999999,8.452996117600001,-3.0407539887
553,553.0,553.0,3.0,0.3,-0.5452322903,-1.1333947439,-18.69351596440389,1.3475650885,0.6312446331000001,7.911177714900001,-0.9533947439
554,554.0,554.0,4.0,0.4,-0.7435172892,-2.8044613415,-2.0878099973118225,1.9788097216,0.8479286467,7.279933081800001,-2.3844613415
555,555.0,555.0,5.0,0.5,-1.0204967233,-2.736262907,-1.0171071674563628,2.8267383683,0.8385221654000001,6.432004435100001,-2.236262907
556,556.0,556.0,6.0,0.6,-1.2858074249,-2.5726629222,2.658845488564225,3.6652605337,0.7417624770999995,5.593482269700001,-2.1526629222
557,557.0,557.0,7.0,0.7,-1.517766819,-2.0748189793,-9.64102785889259,4.4070230108,0.9139882985000004,4.851719792600001,-1.8948189793
558,558.0,558.0,8.0,0.8,-1.7618496016,-2.7948389826,-17.23750509065095,5.3210113093,1.7563598440999997,3.9377314941,-3.0148389826
559,559.0,559.0,9.0,0.9,-2.1111987249,-4.1692403683,-1.7435116087897562,7.0773711534,2.181371650000001,2.181371650000001,-4.9492403683
560,560.0,560.0,0.0,0.0,0.0,-1.0,-1.1299175418130467,0.0,0.1022370445,3.9842339936000006,3.9494716711
561,561.0,561.0,1.0,0.1,-0.1006284693,-1.0123632849,18.584461988411164,0.1022370445,0.2035126464,3.881996949100001,3.9494716711
562,562.0,562.0,2.0,0.2,-0.1070667599,0.8525212046,11.021090311615763,0.3057496909,0.2496620044,3.6784843027000007,3.9494716711
563,563.0,563.0,3.0,0.3,0.0273749772,1.8201884986,5.239678589016062,0.5554116953,0.4107366191,3.4288222983000005,3.9494716711
564,564.0,564.0,4.0,0.4,0.2259353434,2.1455959913,15.847154404801245,0.9661483144,0.9417396289,3.0180856792000004,3.9494716711
565,565.0,565.0,5.0,0.5,0.5067751041,3.4494716711,-19.78758829399876,1.9078879433,0.8188689245999998,2.0763460503,3.9494716711
566,566.0,566.0,6.0,0.6,0.7393149177,1.2381730281,-7.117353567755554,2.7267568679,0.1622429781000001,1.2574771257000004,3.9494716711
567,567.0,567.0,7.0,0.7,0.8227130241,0.4430395649,-15.80520380670206,2.888999846,0.2235813770999999,1.0952341476000005,3.9494716711
568,568.0,568.0,8.0,0.8,0.7884174377,-1.1031852293,-9.815773864430074,3.1125812231,0.3382699317000002,0.8716527705000003,3.9494716711
569,569.0,569.0,9.0,0.9,0.6359529381,-1.9322981162,-7.146465272450397,3.4508511548,0.5333828388000001,0.5333828388000001,3.9494716711
570,570.0,570.0,0.0,0.0,0.0,-1.0,-5.161677795848224,0.0,0.1593875059,10.3160652101,-2.5
571,571.0,571.0,1.0,0.1,-0.1201317803,-1.3960359993,7.971795616863066,0.1593875059,0.1304249096999999,10.156677704200002,-2.1760359993
572,572.0,572.0,2.0,0.2,-0.2144192649,-0.504568953,-14.786859882221696,0.2898124156,0.2746625941,10.0262527945,-0.724568953
573,573.0,573.0,3.0,0.3,-0.3339655638,-1.8637086424,-16.904428146587044,0.5644750097,0.8523869564,9.7515902004,-1.6837086424
574,574.0,574.0,4.0,0.4,-0.5930946637,-3.2950223571,-13.89810034499268,1.4168619661,1.6163940323,8.899203244,-2.8750223571
575,575.0,575.0,5.0,0.5,-0.9738880653,-4.30403899,8.586495343937152,3.0332559984,1.5415685552,7.2828092117,-3.80403899
576,576.0,576.0,6.0,0.6,-1.3419350496,-3.0773424713,6.352679217856469,4.5748245536,0.9337039805999998,5.7412406565,-2.6573424713
577,577.0,577.0,7.0,0.7,-1.6040526602,-2.1799569389,-13.04357868692362,5.5085285342,1.1260758386000005,4.8075366759,-1.9999569389
578,578.0,578.0,8.0,0.8,-1.8746003113,-3.2137671565,-7.790251701706818,6.6346043728,1.6302125935999996,3.6814608373,-3.4337671565
579,579.0,579.0,9.0,0.9,-2.218115221,-3.649277417,-6.847769531421889,8.2648169664,2.0512482437,2.0512482437,-4.429277417
580,580.0,580.0,0.0,0.0,0.0,-1.0,0.3375962099991803,0.0,0.0879712762,8.232561527899998,-2.5
581,581.0,581.0,1.0,0.1,-0.0935294931,-0.8727108859,-17.426511317327858,0.0879712762,0.4555035884999999,8.144590251699999,-1.6527108859000004
582,582.0,582.0,2.0,0.2,-0.2608782365,-2.4480132743,-19.233716401581503,0.5434748647,1.2867387076,7.689086663199999,-2.6680132743
583,583.0,583.0,3.0,0.3,-0.5868790491,-4.0453841018,10.320069122026368,1.8302135723,1.2509670805000002,6.4023479556,-3.8653841018
584,584.0,584.0,4.0,0.4,-0.9219257606,-2.6783304781,-18.913586393980232,3.0811806528,1.5165975013000002,5.151380875099999,-2.2583304781
585,585.0,585.0,5.0,0.5,-1.2682955083,-4.2233193698,16.92527898650514,4.5977781541,1.4108490346,3.6347833738,-3.7233193698
586,586.0,586.0,6.0,0.6,-1.5883230325,-2.2107639469,4.370302646266964,6.0086271887,0.6562242862999996,2.2239343391999995,-1.7907639469000003
587,587.0,587.0,7.0,0.7,-1.7775642024,-1.5844925125,4.477856542771402,6.664851475,0.5207757970999998,1.5677100529,-1.4044925124999998
588,588.0,588.0,8.0,0.8,-1.9066872722,-1.0075837883,-1.6285418792984814,7.1856272721,0.4925330470000002,1.0469342558,-1.2275837883000005
589,589.0,589.0,9.0,0.9,-2.0104471623,-1.0666780862,14.916019145208608,7.6781603191,0.5544012087999999,0.5544012087999999,-1.8466780862000003
590,590.0,590.0,0.0,0.0,0.0,-1.0,19.87526838371225,0.0,0.2304350563,7.837319953999999,4.4652857136
591,591.0,591.0,1.0,0.1,0.0009824,0.9865444384,19.77722528926328,0.2304350563,0.5824730585,7.606884897699999,4.4652857136
592,592.0,592.0,2.0,0.2,0.1905352197,2.7747141476,18.648301447656262,0.8129081148,1.4615407411,7.024411839199999,4.4652857136
593,593.0,593.0,3.0,0.3,0.5447937985,4.2852857136,-16.217002648910444,2.2744488559,1.3015036095,5.5628710981,4.4652857136
594,594.0,594.0,4.0,0.4,0.8741442304,2.3342350168,-18.95118665864973,3.5759524654,0.4755359693000005,4.2613674886,4.4652857136
595,595.0,595.0,5.0,0.5,1.0046012687,0.3086593126,-6.951952359880185,4.0514884347,0.1299735269999997,3.7858315193,4.4652857136
596,596.0,596.0,6.0,0.6,1.0003445394,-0.3822791941,-9.202606230842228,4.1814619617,0.2071947701000001,3.6558579923,4.4652857136
597,597.0,597.0,7.0,0.7,0.919448956,-1.2216442338,-19.521496222550752,4.3886567318,0.7287418375999994,3.4486632221999995,4.4652857136
598,598.0,598.0,8.0,0.8,0.7087605202,-2.9631054202,-8.357084466443695,5.1173985694,1.1078847899,2.7199213846,4.4652857136
599,599.0,599.0,9.0,0.9,0.386358314,-3.4764116607,-12.33474500665006,6.2252833593,1.6120365947000002,1.6120365947000002,4.4652857136
600,600.0,0.0,,0.0,0.0,-1.0,-11.920059863243704,0.0,0.3142516963,0.7406882922,0.3716155512
601,601.0,1.0,,0.1,-0.1528248959,-2.0391810904,15.376588729737511,0.3142516963,0.2895683187,0.4264365959,0.3716155512
602,602.0,2.0,,0.2,-0.2724956486,-0.3818514648,0.4326051782410745,0.603820015,0.0203060263,0.1368682771999999,0.3716155512
603,603.0,3.0,,0.3,-0.3067409669,-0.3043456286,0.444130384746094,0.6241260413,0.0176241189999999,0.1165622508999999,0.3716155512
604,604.0,4.0,,0.4,-0.3335548607,-0.2331186964,0.8674603808917025,0.6417501603,0.0155005829,0.0989381319,0.3716155512
605,605.0,5.0,,0.5,-0.3515430702,-0.1283844488,0.0175236202626647,0.6572507432,0.0142717323,0.083437549,0.3716155512
606,606.0,6.0,,0.6,-0.3636761371,-0.1144990198,-0.7172009939256625,0.6715224755,0.0160682262,0.0691658167,0.3716155512
607,607.0,7.0,,0.7,-0.3780415217,-0.1718537347,0.6555591349340009,0.6875907017,0.0168509904999999,0.0530975904999999,0.3716155512
608,608.0,8.0,,0.8,-0.3912245803,-0.0931147626,-0.55694069830226,0.7044416922,0.017239728,0.0362466,0.3716155512
609,609.0,9.0,,0.9,-0.4027796699,-0.1372537428,-0.3261406865239755,0.7216814202,0.0190068719999999,0.0190068719999999,0.3716155512
610,610.0,0.0,,0.0,0.0,-1.0,-12.099745807747912,0.0,0.3193788075,2.0764158159,-2.5
611,611.0,1.0,,0.1,-0.1536941119,-2.0562804689,14.26424188161704,0.3193788075,0.2877331877,1.7570370084,-2.8362804689
612,612.0,2.0,,0.2,-0.2803729722,-0.5031774204,-17.11967399439781,0.6071119952,0.3494023905,1.4693038207,-0.7231774204
613,613.0,3.0,,0.3,-0.4110716497,-2.0844461424,15.053791286408128,0.9565143857,0.3169654329,1.1199014302,-1.9044461424
614,614.0,4.0,,0.4,-0.5366114553,-0.4535272081,-2.920758389047865,1.2734798186,0.0693041940999998,0.8029359972999999,-0.0335272080999999
615,615.0,5.0,,0.5,-0.5938987737,-0.6883157286,-2.2493209693193155,1.3427840127,0.1009032969000001,0.7336318032,-0.1883157286
616,616.0,6.0,,0.6,-0.6702815359,-0.8368650634,-0.2334753829003737,1.4436873096,0.1159175196999999,0.6327285062999999,-0.4168650633999999
617,617.0,7.0,,0.7,-0.7510496268,-0.7794445107,-1.7382150496707738,1.5596048293,0.1324972848999999,0.5168109865999999,-0.5994445106999998
618,618.0,8.0,,0.8,-0.8336315316,-0.8706841109,-3.682442874279511,1.6921021142,0.1865515723000002,0.3843137017,-1.0906841109000005
619,619.0,9.0,,0.9,-0.9343016188,-1.1382583111,1.9477423352886551,1.8786536865,0.1977621293999998,0.1977621293999998,-1.9182583111
620,620.0,0.0,,0.0,0.0,-1.0,-12.96626010577111,0.0,0.3448379734,0.8374454996,0.2471517851999999
621,621.0,1.0,,0.1,-0.1578858036,-2.138740207,16.396799452713815,0.3448379734,0.3202723912999999,0.4926075262,0.2471517851999999
622,622.0,2.0,,0.2,-0.2820956732,-0.3748503921,0.159129136894955,0.6651103647,0.0212243301,0.1723351349,0.2471517851999999
623,623.0,3.0,,0.3,-0.3169978234,-0.3240353282,-0.5900090387960444,0.6863346948,0.0226708023999999,0.1511108048,0.2471517851999999
624,624.0,4.0,,0.4,-0.3506875494,-0.3493465061,0.6646894724699517,0.7090054972,0.0227561277,0.1284400024000001,0.2471517851999999
625,625.0,5.0,,0.5,-0.3807168934,-0.2528482148,0.2981283780701806,0.7317616249,0.0205907859,0.1056838747,0.2471517851999999
626,626.0,6.0,,0.6,-0.4033364739,-0.2004157966,0.1557196819019055,0.7523524108,0.0204189694999999,0.0850930888,0.2471517851999999
627,627.0,7.0,,0.7,-0.4216554618,-0.1665248405,0.7721836336902737,0.7727713803,0.0201904670999999,0.0646741193,0.2471517851999999
628,628.0,8.0,,0.8,-0.4337671901,-0.0771947488,-0.6828010253707055,0.7929618474,0.0206337133,0.0444836522,0.2471517851999999
629,629.0,9.0,,0.9,-0.4444162438,-0.1348257976,-0.8924397341222119,0.8135955607,0.0238499388999999,0.0238499388999999,0.2471517851999999
630,630.0,0.0,,0.0,0.0,-1.0,-11.845943842730922,0.0,0.3121521238,2.2654337303,-2.5
631,631.0,1.0,,0.1,-0.1524663657,-2.0321280185,14.71624656449127,0.3121521238,0.2840364722999999,1.9532816065,-2.8121280185
632,632.0,2.0,,0.2,-0.2746602809,-0.4383094469,-19.72808802138751,0.5961885961,0.4216773134,1.6692451342,-0.6583094468999999
633,633.0,3.0,,0.3,-0.4118038967,-2.2739746332,16.49656133853244,1.0178659095,0.3738987182,1.2475678207999998,-2.0939746332
634,634.0,4.0,,0.4,-0.5484004403,-0.4877219558,-3.95316912878836,1.3917646277,0.0851656902999999,0.8736691025999999,-0.0677219557999999
635,635.0,5.0,,0.5,-0.6139360809,-0.8175032281,-0.8277079637575777,1.476930318,0.1101917102,0.7885034122999999,-0.3175032281
636,636.0,6.0,,0.6,-0.6957357578,-0.8184743476,-1.1540253861000551,1.5871220282,0.1247551144999998,0.6783117020999998,-0.3984743476
637,637.0,7.0,,0.7,-0.7792059922,-0.8504066518,-0.8179490049812015,1.7118771427,0.1399642269000001,0.5535565875999999,-0.6704066517999998
638,638.0,8.0,,0.8,-0.864089696,-0.8473178484,-4.629432920873112,1.8518413696,0.2013141613999998,0.4135923606999998,-1.0673178484
639,639.0,9.0,,0.9,-0.9671171994,-1.2072336371,2.78069897595376,2.053155531,0.2122781993,0.2122781993,-1.9872336371000003
640,640.0,0.0,,0.0,0.0,-1.0,-11.355725590058624,0.0,0.2984891984,2.1119538615,-2.5
641,641.0,1.0,,0.1,-0.1500949752,-1.9854775838,14.174836346902984,0.2984891984,0.2701671807,1.8134646631,-2.7654775838
642,642.0,2.0,,0.2,-0.270468542,-0.4476203823,-18.079813075156896,0.5686563791,0.3665278209,1.5432974824,-0.6676203823
643,643.0,3.0,,0.3,-0.4005248635,-2.1255453684,13.69570751276914,0.9351842,0.3209887098,1.1767696614999998,-1.9455453684
644,644.0,4.0,,0.4,-0.5365453962,-0.6199540843,-1.9881987421561085,1.2561729098,0.0816998336999998,0.8557809516999999,-0.1999540842999999
645,645.0,5.0,,0.5,-0.6051595119,-0.7501598429,-1.8813544409963787,1.3378727435,0.1082437263,0.774081118,-0.2501598429
646,646.0,6.0,,0.6,-0.6856471635,-0.8578076353,-0.0362444729646429,1.4461164698,0.1199144153,0.6658373917,-0.4378076353
647,647.0,7.0,,0.7,-0.7674541264,-0.7796251198,-3.5110334031194808,1.5660308851,0.1556771824,0.5459229764,-0.5996251197999999
648,648.0,8.0,,0.8,-0.8586296386,-1.0395529479,0.242618009247814,1.7217080675,0.1783321020999999,0.3902457939999999,-1.2595529479000005
649,649.0,9.0,,0.9,-0.9563828779,-0.9175379076,-3.1598609265973314,1.9000401696,0.2119136918999999,0.2119136918999999,-1.6975379076
650,650.0,0.0,,0.0,0.0,-1.0,-11.870832044989363,0.0,0.3128561691,2.1403812445999995,-2.5
651,651.0,1.0,,0.1,-0.1525867604,-2.0344964441,14.281051857128125,0.3128561691,0.2824444013999999,1.8275250755,-2.8144964441000004
652,652.0,2.0,,0.2,-0.2771112797,-0.4818667391,-18.126956627255502,0.5953005705,0.3771609565,1.5450806740999998,-0.7018667391
653,653.0,3.0,,0.3,-0.4106546249,-2.1610190566,14.876822478513487,0.972461527,0.3355337674999999,1.1679197175999998,-1.9810190566
654,654.0,4.0,,0.4,-0.5443373788,-0.5396540549,-2.563046076323576,1.3079952945,0.0772897009999999,0.8323859500999999,-0.1196540548999999
655,655.0,5.0,,0.5,-0.6080908128,-0.7322052285,-1.008712703698357,1.3852849955,0.0977736013000001,0.7550962491,-0.2322052285
656,656.0,6.0,,0.6,-0.6826485673,-0.7585187444,-1.4991522529290489,1.4830585968,0.1164145054999998,0.6573226477999998,-0.3385187443999999
657,657.0,7.0,,0.7,-0.7620826572,-0.8289998798,-1.5245763087908557,1.5994731023,0.1404272150000001,0.5409081423,-0.6489998797999998
658,658.0,8.0,,0.8,-0.8483468817,-0.8951932862,-3.900477211716273,1.7399003173,0.1972961600999998,0.4004809272999998,-1.1151932862000002
659,659.0,9.0,,0.9,-0.952404056,-1.181183833,2.9160210322594264,1.9371964774,0.2031847672,0.2031847672,-1.961183833
660,0.0,,,0.0,0.0,-1.0,2.758301602634284,0.0,0.072062796,2.3857532149,0.2130764907
661,1.0,,,0.1,-0.0818195259,-0.6423503139,-15.38318407246204,0.072062796,0.3204925217,2.3136904189,0.2130764907
662,2.0,,,0.2,-0.2173621343,-2.0451261127,17.021621603539938,0.3925553177,0.3068037211999999,1.9931978972,0.2130764907
663,3.0,,,0.3,-0.329640924,-0.2306851626,-0.7708764620107555,0.6993590389,0.0186202446,1.686394176,0.2130764907
664,4.0,,,0.4,-0.355322528,-0.2820912048,-0.3328675116211588,0.7179792835,0.0218139346,1.6677739313999995,0.2130764907
665,5.0,,,0.5,-0.3837769747,-0.2869235093,-19.00200891883209,0.7397932181,0.3676023922,1.6459599967999998,0.2130764907
666,6.0,,,0.6,-0.5030020115,-2.0678993644,16.10054783925512,1.1073956103,0.3292942545999999,1.2783576045999998,0.2130764907
667,7.0,,,0.7,-0.6219035966,-0.3389429954,-20.059139752648264,1.4366898649,0.4428425117000001,0.94906335,0.2130764907
668,8.0,,,0.8,-0.7511927257,-2.2155678415,19.30736222073091,1.8795323766,0.4277726037,0.5062208382999998,0.2130764907
669,9.0,,,0.9,-0.8686341125,-0.1673902327,0.8810504273544453,2.3073049803,0.0784482345999997,0.0784482345999997,0.2130764907
670,0.0,,,0.0,0.0,-1.0,3.321428904370764,0.0,0.0697227366,0.9119228238,0.3173934747
671,1.0,,,0.1,-0.07909544,-0.5887616696,-17.321707098759436,0.0697227366,0.3686547578,0.8422000872,0.3173934747
672,2.0,,,0.2,-0.2189158461,-2.1811119733,18.92608584140625,0.4383774944,0.3560313824999999,0.4735453294,0.3173934747
673,3.0,,,0.3,-0.3349227115,-0.1724965238,-0.1553333319319074,0.7944088769,0.0147626195,0.1175139469,0.3173934747
674,4.0,,,0.4,-0.3520895044,-0.1708630641,-0.2942664542901427,0.8091714964,0.0161941839,0.1027513274,0.3173934747
675,5.0,,,0.5,-0.3697726886,-0.1826065253,0.1833840743099004,0.8253656803,0.0170601984999999,0.0865571434999999,0.3173934747
676,6.0,,,0.6,-0.3862630032,-0.1477778032,0.9210582069963036,0.8424258788,0.0167936549,0.069496945,0.3173934747
677,7.0,,,0.7,-0.3958703685,-0.0460646173,-0.4091923594844204,0.8592195337,0.0164001422999999,0.0527032900999999,0.3173934747
678,8.0,,,0.8,-0.4022334367,-0.0806207851,-0.4369203727596431,0.875619676,0.0176158083999999,0.0363031477999999,0.3173934747
679,9.0,,,0.9,-0.412018945,-0.114527314,-0.0510125676563013,0.8932354844,0.0186873394,0.0186873394,0.3173934747
680,0.0,,,0.0,0.0,-1.0,2.7738377786332413,0.0,0.0719913508,0.801162297,0.4694607004000001
681,1.0,,,0.1,-0.0817443709,-0.6408718512,-15.601315972156277,0.0719913508,0.3268593914,0.7291709462,0.4694607004000001
682,2.0,,,0.2,-0.21820148,-2.0645463394,17.4125167059849,0.3988507422,0.3146971392,0.4023115547999999,0.4694607004000001
683,3.0,,,0.3,-0.3304374255,-0.2110587232,0.9798289405037192,0.7135478814,0.0144400450999999,0.0876144155999999,0.4694607004000001
684,4.0,,,0.4,-0.3457826818,-0.0977305729,0.5607196203308138,0.7279879265,0.0128461389999999,0.0731743704999999,0.4694607004000001
685,5.0,,,0.5,-0.352370543,-0.0350707496,0.8532137833599376,0.7408340655,0.0128680239999999,0.0603282314999999,0.4694607004000001
686,6.0,,,0.6,-0.3515806148,0.0494607004,0.3158561862843587,0.7537020895,0.0126016585,0.0474602075,0.4694607004000001
687,7.0,,,0.7,-0.3453459068,0.0748116111,-0.212271308719899,0.766303748,0.0121018268,0.0348585489999999,0.4694607004000001
688,8.0,,,0.8,-0.3392533078,0.0474918812,-0.1079918029981965,0.7784055748,0.0115333113999999,0.0227567221999999,0.4694607004000001
689,9.0,,,0.9,-0.3352562588,0.0326956519,-0.1807324437893056,0.7899388862,0.0112234108,0.0112234108,0.4694607004000001
690,0.0,,,0.0,0.0,-1.0,1.8097700269479688,0.0,0.077165381,2.1204161736,0.1700411568
691,1.0,,,0.1,-0.0864079685,-0.7326150288,-15.755686383217874,0.077165381,0.3564738011999999,2.0432507925999994,0.1700411568
692,2.0,,,0.2,-0.23234235,-2.1622492856,17.85229835055594,0.4336391822,0.3417615347,1.6867769913999997,0.1700411568
693,3.0,,,0.3,-0.3517485529,-0.2576132476,-0.6414014388643638,0.7754007169,0.0211920216,1.3450154566999997,0.1700411568
694,4.0,,,0.4,-0.3793661424,-0.2941358021,-19.69250558357538,0.7965927385,0.3924475387999999,1.3238234350999998,0.1700411568
695,5.0,,,0.5,-0.5026177406,-2.1401347622,17.722461108708647,1.1890402773,0.3593358805,0.9313758962999998,0.1700411568
696,6.0,,,0.6,-0.6205475487,-0.2499588432,0.5568385856103222,1.5483761578,0.0445665669000001,0.5720400157999999,0.1700411568
697,7.0,,,0.7,-0.6416414433,-0.1731810901,-0.9329166373189242,1.5929427247,0.0473401304999998,0.5274734488999997,0.1700411568
698,8.0,,,0.8,-0.6626344599,-0.2454797372,-0.6780847764339983,1.6402828552,0.0529928091,0.4801333183999998,0.1700411568
699,9.0,,,0.9,-0.6892748899,-0.2866477848,-19.706500262249342,1.6932756643,0.4271405092999998,0.4271405092999998,0.1700411568
700,0.0,,,0.0,0.0,-1.0,2.113663456358494,0.0,0.0753717946,0.7861555465,0.2989828636
701,1.0,,,0.1,-0.0849379055,-0.7036957489,-14.215164433305487,0.0753717946,0.3012121362,0.7107837519,0.2989828636
702,2.0,,,0.2,-0.2206681058,-1.9894819919,16.404703609624356,0.3765839308,0.2895450557999999,0.4095716156999999,0.2989828636
703,3.0,,,0.3,-0.3306359478,-0.2390437889,0.4234472337694597,0.6661289866,0.0160739555,0.1200265599,0.2989828636
704,4.0,,,0.4,-0.3513355831,-0.1759994303,-0.5007776462954172,0.6822029421,0.0168197136,0.1039526043999999,0.2989828636
705,5.0,,,0.5,-0.3705064621,-0.2069063159,0.6956426489347056,0.6990226557,0.0173643668999999,0.0871328907999999,0.2989828636
706,6.0,,,0.6,-0.3868313767,-0.1210171364,-0.0009423120084275,0.7163870226,0.0167497702,0.0697685238999999,0.2989828636
707,7.0,,,0.7,-0.3983527325,-0.1095900118,0.3767328093713096,0.7331367928,0.0170744883,0.0530187536999999,0.2989828636
708,8.0,,,0.8,-0.4069593581,-0.0633101053,-0.0019725960917265,0.7502112811,0.0171767639,0.0359442653999999,0.2989828636
709,9.0,,,0.9,-0.4129936868,-0.0574730362,-0.8686361944386578,0.767388045,0.0187675014999999,0.0187675014999999,0.2989828636
710,0.0,,,0.0,0.0,-1.0,3.4452703506349787,0.0,0.0692770568,0.8385108534,0.4096910708
711,1.0,,,0.1,-0.0784963671,-0.5769765978,-16.496459267300473,0.0692770568,0.3385779262,0.7692337966,0.4096910708
712,2.0,,,0.2,-0.2132032204,-2.0919156712,17.916592162114114,0.407854983,0.3253000423,0.4306558704,0.4096910708
713,3.0,,,0.3,-0.3256052783,-0.1878543971,0.389801862560436,0.7331550253,0.0138205960999999,0.1053558280999999,0.4096910708
714,4.0,,,0.4,-0.341597034,-0.1328824552,0.3144895615311496,0.7469756214,0.0133798587,0.091535232,0.4096910708
715,5.0,,,0.5,-0.3527216038,-0.0903089292,-0.7648793128286111,0.7603554801,0.0146798094,0.0781553733,0.4096910708
716,6.0,,,0.6,-0.365015686,-0.1545027784,0.1021421056662652,0.7750352895,0.0158933006,0.0634755638999999,0.4096910708
717,7.0,,,0.7,-0.3792246496,-0.1300796042,0.4764095245936375,0.7909285901,0.0159598399999999,0.0475822632999999,0.4096910708
718,8.0,,,0.8,-0.389298959,-0.0723643423,0.4360872921262384,0.8068884301,0.0157164239,0.0316224232999999,0.4096910708
719,9.0,,,0.9,-0.3940758008,-0.0239787713,-0.3634207150376358,0.822604854,0.0159059993999999,0.0159059993999999,0.4096910708
0,,,,0.0,0.0,-1.0,-1.1630890158665603,0.0,0.1025998306,1.4009086168000002,-2.5
1,,,,0.1,-0.1007889345,-1.0155199671,-0.5284276326267712,0.1025998306,0.1009112257,1.2983087862000002,-1.7955199671000002
2,,,,0.2,-0.1999847353,-0.9691669295,-1.1424030747519434,0.2035110563,0.10248079720000003,1.1973975605000002,-1.1891669295
3,,,,0.3,-0.2977394471,-0.9856525252,-2.3075390313986013,0.3059918535,0.12524478279999995,1.0949167633,-0.8056525252000001
4,,,,0.4,-0.4026988535,-1.111447022,1.4870260081629538,0.4312366363,0.1194809093,0.9696719805,-0.6914470219999999
5,,,,0.5,-0.5012736341,-0.8641696405,-2.757101444751383,0.5507175456,0.1254734487,0.8501910712,-0.3641696405
6,,,,0.6,-0.5968474451,-1.044305974,-1.4177120319274772,0.6761909943,0.1561797275000001,0.7247176225,-0.624305974
7,,,,0.7,-0.7030843624,-1.07984026,-1.3663042618439605,0.8323707218,0.17804411019999988,0.568537895,-0.89984026
8,,,,0.8,-0.8124541209,-1.1071009276,0.2545098687037384,1.010414832,0.1836054383000001,0.3904937848000001,-1.3271009276
9,,,,0.9,-0.9165776627,-0.9775263989,-2.4476171800232116,1.1940202703,0.2068883465,0.2068883465,-1.7575263989000003
0,,,,0.0,0.0,-1.0,-0.42602172403855776,0.0,0.0949590618,1.385336444,-2.5
1,,,,0.1,-0.0972234268,-0.9453787456,-1.2279470715489222,0.0949590618,0.09491514040000001,1.2903773822,-1.7253787456000003
2,,,,0.2,-0.1931281918,-0.9722686877,-1.6824472132369959,0.1898742022,0.1087668624,1.1954622418,-1.1922686877
3,,,,0.3,-0.2937904782,-1.0398511227,-0.7574490211519578,0.2986410646,0.11761243700000001,1.0866953794,-0.8598511227000001
4,,,,0.4,-0.3964095225,-1.0129769805,-0.9014829509200804,0.4162535016,0.12198560099999994,0.9690829424,-0.5929769804999999
5,,,,0.5,-0.4971679392,-1.0023668589,-1.2065524989543999,0.5382391026,0.13327133740000008,0.8470973414,-0.5023668589000001
6,,,,0.6,-0.598392121,-1.021797927,-1.4489360060325092,0.67151044,0.1520996495,0.713826004,-0.6017979269999999
7,,,,0.7,-0.7026381579,-1.0624454906,-0.7943350884397589,0.8236100895,0.16760436309999993,0.5617263545,-0.8824454905999999
8,,,,0.8,-0.8075857598,-1.0369313976,-1.598980505710201,0.9912144526,0.18865199710000002,0.39412199140000004,-1.2569313976000003
9,,,,0.9,-0.9139976249,-1.0904175831,-0.3950326886573545,1.1798664497,0.20546999430000001,0.20546999430000001,-1.8704175831000003
0,,,,0.0,0.0,-1.0,-1.7315607229885235,0.0,0.109093984,1.4577564441,-2.5
1,,,,0.1,-0.1035388862,-1.0696171861,-0.21969736339566714,0.109093984,0.10837089119999999,1.3486624601,-1.8496171861000001
2,,,,0.2,-0.2063891849,-0.9887366237,-1.468341313211948,0.2174648752,0.11016723110000001,1.2402915688999998,-1.2087366237000001
3,,,,0.3,-0.30758288,-1.03437706,-0.2696200778955089,0.3276321063,0.11246247399999998,1.1301243377999999,-0.85437706
4,,,,0.4,-0.407321356,-0.9616005917,-2.035185600486173,0.4400945803,0.12586729079999998,1.0176618638,-0.5416005917
5,,,,0.5,-0.5086748453,-1.0637656625,0.10746822778321374,0.5659618711,0.13297546940000005,0.891794573,-0.5637656625
6,,,,0.6,-0.609385655,-0.95230803,-3.4473140654844983,0.6989373405,0.16534095250000003,0.7588191035999999,-0.5323080299999999
7,,,,0.7,-0.7166858065,-1.189739285,0.34325899385879977,0.864278293,0.1846503101,0.5934781510999999,-1.0097392849999998
8,,,,0.8,-0.8282440466,-1.0438551456,-0.8871931667709112,1.0489286031,0.1853444151999999,0.4088278409999999,-1.2638551456000002
9,,,,0.9,-0.9318717484,-1.0289467605,-2.638110615431166,1.2342730183,0.22348342580000002,0.22348342580000002,-1.8089467605000003
0,,,,0.0,0.0,-1.0,-1.2263093166477692,0.0,0.1032961861,1.4151762016,-2.5
1,,,,0.1,-0.1010947594,-1.0215361723,-1.1451770383958153,0.1032961861,0.10864590549999999,1.3118800155,-1.8015361723000003
2,,,,0.2,-0.2038464755,-1.0333021601,-1.4539423843238863,0.2119420916,0.11874456189999999,1.2032341100000001,-1.2533021601
3,,,,0.3,-0.3092115217,-1.0733313522,0.8344689679964079,0.3306866535,0.10989100160000004,1.0844895481,-0.8933313522000002
4,,,,0.4,-0.4073158151,-0.891780162,-2.5757729557110185,0.4405776551,0.11900027359999998,0.9745985465,-0.47178016199999995
5,,,,0.5,-0.5046400302,-1.0520332425,-0.8895010630467926,0.5595779287,0.14054270309999994,0.8555982729,-0.5520332425000001
6,,,,0.6,-0.6090572756,-1.0365661034,-0.5946131963377259,0.7001206318,0.1469198958000001,0.7150555698000001,-0.6165661034
7,,,,0.7,-0.7105759789,-0.9945087197,-1.6871061585435594,0.8470405276,0.16520620080000004,0.568135674,-0.8145087196999998
8,,,,0.8,-0.8133771098,-1.0604182047,-0.8937164581527071,1.0122467284,0.18625668549999985,0.40292947319999994,-1.2804182047000001
9,,,,0.9,-0.9186125447,-1.0445544156,-2.0741431803378916,1.1985034139,0.2166727877000001,0.2166727877000001,-1.8245544156000002
0,,,,0.0,0.0,-1.0,-1.3658808097216604,0.0,0.1048564501,1.4609680125000002,-2.5
1,,,,0.1,-0.1017699291,-1.0348181518,-1.0033215410067482,0.1048564501,0.1097172498,1.3561115624000002,-1.8148181518000002
2,,,,0.2,-0.205099383,-1.0318208521,-1.3905275249023556,0.2145736999,0.11776378839999999,1.2463943126,-1.2518208521
3,,,,0.3,-0.310016696,-1.0659562916,-0.46511434597549406,0.3323374883,0.12086912320000004,1.1286305242,-0.8859562916000001
4,,,,0.4,-0.4137059375,-1.0087784846,-0.5881885700487028,0.4532066115,0.11944722339999997,1.007761401,-0.5887784846
5,,,,0.5,-0.5125492113,-0.9687540678,-2.0407792170924814,0.5726538349,0.13808763960000003,0.8883141776,-0.46875406779999995
6,,,,0.6,-0.6146104519,-1.070770749,-1.434722498042303,0.7107414745,0.1643159944,0.7502265379999999,-0.650770749
7,,,,0.7,-0.7234481122,-1.1054053384,-0.05234240897222597,0.8750574689,0.1717408277,0.5859105436,-0.9254053383999998
8,,,,0.8,-0.8288945669,-1.0051931247,-2.8835764586762975,1.0467982966,0.20248822610000006,0.41416971589999996,-1.2251931247000003
9,,,,0.9,-0.9385002727,-1.1839450648,1.4844532546809408,1.2492865227,0.2116814897999999,0.2116814897999999,-1.9639450648000003
0,,,,0.0,0.0,-1.0,-1.247583099177627,0.0,0.103531967,1.424041625,-2.5
1,,,,0.1,-0.1011976702,-1.0235606397,-0.6720271982204526,0.103531967,0.10393982199999999,1.3205096580000002,-1.8035606397000004
2,,,,0.2,-0.2018532662,-0.9901077635,-0.8621409648537832,0.207471789,0.1035706028,1.2165698360000001,-1.2101077635
3,,,,0.3,-0.3002450116,-0.9779301147,-2.114892068663745,0.3110423918,0.12143733230000003,1.1129992332,-0.7979301147000001
4,,,,0.4,-0.4035377947,-1.0861265384,0.9494997611928491,0.4324797241,0.11905037839999999,0.9915619009000001,-0.6661265384
5,,,,0.5,-0.5023032542,-0.8924111027,-3.847288818799406,0.5515301025,0.14578454679999997,0.8725115225000001,-0.3924111027
6,,,,0.6,-0.6058383309,-1.1736049079,1.4855089673729691,0.6973146493,0.15450997200000005,0.7267269757000001,-0.7536049078999999
7,,,,0.7,-0.7103356185,-0.9205567236,-3.3456877406014174,0.8518246213,0.17165487709999994,0.5722170037000001,-0.7405567235999998
8,,,,0.8,-0.8141225983,-1.1513385178,0.5172093217588505,1.0234794984,0.19057510630000007,0.4005621266000001,-1.3713385178000002
9,,,,0.9,-0.9211850988,-0.9925550852,-2.3752910550785367,1.2140546047,0.20998702030000005,0.20998702030000005,-1.7725550852000003
