,Unnamed: 0,t,x0,x1,u,L,inst_cost,ctg,path_diff
0,0.0,0.0,0.0,-1.0,-11.686177483483732,0.0,0.3076564975,5.2587778021,-2.5
1,1.0,0.1,-0.1516935091,-2.0169242392,-13.396925143270847,0.3076564975,0.7665740584,4.9511213046,-2.7969242392000004
2,2.0,0.2,-0.4084357444,-3.0998745183,14.598571345039083,1.0742305559,0.6626324806999999,4.1845472462,-3.3198745183
3,3.0,0.3,-0.6328084148,-1.4156447134,8.911753482243551,1.7368630366,0.1789139559999999,3.5219147655,-1.2356447134
4,4.0,0.4,-0.724414941,-0.4328628389,-7.379464464416351,1.9157769926,0.1474077701000002,3.3430008095000003,-0.0128628388999999
5,5.0,0.5,-0.801304224,-1.0939200024,1.201387648341182,2.0631847627,0.1704431553999996,3.1955930394,-0.5939200024
6,6.0,0.6,-0.8995930698,-0.8754923918,-12.256412043988316,2.2336279181,0.3809294690000002,3.025149884,-0.4554923918
7,7.0,0.7,-1.0421965476,-1.9585301184,-12.770794451952876,2.6145573871,0.8407244651000001,2.644220415,-1.7785301183999995
8,8.0,0.8,-1.2903530052,-2.987453106,1.947849911168845,3.4552818522,0.9648778728000004,1.8034959499,-3.207453106
9,9.0,0.9,-1.5652241346,-2.5177969854,0.9296441094630694,4.420159725,0.8386180770999996,0.8386180770999996,-3.2977969854
10,0.0,0.0,0.0,-1.0,-8.812494286220476,0.0,0.2338548981,14.324355634699998,-2.5
11,1.0,0.1,-0.1377923012,-1.7434571274,-15.938360737957025,0.2338548981,0.7394189942,14.090500736599996,-2.5234571274000004
12,2.0,0.2,-0.3808046495,-3.0942808529,-19.102208885695585,0.9732738923,1.7312199006000002,13.351081742399998,-3.3142808529
13,3.0,0.3,-0.7676695948,-4.6176367961,-11.94102467016396,2.7044937929,2.6514836781,11.6198618418,-4.4376367961000005
14,4.0,0.4,-1.2648598095,-5.3145490485,18.11452204751348,5.355977471,2.1779311973999995,8.968378163699999,-4.8945490485
15,5.0,0.5,-1.6829785354,-3.0849781178,-19.45872179025708,7.5339086684,2.061342156700001,6.7904469663,-2.5849781178
16,6.0,0.6,-2.0706830077,-4.6431458245,17.8242588486859,9.5952508251,1.9763638266999983,4.729104809599999,-4.2231458245
17,7.0,0.7,-2.426313684,-2.5050892634,12.65793298041568,11.5716146518,1.0500979730000015,2.7527409829000007,-2.3250892634
18,8.0,0.8,-2.6034726795,-1.0621369698,2.4192301248660684,12.6217126248,0.786532360499999,1.7026430098999992,-1.2821369698000002
19,9.0,0.9,-2.6928484084,-0.7308382285,17.820840358253093,13.4082449853,0.9161106494000002,0.9161106494000002,-1.5108382285000004
20,0.0,0.0,0.0,-1.0,-10.564304875113994,0.0,0.2772529442,8.947706943100002,1.2787901143999996
21,1.0,0.1,-0.1462665425,-1.910163945,-14.501469683694127,0.2772529442,0.7591852829999999,8.670453998900001,1.2787901143999996
22,2.0,0.2,-0.3981922951,-3.1083851608,-17.647343026126954,1.0364382272,1.6591086283,7.9112687159,1.2787901143999996
23,3.0,0.3,-0.7793616222,-4.4919501363,1.7601891908162024,2.6955468555,1.8599293386,6.2521600876,1.2787901143999996
24,4.0,0.4,-1.1983126897,-3.8969801497,10.96166065866434,4.5554761941,1.2751087789,4.392230749,1.2787901143999996
25,5.0,0.5,-1.5161335112,-2.4829932623,5.0551812517389365,5.830584973,0.7312194992000007,3.1171219701000004,1.2787901143999996
26,6.0,0.6,-1.7279676694,-1.765640979,15.979910992635167,6.5618044722,0.5533168661999994,2.3859024709,1.2787901143999996
27,7.0,0.7,-1.8186896467,-0.0769279025,11.124266383332971,7.1151213384,0.4185341141999998,1.8325856047,1.2787901143999996
28,8.0,0.8,-1.772197565,0.9890066543,12.230647083329018,7.5336554526,0.6099955184999999,1.4140514905000003,1.2787901143999996
29,9.0,0.9,-1.6189163169,2.0587901144,7.727331984084422,8.1436509711,0.8040559720000005,0.8040559720000005,1.2787901143999996
30,0.0,0.0,0.0,-1.0,11.106304374052137,0.0,0.0900117834,3.9130336348,-2.5
31,1.0,0.1,-0.0414367454,0.1520671828,-16.02001192054327,0.0900117834,0.1881724894999999,3.8230218514,-0.6279328172000003
32,2.0,0.2,-0.1044611376,-1.3869096171,2.6155628856841915,0.2781842729,0.1499416105,3.6348493619,-1.6069096171
33,3.0,0.3,-0.2237904716,-1.0060239945,-12.959354768830078,0.4281258834,0.3545673899999999,3.4849077514,-0.8260239945000001
34,4.0,0.4,-0.3822161289,-2.1435338141,-2.863297158043366,0.7826932734,0.5031215826000001,3.1303403614,-1.7235338141
35,5.0,0.5,-0.6000513748,-2.212028284,-5.918242450102603,1.285814856,0.6422326289,2.6272187788,-1.712028284
36,6.0,0.6,-0.8391819528,-2.564721951,6.728627020322886,1.9280474849,0.5676132298000001,1.9849861499,-2.144721951
37,7.0,0.7,-1.050698514,-1.6803426877,8.531258659637906,2.4956607147,0.3101373911,1.4173729201,-1.5003426877
38,8.0,0.8,-1.1693349663,-0.7085803694,-13.012872620677625,2.8057981058,0.4162265373,1.107235529,-0.9285803694000002
39,9.0,0.9,-1.299714018,-1.8794885798,-7.516173277248592,3.2220246431,0.6910089917,0.6910089917,-2.6594885798000005
40,0.0,0.0,0.0,-1.0,-6.54975630272447,0.0,0.1851568922,8.0615512808,-2.5
41,1.0,0.1,-0.1268464943,-1.528129136,-2.65261812975794,0.1851568922,0.2584671630999999,7.8763943886,-2.308129136
42,2.0,0.2,-0.2850990285,-1.6351384147,-13.435691710928095,0.4436240553,0.6027120691000001,7.6179272255,-1.8551384147
43,3.0,0.3,-0.5056970689,-2.7581095455,16.75701391107426,1.0463361244,0.535941287,7.0152151564,-2.5781095455000003
44,4.0,0.4,-0.6871052276,-0.9009999957,-10.030035846759429,1.5822774114,0.2928083409999999,6.4792738694,-0.4809999956999999
45,5.0,0.5,-0.8213658321,-1.7697429758,1.1688410135419147,1.8750857524,0.3483762915000001,6.1864655284,-1.2697429758
46,6.0,0.6,-0.9841250419,-1.4900996646,-18.232231531178723,2.2234620439,0.8347025483999997,5.8380892369,-1.0700996645999998
47,7.0,0.7,-1.2141236999,-3.0833241598,-15.292485651220009,3.0581645923,1.6717743597000003,5.0033866885,-2.9033241598
48,8.0,0.8,-1.581516939,-4.2451794858,1.8971080085689136,4.729938952,1.8828414823,3.3316123287999995,-4.4651794858
49,9.0,0.9,-1.976322027,-3.660663597,8.55284753587344,6.6127804343,1.4487708464999995,1.4487708464999995,-4.440663597
50,0.0,0.0,0.0,-1.0,18.032247740585877,0.0,0.1905829391,6.628375729,4.2619339784
51,1.0,0.1,-0.007933061,0.811157835,10.2410965222373,0.1905829391,0.2201257488,6.4377927899000005,4.2619339784
52,2.0,0.2,0.1187992693,1.7085351569,7.482056708309418,0.4107086879,0.4305432792999999,6.2176670411,4.2619339784
53,3.0,0.3,0.3175817299,2.2579583673,5.454114496408472,0.8412519672,0.6171608366,5.7871237618,4.2619339784
54,4.0,0.4,0.5588387766,2.5621127702,7.979362876947903,1.4584128038,0.8807211643000001,5.1699629252,4.2619339784
55,5.0,0.5,0.8412548881,3.0776329463,11.10916216955484,2.3391339681,1.3706423755,4.2892417609,4.2619339784
56,6.0,0.6,1.187870073,3.8419339784,-9.35615219376595,3.7097763436,1.2685644721,2.9185993854,4.2619339784
57,7.0,0.7,1.5082190184,2.5859698136,-12.667449991504975,4.9783408157,0.6997010254999996,1.6500349133,4.2619339784
58,8.0,0.8,1.693028838,1.1344149949,2.51629698329684,5.6780418412,0.4546895736000005,0.9503338878000004,4.2619339784
59,9.0,0.9,1.8131539495,1.2659195817,-0.088497030698992,6.1327314148,0.4956443141999997,0.4956443141999997,4.2619339784
60,0.0,0.0,0.0,-1.0,2.09652757661965,0.0,0.0754689447,11.8686598672,-2.5
61,1.0,0.1,-0.0850207989,-0.7053264434,-2.37586839726497,0.0754689447,0.0663986989,11.7931909225,-1.4853264434000002
62,2.0,0.2,-0.1636345557,-0.8642995264,-16.028024345981976,0.1418676436,0.406681285,11.7267922236,-1.0842995264
63,3.0,0.3,-0.323417782,-2.3073187347,-1.9964184286155915,0.5485489286,0.5471025943999999,11.3201109386,-2.1273187347
64,4.0,0.4,-0.5526457304,-2.2777326291,-10.440960312095768,1.095651523,0.8206354736000001,10.7730083442,-1.8577326291
65,5.0,0.5,-0.8199079505,-3.0545664402,-6.083939406391652,1.9162869966,1.1403292543,9.9523728706,-2.5545664402
66,6.0,0.6,-1.1400188434,-3.342849488,-11.531832602344508,3.0566162509,1.6450834207000002,8.8120436163,-2.922849488
67,7.0,0.7,-1.5139173729,-4.1221342187,-7.750994233131593,4.7016996716,2.1774644595999995,7.1669601956,-3.9421342187
68,8.0,0.8,-1.9436847047,-4.4674663102,-6.251250810176035,6.8791641312,2.566061191500001,4.989495736,-4.6874663102
69,9.0,0.9,-2.3990596635,-4.6372164325,5.61881686084956,9.4452253227,2.423434544499999,2.423434544499999,-5.4172164325
70,0.0,0.0,0.0,-1.0,0.5057812826038308,0.0,0.0865590942,6.6856988423,-2.5
71,1.0,0.1,-0.0927159046,-0.8567059672,-4.585380402057693,0.0865590942,0.1212107217999999,6.5991397481,-1.6367059672000002
72,2.0,0.2,-0.196423589,-1.2115363229,-13.141756369108997,0.207769816,0.4249285042999999,6.4779290263,-1.4315363229
73,3.0,0.3,-0.3752886741,-2.3468468747,-19.67733323850947,0.6326983203,1.2587832153000005,6.0530005220000005,-2.1668468747
74,4.0,0.4,-0.6938081636,-3.9960607092,6.539910025119472,1.8914815356,1.3230997583999995,4.7942173067,-3.5760607092
75,5.0,0.5,-1.0424476554,-2.9934302148,10.829099622614624,3.214581294,0.7507754242,3.4711175483,-2.4934302148
76,6.0,0.6,-1.2749254976,-1.6780424104,-17.848457868848207,3.9653567182,0.9766911367000004,2.7203421241,-1.2580424104
77,7.0,0.7,-1.520952253,-3.2168614418,17.45488162788873,4.9420478549,0.9481147211999996,1.7436509873999997,-3.0368614418
78,8.0,0.8,-1.7426407653,-1.2496847667,10.244159227213864,5.8901625761,0.4297461512999998,0.7955362662000001,-1.4696847667
79,9.0,0.9,-1.8120090961,-0.1559005132,7.692481492561033,6.3199087274,0.3657901149000002,0.3657901149000002,-0.9359005132000002
80,0.0,0.0,0.0,-1.0,15.206336027208742,0.0,0.1401639331,11.1913214814,4.4523003755
81,1.0,0.1,-0.0216031781,0.5422367808,9.701113732931384,0.1401639331,0.1505886216,11.0511575483,4.4523003755
82,2.0,0.2,0.0769258095,1.4138191665,7.781987702443839,0.2907525547,0.3325678639,10.900568926699998,4.4523003755
83,3.0,0.3,0.2491132224,2.0198305238,7.691836864173744,0.6233204186,0.5716998053000001,10.5680010628,4.4523003755
84,4.0,0.4,0.4785341441,2.5595932886,16.97017246375185,1.1950202239,1.2608377151,9.9963012575,4.4523003755
85,5.0,0.5,0.8042034714,3.9309412077,-12.863505012158818,2.455857939,1.1721065945000002,8.7354635424,4.4523003755
86,6.0,0.6,1.1160558518,2.332738326,6.562451720519832,3.6279645335,0.8208863604000003,7.563356947899999,4.4523003755
87,7.0,0.7,1.3697906435,2.7352487064,15.664683012799289,4.4488508939,1.4990238567999992,6.742470587499999,4.4523003755
88,8.0,0.8,1.7058606032,3.965647048,17.276060869178927,5.9478747507,2.660008458000001,5.2434467307,4.4523003755
89,9.0,0.9,2.1668133626,5.2323003755,-12.84236911641488,8.6078832087,2.5834382726999987,2.5834382726999987,4.4523003755
90,0.0,0.0,0.0,-1.0,-16.079950305655217,0.0,0.4463592142,8.9196635314,-2.5
91,1.0,0.1,-0.1729480245,-2.4350470061,-9.203652397216596,0.4463592142,0.8189185457,8.4733043172,-3.2150470061000003
92,2.0,0.2,-0.4491953011,-3.0791649692,3.3063960660457745,1.2652777599,0.8117623713,7.654385771499999,-3.2991649692
93,3.0,0.3,-0.7262223112,-2.4714983525,-18.58474549617105,2.0770401312,1.3267846449,6.842623400199999,-2.2914983525
94,4.0,0.4,-1.051318637,-4.0048765763,4.088476788357141,3.4038247761,1.4733921433000003,5.515838755299999,-3.5848765763
95,5.0,0.5,-1.4126553364,-3.234692198,6.641830629440651,4.8772169194,1.0329632874999994,4.042446611999999,-2.734692198
96,6.0,0.6,-1.688348014,-2.2948164575,-1.2640060735257386,5.9101802069,0.8297930811,3.0094833245,-1.8748164575
97,7.0,0.7,-1.9128435061,-2.1967215727,2.748505112007763,6.739973288,0.7950007037000004,2.1796902434,-2.0167215727
98,8.0,0.8,-2.1085938703,-1.7261206974,16.394878943290763,7.5349739917,0.7003359374999993,1.3846895396999992,-1.9461206974000005
99,9.0,0.9,-2.1935474849,-0.0016791884,-15.39514535644245,8.2353099292,0.6843536021999999,0.6843536021999999,-0.7816791884000003
100,0.0,0.0,0.0,-1.0,-16.906807251952053,0.0,0.4759575619,13.7649344228,-2.5
101,1.0,0.1,-0.1769478769,-2.5137328483,-5.374346897917306,0.4759575619,0.7284589332,13.2889768609,-3.2937328483000003
102,2.0,0.2,-0.4421591506,-2.7859562644,-8.350983016138084,1.2044164951,1.0062549277,12.5605179277,-3.0059562644
103,3.0,0.3,-0.7476751373,-3.3155385793,1.6483080459435016,2.2106714228,1.0318086493999998,11.554263,-3.1355385793000004
104,4.0,0.4,-1.0552174067,-2.8431655053,-8.086457501422121,3.2424800722,1.1400095052000006,10.5224543506,-2.4231655053
105,5.0,0.5,-1.3648980252,-3.342130637,-1.6896464705058918,4.3824895774,1.3006101069999998,9.382444845399998,-2.842130637
106,6.0,0.6,-1.6911181679,-3.1848751413,-3.6100230890574,5.6830996844,1.3775382121000002,8.0818347384,-2.7648751413
107,7.0,0.7,-2.0116617817,-3.2253338364,-14.27595362278582,7.0606378965,2.0059792484,6.704296526299999,-3.0453338364
108,8.0,0.8,-2.3876516213,-4.2769393591,-3.6823786324864183,9.0666171449,2.4893292107,4.698317277899999,-4.496939359100001
109,9.0,0.9,-2.8124699737,-4.22035887,10.235563560926272,11.5559463556,2.2089880672,2.2089880672,-5.00035887
110,0.0,0.0,0.0,-1.0,2.869117735853578,0.0,0.071561745,2.6159173966,0.7052180374
111,1.0,0.1,-0.081283462,-0.6318047645,-14.442510636944217,0.071561745,0.2896300056999999,2.5443556516,0.7052180374
112,2.0,0.2,-0.2112720988,-1.9460671913,4.747037993264858,0.3611917507,0.2869146591,2.2547256459,0.7052180374
113,3.0,0.3,-0.3735015624,-1.3091339284,15.444845656398684,0.6481064098,0.1822945038,1.9678109868,0.7052180374
114,4.0,0.4,-0.4233689625,0.2852180374,-1.646516476301187,0.8304009136,0.0223138405999999,1.785516483,0.7052180374
115,5.0,0.5,-0.4041915792,0.1013890065,-19.52840036706712,0.8527147542,0.3103411309999999,1.7632026424,0.7052180374
116,6.0,0.6,-0.4890101395,-1.76663247,-5.99723202468506,1.1630558852,0.4423852347000001,1.4528615114,0.7052180374
117,7.0,0.7,-0.6861385995,-2.1692272124,1.7435837450480136,1.6054411199,0.4571508984000001,1.0104762767,0.7052180374
118,8.0,0.8,-0.8841333793,-1.7968740581,4.00247878717256,2.0625920183,0.3337058311999996,0.5533253782999998,0.7052180374
119,9.0,0.9,-1.0357671243,-1.2449924344,6.239721271951378,2.3962978495,0.2196195471000002,0.2196195471000002,0.7052180374
120,0.0,0.0,0.0,-1.0,-16.09592450670405,0.0,0.4469205415,9.4068159068,-2.5
121,1.0,0.1,-0.1730252984,-2.4365671523,7.826977389616726,0.4469205415,0.4230224924999999,8.9598953653,-3.2165671523
122,2.0,0.2,-0.3670330066,-1.4598617051,6.70019029487402,0.869943034,0.1592263487999999,8.5368728728,-1.6798617051
123,3.0,0.3,-0.4735456144,-0.6833300678,-2.713327180304592,1.0291693828,0.0912350216999999,8.377646524,-0.5033300678000001
124,4.0,0.4,-0.5516985822,-0.876509818,-17.74268332077973,1.1204044045,0.5043369684000001,8.2864115023,-0.456509818
125,5.0,0.5,-0.7209382436,-2.4815384888,-15.850167701722103,1.6247413729,1.1936283781,7.782074533899999,-1.9815384888
126,6.0,0.6,-1.0337617216,-3.7537317809,10.286772283865504,2.818369751,1.1575157468999997,6.5884461558,-3.3337317809
127,7.0,0.7,-1.3412151319,-2.4176011422,-14.473030387980558,3.9758854979,1.2364558308000002,5.4309304089,-2.2376011422
128,8.0,0.8,-1.6412924078,-3.5648269051,-10.119595021169856,5.2123413287,1.8975828153,4.1944745781,-3.7848269051
129,9.0,0.9,-2.029483336,-4.188595479,-4.860801219785618,7.109924144,2.2968917628000005,2.2968917628000005,-4.968595479
130,0.0,0.0,0.0,-1.0,-16.954602678043862,0.0,0.4777023275,10.812026497099998,-2.5
131,1.0,0.1,-0.1771790832,-2.5182811846,-19.1748594986557,0.4777023275,1.3215158276,10.3343241696,-3.2982811846000004
132,2.0,0.2,-0.5095820189,-4.1033641987,5.76236756630934,1.7992181551,1.3887392978000002,9.012808342,-4.323364198699999
133,3.0,0.3,-0.8721938972,-3.1645155639,-7.084908694654626,3.1879574529,1.2597349842999996,7.6240690442,-2.9845155639000005
134,4.0,0.4,-1.2076096349,-3.5375906956,7.257860489949863,4.4476924372,1.1319988482000003,6.3643340599,-3.1175906956
135,5.0,0.5,-1.5091469447,-2.5102673368,-13.685300124066888,5.5796912854,1.3077938666,5.2323352117,-2.0102673368
136,6.0,0.6,-1.8142320006,-3.5737122933,1.569176317506301,6.887485152,1.5035032823000003,3.9245413451,-3.1537122933
137,7.0,0.7,-2.1467249051,-3.084301757,17.117074439412193,8.3909884343,1.1360566419999998,2.4210380627999992,-2.904301757
138,8.0,0.8,-2.3574325487,-1.1618866695,12.639409979743242,9.5270450763,0.6913799136000005,1.2849814207999994,-1.3818866695000005
139,9.0,0.9,-2.406858509,0.1514802887,-4.7900329944835605,10.2184249899,0.5936015071999989,0.5936015071999989,-0.6285197113000003
140,0.0,0.0,0.0,-1.0,3.3676963348079667,0.0,0.0695533227,6.0644779341,0.4971888280999998
141,1.0,0.1,-0.0788716251,-0.5843587414,5.97294264262996,0.0695533227,0.0291752963999999,5.9949246114,0.4971888280999998
142,2.0,0.2,-0.1055870949,0.0396509926,2.956110654205343,0.0987286191,0.0092576649999999,5.965749315,0.4971888280999998
143,3.0,0.3,-0.0875138649,0.3171888281,-7.417821165914802,0.1079862841,0.0330618739,5.95649165,0.4971888280999998
144,4.0,0.4,-0.093212447,-0.4188947064,-4.516053817489887,0.141048158,0.0510358623999999,5.9234297761,0.4971888280999998
145,5.0,0.5,-0.1549215897,-0.8087909455,-14.352799134939165,0.1920840204,0.3360711235999999,5.8723939137,0.4971888280999998
146,6.0,0.6,-0.3013187108,-2.0976737378,-12.720959681894628,0.528155144,0.7899585285,5.5363227901,0.4971888280999998
147,7.0,0.7,-0.5624753561,-3.1086130607,-0.4407473651286224,1.3181136725,0.9400663284,4.7463642616,0.4971888280999998
148,8.0,0.8,-0.8604310534,-2.8547321,-18.063910801581056,2.2581800009,1.5764841244,3.8062979332,0.4971888280999998
149,9.0,0.9,-1.2194773978,-4.3020768358,-7.609820166762788,3.8346641253,2.2298138088000004,2.2298138088000004,0.4971888280999998
150,0.0,0.0,0.0,-1.0,15.051909163714484,0.0,0.1377814665,3.1575601096,-2.5
151,1.0,0.1,-0.0223502054,0.5275411217,-18.148383631728265,0.1377814665,0.205214668,3.0197786431,-0.2524588783000001
152,2.0,0.2,-0.0599393435,-1.2497081033,-12.712075604669,0.3429961345,0.4184853644999999,2.8145639751,-1.4697081033
153,3.0,0.3,-0.2403584074,-2.3404965998,12.37855171830786,0.761481499,0.3694962478,2.3960786106,-2.1604965998
154,4.0,0.4,-0.4032058774,-0.939793958,-6.254481382730713,1.1309777468,0.1861168145,2.0265823628,-0.519793958
155,5.0,0.5,-0.5228946587,-1.445553315,1.0148554653187745,1.3170945613,0.2120342758,1.8404655483,-0.945553315
156,6.0,0.6,-0.6555479372,-1.2114144899,6.240791917995395,1.5291288371,0.1456913327,1.6284312725,-0.7914144898999999
157,7.0,0.7,-0.7406399258,-0.5022433096,-14.385582776623204,1.6748201698,0.3180721311999999,1.4827399398,-0.3222433095999998
158,8.0,0.8,-0.8580236487,-1.8234178643,-3.92487090499008,1.992892301,0.4696829723000002,1.1646678086,-2.0434178643000003
159,9.0,0.9,-1.0505310597,-2.0233975438,-7.687558763302604,2.4625752733,0.6949848362999997,0.6949848362999997,-2.8033975438
160,0.0,0.0,0.0,-1.0,5.505765450040272,0.0,0.0655072543,6.0861943607,-2.5
161,1.0,0.1,-0.0685288908,-0.3808945642,-2.4049004908645277,0.0655072543,0.0269709947,6.0206871064000005,-1.1608945642000004
162,2.0,0.2,-0.1164093137,-0.5735041904,-8.00741921443402,0.092478249,0.1258431431,5.9937161117,-0.7935041904
163,3.0,0.3,-0.2097206831,-1.2809347424,-8.338109847361048,0.2183213921,0.310068539,5.8678729686,-1.1009347424
164,4.0,0.4,-0.3719526636,-1.9525137467,1.1946617914120985,0.5283899311,0.3474027151,5.5578044296,-1.5325137466999998
165,5.0,0.5,-0.5519799417,-1.6530202894,-8.5473804708182,0.8757926462,0.4767853687,5.2104017145,-1.1530202894
166,6.0,0.6,-0.7506328737,-2.3091054045,1.6972107181472609,1.3525780149,0.5243600850000001,4.7336163458,-1.8891054045
167,7.0,0.7,-0.9621631628,-1.9278540436,-17.9242471066225,1.8769380999,1.0280865002,4.2092562608,-1.7478540436
168,8.0,0.8,-1.2323297897,-3.4501121273,-0.5780631363807345,2.9050246001,1.2941533730000003,3.1811697606000005,-3.6701121273
169,9.0,0.9,-1.5634483784,-3.1767998523,-15.995464732808331,4.1991779731,1.8870163876,1.8870163876,-3.9567998523
170,0.0,0.0,0.0,-1.0,-5.839798947509717,0.0,0.1715867657,1.5360706885,2.1047445337
171,1.0,0.1,-0.1234121336,-1.4605677611,14.37329757383842,0.1715867657,0.1734194582,1.3644839228,2.1047445337
172,2.0,0.2,-0.1928738862,0.0462237488,7.886925593978038,0.3450062239,0.0570248855999999,1.1910644646,2.1047445337
173,3.0,0.3,-0.1503228021,0.7923652241,-0.9908511201947832,0.4020311095,0.0519209113,1.134039579,2.1047445337
174,4.0,0.4,-0.0797124534,0.6226697634,10.94263704269182,0.4539520208,0.1939785148,1.0821186677,2.1047445337
175,5.0,0.5,0.0324764806,1.6047445337,-15.475395142500572,0.6479305356,0.2031423133,0.8881401528999999,2.1047445337
176,6.0,0.6,0.1103272379,-0.0206457378,18.01491975381708,0.8510728489,0.2613529041999999,0.6849978395999999,2.1047445337
177,7.0,0.7,0.195508267,1.6956652084,-10.103503003860377,1.1124257531,0.1950071327,0.4236449354,2.1047445337
178,8.0,0.8,0.3079972778,0.5728258972,6.890837264808173,1.3074328858,0.1160202809999999,0.2286378027,2.1047445337
179,9.0,0.9,0.3958427343,1.1740641673,-8.590653221887026,1.4234531668,0.1126175217,0.1126175217,2.1047445337
180,0.0,0.0,0.0,-1.0,-4.338012125962173,0.0,0.1455718362,11.174523900300004,-2.5
181,1.0,0.1,-0.1161473645,-1.3176538481,-10.39455066740098,0.1455718362,0.3729860726999999,11.028952064100004,-2.0976538481
182,2.0,0.2,-0.2918214443,-2.181434835,2.4631046840663373,0.5185579089,0.403344346,10.655965991400004,-2.401434835
183,3.0,0.3,-0.4874974488,-1.7394483621,7.201349775152586,0.9219022549,0.2342696996,10.252621645400003,-1.5594483621000002
184,4.0,0.4,-0.6181920015,-0.8886188319,-14.46335720130216,1.1561719545,0.4043733578999999,10.018351945800005,-0.4686188319
185,5.0,0.5,-0.7727204893,-2.1804260643,-12.635862349128706,1.5605453124,0.8910232786000001,9.613978587900002,-1.6804260643000002
186,6.0,0.6,-1.0413404083,-3.1753923802,3.738316959170941,2.451568591,0.959702349,8.722955309300001,-2.7553923802
187,7.0,0.7,-1.3254351092,-2.5174659834,-18.068710455898746,3.41127094,1.4695358878999998,7.763252960300001,-2.3374659834
188,8.0,0.8,-1.6524095621,-3.9973625761,-16.64107100040148,4.8808068279,2.6273274316000004,6.293717072400001,-4.2173625761
189,9.0,0.9,-2.1133087387,-5.2005704994,-11.435972707484066,7.5081342595,3.6663896408,3.6663896408,-5.980570499400001
190,0.0,0.0,0.0,-1.0,-0.358120390236941,0.0,0.0942994384,7.751182697600002,-2.5
191,1.0,0.1,-0.0968949596,-0.9389170794,-11.41298623544757,0.0942994384,0.2851434137,7.656883259200002,-1.7189170794000002
192,2.0,0.2,-0.2414541165,-1.935656546,2.138578389387145,0.3794428521,0.3170510778,7.371739845500001,-2.155656546
193,3.0,0.3,-0.4153110628,-1.5479417608,-13.600671412945092,0.6964939299,0.5841848459,7.054688767700001,-1.3679417608
194,4.0,0.4,-0.6284093217,-2.6949106432,9.708635565810194,1.2806787758,0.5531668532,6.470503921800001,-2.2749106432
195,5.0,0.5,-0.8378992621,-1.5145571463,-6.784710018554531,1.833845629,0.4235291030000001,5.9173370686,-1.0145571463
196,6.0,0.6,-1.0148488915,-2.0160785187,3.896535959041614,2.257374732,0.4321266629,5.4938079656,-1.5960785187000002
197,7.0,0.7,-1.1878552085,-1.4534186058,-19.68207472366094,2.6895013949,0.9310085056,5.0616813027,-1.2734186058
198,8.0,0.8,-1.4213764569,-3.1881048298,-14.141131242347132,3.6205099005,1.7480530710000002,4.1306727971,-3.4081048298
199,9.0,0.9,-1.7931713206,-4.2304230903,-7.929020755061899,5.3685629715,2.3826197261,2.3826197261,-5.010423090300001
200,0.0,0.0,0.0,-1.0,18.052648779055183,0.0,0.1909939592,5.7883898596,3.9625778432
201,1.0,0.1,-0.0078343726,0.8130992505,15.540091712333506,0.1909939592,0.3703476844999999,5.5973959004,3.9625778432
202,2.0,0.2,0.1447161768,2.2145578724,-7.938172004628999,0.5613416437,0.3422634377,5.2270482159,3.9625778432
203,3.0,0.3,0.3170590043,1.2483978443,5.7828449306338605,0.9036050814,0.2488452598,4.8847847782,3.9625778432
204,4.0,0.4,0.4638338333,1.6799075085,4.460268237962112,1.1524503412,0.3705251676000001,4.6359395184,3.9625778432
205,5.0,0.5,0.6452735374,1.9444946282,18.73768337515991,1.5229755088,1.0167488347,4.2654143508,3.9625778432
206,6.0,0.6,0.9209586599,3.5425778432,-13.40156931916757,2.5397243435,0.9681159843999998,3.2486655160999995,3.9625778432
207,7.0,0.7,1.1932505534,1.9301290177,6.528417783084535,3.5078403279,0.6549297939000005,2.2805495317,3.9625778432
208,8.0,0.8,1.408507149,2.3677142005,-6.569928290140821,4.1627701218,0.6312160799999997,1.6256197377999992,3.9625778432
209,9.0,0.9,1.6020437565,1.5171847639,17.655732919721856,4.7939862018,0.9944036577999996,0.9944036577999996,3.9625778432
210,0.0,0.0,0.0,-1.0,3.797777688823541,0.0,0.068144683,8.021696218700002,-2.5
211,1.0,0.1,-0.0767911466,-0.5434310845,-9.664248884573803,0.068144683,0.1514214018,7.953551535700002,-1.3234310845
212,2.0,0.2,-0.1752554617,-1.4113916579,3.0718456925641178,0.2195660848,0.1547324201,7.802130133900001,-1.6313916579
213,3.0,0.3,-0.2947074267,-0.9847551236,3.161783655553186,0.3742985049,0.0792110187999999,7.647397713800001,-0.8047551236
214,4.0,0.4,-0.3731244843,-0.5901597004,-6.661858181303355,0.4535095237,0.1201765749,7.568186695000001,-0.1701597003999999
215,5.0,0.5,-0.4615117992,-1.1679582037,-5.520554069426794,0.5736860986,0.2346269235,7.448010120100001,-0.6679582037
216,6.0,0.6,-0.5993629501,-1.5821624597,-7.254196937119746,0.8083130221,0.4209937010999999,7.213383196600001,-1.1621624596999998
217,7.0,0.7,-0.7850172043,-2.1219278993,-18.07412057873065,1.2293067232,1.1046305722000005,6.792389495500001,-1.9419278993
218,8.0,0.8,-1.0743774042,-3.6399797572,-19.551753457419625,2.3339372954,2.3208238549999995,5.6877589233000005,-3.8599797572
219,9.0,0.9,-1.5153472907,-5.1541852164,-11.42121700128596,4.6547611504,3.366935068300001,3.366935068300001,-5.9341852164
220,0.0,0.0,0.0,-1.0,6.008867382077774,0.0,0.0656314659,5.4101929695,-2.5
221,1.0,0.1,-0.066095177,-0.3330180848,-9.645454518671915,0.0656314659,0.1154589465,5.3445615036,-1.1130180848000002
222,2.0,0.2,-0.1444451168,-1.2192135969,-11.978628869532017,0.1810904124,0.3883542072,5.229102557099999,-1.4392135969
223,3.0,0.3,-0.3184142628,-2.2431073379,6.481458942421206,0.5694446196,0.3759900301,4.840748349899999,-2.0631073379
224,4.0,0.4,-0.5005206246,-1.4128550817,-15.64546551948737,0.9454346497,0.6149313808,4.4647583198,-0.9928550817
225,5.0,0.5,-0.7106552041,-2.7672670543,14.62540814799705,1.5603660305,0.5683625331000002,3.849826939,-2.2672670543
226,6.0,0.6,-0.9032462991,-1.1121351444,-7.920751651987601,2.1287285636,0.3369061216999998,3.2814644058999995,-0.6921351444
227,7.0,0.7,-1.047395961,-1.7600606478,-18.78053315495874,2.4656346853,1.0014484699,2.9445582842,-1.5800606478
228,8.0,0.8,-1.3057371704,-3.3797727538,4.244093087259433,3.4670831552,1.1345783494,1.9431098143,-3.5997727538000004
229,9.0,0.9,-1.6068345624,-2.6542660531,6.923647882042118,4.6016615046,0.8085314648999997,0.8085314648999997,-3.4342660531000004
230,0.0,0.0,0.0,-1.0,-2.794619066846625,0.0,0.1226427642,7.7620963536,3.9133418278
231,1.0,0.1,-0.1086813555,-1.1707805512,0.0553498478867737,0.1226427642,0.126483825,7.6394535894,3.9133418278
232,2.0,0.2,-0.2198281026,-1.0540988193,17.90810949194445,0.2491265892,0.1952013735999999,7.5129697644,3.9133418278
233,3.0,0.3,-0.2335098616,0.7503938889,13.434911096936029,0.4443279628,0.2916723871,7.3177683908,3.9133418278
234,4.0,0.4,-0.0971102436,1.9574853806,6.467751910288779,0.7360003499,0.496205747,7.0260960037,3.9133418278
235,5.0,0.5,0.1204561791,2.3866941489,14.0157153411635,1.2322060969,0.9856444785,6.5298902567,3.9133418278
236,6.0,0.6,0.4153800343,3.4933418278,2.7822967522296693,2.2178505754,1.236023974,5.5442457782,3.9133418278
237,7.0,0.7,0.7612747854,3.425676752,3.879754637641465,3.4538745494,1.2842629034000002,4.3082218042,3.9133418278
238,8.0,0.8,1.1060389999,3.4688880013,3.2626962016565244,4.7381374528,1.3663619086,3.0239589007999994,3.9133418278
239,9.0,0.9,1.4519304311,3.4492661902,8.22663161510993,6.1044993614,1.6575969921999991,1.6575969921999991,3.9133418278
240,0.0,0.0,0.0,-1.0,-4.809993175843875,0.0,0.1533541222,8.0804170598,-2.5
241,1.0,0.1,-0.1184305345,-1.3625687831,-0.1600601568771331,0.1533541222,0.1738179888,7.9270629376,-2.1425687831
242,2.0,0.2,-0.2488704856,-1.2481348477,0.8470183158356335,0.327172111,0.1417912283,7.7532449488,-1.4681348477
243,3.0,0.3,-0.3635490881,-1.0487544136,-15.777211257099882,0.4689633393,0.4706384013,7.6114537205,-0.8687544136
244,4.0,0.4,-0.5396722278,-2.4503523996,-4.034648750690586,0.9396017406,0.6916224213000001,7.1408153192,-2.0303523996
245,5.0,0.5,-0.7923715242,-2.6011179783,13.92161302977776,1.6312241619,0.5226486207000001,6.4491928979,-2.1011179783
246,6.0,0.6,-0.9725560354,-1.0287721641,-16.262694237426185,2.1538727826,0.5717760773,5.9265442772,-0.6087721641
247,7.0,0.7,-1.1491259793,-2.4784716439,-11.992209146008266,2.7256488599,1.1090735858,5.3547681999,-2.2984716439
248,8.0,0.8,-1.4429950779,-3.3838234599,-14.209393050600628,3.8347224457,1.9035462704,4.2456946141,-3.6038234599
249,9.0,0.9,-1.8337452453,-4.4140125976,-3.572881928820326,5.7382687161,2.3421483437,2.3421483437,-5.1940125976
250,0.0,0.0,0.0,-1.0,5.84642656356861,0.0,0.065546494,3.2193180632,-2.5
251,1.0,0.1,-0.0668809707,-0.348476373,3.764811060901433,0.065546494,0.0112030035,3.1537715692,-1.1284763730000005
252,2.0,0.2,-0.0818309171,0.0429546796,-3.525349250038396,0.0767494975,0.0095883472999999,3.1425685657,-0.1770453203999999
253,3.0,0.3,-0.0947968116,-0.2966143509,-7.574102940704988,0.0863378448,0.0762663067,3.1329802184,-0.1166143509
254,4.0,0.4,-0.1596624958,-0.9891589608,-6.026907518529692,0.1626041515,0.1769196249,3.0567139117,-0.5691589608
255,5.0,0.5,-0.2829480885,-1.4685641199,-19.35574914761276,0.3395237764,0.7714636709000001,2.8797942868,-0.9685641199
256,6.0,0.6,-0.5163322826,-3.1707548407,-0.3708550632660916,1.1109874473,0.9676712869999996,2.1083306159,-2.7507548407
257,7.0,0.7,-0.8198634618,-2.9043091678,18.05002409646973,2.0786587343,0.6404766393000001,1.1406593289,-2.7243091678
258,8.0,0.8,-1.0089295984,-0.9102406215,-5.101828374174872,2.7191353736,0.2509469722999999,0.5001826895999999,-1.1302406215
259,9.0,0.9,-1.1202301711,-1.3091228863,7.713816881804206,2.9700823459,0.2492357172999999,0.2492357172999999,-2.0891228863
260,0.0,0.0,0.0,-1.0,-18.20586498802144,0.0,0.5246961625,5.1661270083,2.4015957474
261,1.0,0.1,-0.1832319617,-2.6373545371,6.498174775963573,0.5246961625,0.518818585,4.6414308458,2.4015957474
262,2.0,0.2,-0.4027750492,-1.767993972,-0.9337376845845072,1.0435147475,0.3232044541000001,4.1226122608,2.4015957474
263,3.0,0.3,-0.5755389519,-1.6886038377,-11.078409692995676,1.3667192016,0.5731670163,3.799407806700001,2.4015957474
264,4.0,0.4,-0.7898217493,-2.5821620096,5.880531486391174,1.9398862179,0.5771259185,3.2262407904000003,2.4015957474
265,5.0,0.5,-1.0071005396,-1.7768300707,11.576254057535994,2.5170121364,0.3238526653,2.6491148719,2.4015957474
266,6.0,0.6,-1.1201890956,-0.506116109,18.375497391358586,2.8408648017,0.3366106312000001,2.3252622066,2.4015957474
267,7.0,0.7,-1.0794624688,1.2907070033,15.276124786565733,3.1774754329,0.6172188108999999,1.9886515754,2.4015957474
268,8.0,0.8,-0.8827387342,2.6215957474,4.777527376438847,3.7946942438,0.8114069996000004,1.3714327645000002,2.4015957474
269,9.0,0.9,-0.6101510091,2.8267607599,-11.71848450227702,4.6061012434,0.5600257648999998,0.5600257648999998,2.4015957474
270,0.0,0.0,0.0,-1.0,-13.651935731900997,0.0,0.3658458863,7.4203173207,-2.5
271,1.0,0.1,-0.1612027033,-2.2039908699,3.128651339689629,0.3658458863,0.3929609323,7.0544714344,-2.9839908699000004
272,2.0,0.2,-0.3558055682,-1.696522871,-15.275700010195798,0.7588068186,0.7063120552000001,6.6615105021,-1.916522871
273,3.0,0.3,-0.591146004,-2.9887524362,-10.44205252556794,1.4651188738,1.2380895837,5.9551984469,-2.8087524362
274,4.0,0.4,-0.9260754892,-3.6980282036,14.702753377554115,2.7032084575,1.0395932976999998,4.7171088632,-3.2780282036
275,5.0,0.5,-1.2068660699,-1.9469622852,-15.379438657699303,3.7428017552,0.9825918083,3.6775155655,-1.4469622852
276,6.0,0.6,-1.46654083,-3.2252313908,8.331672635540475,4.7253935635,1.0151303340000002,2.6949237572,-2.8052313908
277,7.0,0.7,-1.7331586845,-2.1254462728,7.315002721898107,5.7405238975,0.6449092649999999,1.6797934231999996,-1.9454462728
278,8.0,0.8,-1.9000358234,-1.2270688616,17.099132947818646,6.3854331625,0.5562433349999996,1.0348841581999997,-1.4470688616000005
279,9.0,0.9,-1.9340911978,0.5168998075,-13.341800425935997,6.9416764975,0.4786408232000001,0.4786408232000001,-0.2631001925000003
280,0.0,0.0,0.0,-1.0,-1.3437890446873126,0.0,0.1046073856,2.7650843715,-2.5
281,1.0,0.1,-0.1016630614,-1.0327158431,5.019286722439517,0.1046073856,0.0722177525,2.6604769859,-1.8127158431000003
282,2.0,0.2,-0.1756585812,-0.4567916511,-0.1460061567092907,0.1768251381,0.0234692787,2.5882592334,-0.6767916511
283,3.0,0.3,-0.219834348,-0.4272164998,-11.20537611075681,0.2002944168,0.1683001674,2.5647899547,-0.2472164998
284,4.0,0.4,-0.3146944543,-1.4528940047,-13.970457063456664,0.3685945842,0.5500965484,2.3964897873,-1.0328940047
285,5.0,0.5,-0.52053653,-2.6440976353,4.373568303299251,0.9186911326,0.5859821976999999,1.8463932389,-2.1440976353
286,6.0,0.6,-0.7509989074,-1.9762784276,-4.118654455829631,1.5046733303,0.5146100786999999,1.2604110412,-1.5562784276
287,7.0,0.7,-0.9589894014,-2.1801533792,17.840430942034345,2.019283409,0.4435396200000001,0.7458009625000002,-2.0001533792
288,8.0,0.8,-1.0801568181,-0.2749428682,2.8706955069144517,2.462823029,0.1249250923000002,0.3022613425,-0.4949428682000002
289,9.0,0.9,-1.0924348485,0.0244047129,8.559760291203688,2.5877481213,0.1773362501999997,0.1773362501999997,-0.7555952871000002
290,0.0,0.0,0.0,-1.0,14.454079175774538,0.0,0.1289225112,3.0519651987,2.6876487236
291,1.0,0.1,-0.025242159,0.4706500766,14.127262345979233,0.1289225112,0.2419924982,2.9230426875,2.6876487236
292,2.0,0.2,0.0878855848,1.7702485674,9.519094198880827,0.3709150094,0.5139359403,2.6810501893,2.6876487236
293,3.0,0.3,0.3023948485,2.5076487236,-9.169557888802393,0.8848509497,0.4467923991999999,2.167114249,2.6876487236
294,4.0,0.4,0.4966721908,1.3964155924,-13.78809201381738,1.3316433489,0.1856552604000001,1.7203218498,2.6876487236
295,5.0,0.5,0.5628599382,-0.0485813564,4.865141299529782,1.5172986093,0.0495449611,1.5346665894,2.6876487236
296,6.0,0.6,0.5817715125,0.4190211993,-5.91669085966954,1.5668435704,0.0569031345999999,1.4851216283,2.6876487236
297,7.0,0.7,0.5930256226,-0.1839019968,11.225507333445734,1.623746705,0.1226748354,1.4282184937,2.6876487236
298,8.0,0.8,0.6298273796,0.9018469795,19.614658733366436,1.7464215404,0.5953640648,1.3055436583,2.6876487236
299,9.0,0.9,0.8105337585,2.6826064739,-1.3169627438054263,2.3417856052,0.7101795934999999,0.7101795934999999,2.6876487236
300,0.0,0.0,0.0,-1.0,-7.554973626144372,0.0,0.2057670934,6.5625976375,-2.5
301,1.0,0.1,-0.1317091483,-1.6237882144,15.50272952444005,0.2057670934,0.2090314299,6.356830544099999,-2.4037882144000005
302,2.0,0.2,-0.2112398461,0.0060154359,-17.292900014699526,0.4147985233,0.2469031150999999,6.1477991142,-0.2139845641
303,3.0,0.3,-0.2943203807,-1.6401940309,2.8897838353627883,0.6617016384,0.2214463061,5.900895999099999,-1.4601940309
304,4.0,0.4,-0.4364263782,-1.2091096499,-11.486570125716252,0.8831479445,0.3916988279999999,5.679449693,-0.7891096499
305,5.0,0.5,-0.6070537143,-2.1871393263,-10.516368712133954,1.2748467725,0.7852149745999999,5.287750865,-1.6871393263
306,6.0,0.6,-0.8660596259,-2.979770286,2.7256296329597696,2.0600617471,0.8389761427000004,4.5025358904,-2.559770286
307,7.0,0.7,-1.1364372269,-2.4368297217,-14.506125934464595,2.8990378898,1.1927149797999994,3.6635597477,-2.2568297217
308,8.0,0.8,-1.4385044311,-3.585375111,1.057870616319498,4.0917528696,1.3918774615,2.4708447679,-3.805375111
309,9.0,0.9,-1.7745805761,-3.1435119043,8.475390210902056,5.4836303311,1.0789673064,1.0789673064,-3.9235119043
310,0.0,0.0,0.0,-1.0,-16.056908018227123,0.0,0.4455502453,10.2322909669,-2.5
311,1.0,0.1,-0.1728365593,-2.4328542425,5.800920478380913,0.4455502453,0.4441272981999999,9.7867407216,-3.2128542425
312,2.0,0.2,-0.3762917808,-1.6493069732,-11.548021338127104,0.8896775435,0.5499008537000001,9.3426134234,-1.8693069732
313,3.0,0.3,-0.5891066842,-2.5912942036,-16.971786191629814,1.4395783972,1.2959888146999998,8.7927125697,-2.4112942036
314,4.0,0.4,-0.9178005401,-3.9597789669,14.89880392267692,2.7355672119,1.1850794700000002,7.496723755000001,-3.5397789669
315,5.0,0.5,-1.222551608,-2.1651475067,-14.20584373666431,3.9206466819,1.0497577962999998,6.311644285000001,-1.6651475067
316,6.0,0.6,-1.4973122905,-3.3109711979,-3.234213996502312,4.9704044782,1.3764248815000002,5.261886488700001,-2.8909711979
317,7.0,0.7,-1.82803816,-3.303666728,3.4180613899902177,6.3468293597,1.2900873051,3.8854616072000008,-3.123666728
318,8.0,0.8,-2.1258891759,-2.6640095732,-1.2915656185451,7.6369166648,1.185646360699999,2.5953743021000006,-2.8840095732
319,9.0,0.9,-2.3856513763,-2.5334039345,-6.77945068118607,8.8225630255,1.4097279414000017,1.4097279414000017,-3.3134039345
320,0.0,0.0,0.0,-1.0,-13.244948724916783,0.0,0.3532846345,6.2015836675,0.4178423837000001
321,1.0,0.1,-0.1592339371,-2.1652609354,-12.692690553980114,0.3532846345,0.8129168471999999,5.848299033,0.4178423837000001
322,2.0,0.2,-0.4266856015,-3.1670783264,5.360967782425004,1.1662014817,0.8118694057,5.0353821858,0.4178423837000001
323,3.0,0.3,-0.7021399127,-2.355527237,-15.93913895821114,1.9780708874,1.1201958481000005,4.2235127801,0.4178423837000001
324,4.0,0.4,-1.0034022271,-3.6481788184,11.372627341380252,3.0982667355,1.0708468049999995,3.103316932,0.4178423837000001
325,5.0,0.5,-1.2955583605,-2.2187599508,9.612252550210336,4.1691135405,0.5205077693,2.032470127,0.4178423837000001
326,6.0,0.6,-1.4602027993,-1.092890257,12.890890557981749,4.6896213098,0.3378334962,1.5119623577,0.4178423837000001
327,7.0,0.7,-1.5018463842,0.2378423837,-14.557360035066193,5.027454806,0.3745526085000001,1.1741288614999998,0.4178423837000001
328,8.0,0.8,-1.549632708,-1.170107296,15.909242069430093,5.4020074145,0.4101547432999997,0.7995762529999997,0.4178423837000001
329,9.0,0.9,-1.5840234689,0.4552076718,10.469043175660168,5.8121621578,0.3894215097,0.3894215097,0.4178423837000001
330,0.0,0.0,0.0,-1.0,-9.064220676538095,0.0,0.2397851351,7.1057777829,-2.5
331,1.0,0.1,-0.1390100068,-1.7674120608,10.556920951337895,0.2397851351,0.208778777,6.8659926478,-2.5474120608
332,2.0,0.2,-0.2561332646,-0.5945967079,-18.136145701789697,0.4485639121,0.4060093225,6.6572138708,-0.8145967078999999
333,3.0,0.3,-0.4004487314,-2.2638958113,-5.101766844894238,0.8545732346,0.6175263543999999,6.2512045483,-2.0838958113
334,4.0,0.4,-0.6405663163,-2.5339549109,-2.3692172907100613,1.472099589,0.7002301375000002,5.6336781939,-2.1139549109
335,5.0,0.5,-0.8931649092,-2.5182780471,-11.568198675112049,2.1723297265,1.0545219373999997,4.9334480564,-2.0182780471
336,6.0,0.6,-1.1887709735,-3.3794918502,0.1302786453244664,3.2268516639,1.2148186266000005,3.878926119,-2.9594918502
337,7.0,0.7,-1.509741898,-3.0454930612,8.94170994630748,4.4416702905,0.9290545647999996,2.6641074923999994,-2.8654930612
338,8.0,0.8,-1.7563043637,-1.9047596009,-8.51403466133342,5.3707248553,0.8815926316000002,1.7350529276,-2.1247596009
339,9.0,0.9,-1.9787522253,-2.5337152054,12.952060709778776,6.2523174869,0.8534602959999997,0.8534602959999997,-3.3137152054000003
340,0.0,0.0,0.0,-1.0,-16.631797622281645,0.0,0.4659905258,9.6239301592,-2.5
341,1.0,0.1,-0.1756175401,-2.4875622221,11.413189290741546,0.4659905258,0.4171518347999999,9.1579396334,-3.2675622221000005
342,2.0,0.2,-0.3571300811,-1.1647307521,-19.718440864584483,0.8831423606,0.6658813045,8.7407877986,-1.3847307521
343,3.0,0.3,-0.5633552027,-2.9303497169,-7.210568311477647,1.5490236651,1.0639142918000002,8.0749064941,-2.7503497169
344,4.0,0.4,-0.8770953634,-3.3376663874,3.638964641764794,2.6129379569,1.0177814130999998,7.010992202300001,-2.9176663874
345,5.0,0.5,-1.1771130975,-2.6737521891,-14.719301491360168,3.63071937,1.3575966862000004,5.993210789200001,-2.1737521891
346,6.0,0.6,-1.5027576831,-3.8200377527,15.365626304873338,4.9883160562,1.2592841126999996,4.635614103,-3.4000377527
347,7.0,0.7,-1.7919525865,-1.9942802187,6.048367743243801,6.2476001689,0.6339626168999999,3.3763299903000004,-1.8142802187
348,8.0,0.8,-1.952474874,-1.2289211569,-19.204384884020094,6.8815627858,1.0669540940999998,2.7423673734000005,-1.4489211569000002
349,9.0,0.9,-2.1623218385,-2.9395126808,-10.128512782658431,7.9485168799,1.6754132793000007,1.6754132793000007,-3.7195126808
350,0.0,0.0,0.0,-1.0,10.734668276577048,0.0,0.0868116399,1.5726713059,2.3634886588
351,1.0,0.1,-0.0432345037,0.1167013314,18.06764439613002,0.0868116399,0.2846607347,1.485859666,2.3634886588
352,2.0,0.2,0.0552718462,1.8249594211,-12.714888657727466,0.3714723746,0.2242031651,1.2011989313,2.3634886588
353,3.0,0.3,0.1674324723,0.4413099292,5.7311207170014455,0.5956755397,0.0711076851999999,0.9769957662,2.3634886588
354,4.0,0.4,0.2371524753,0.9447019979,10.599617226260351,0.6667832249,0.2716860846,0.905888081,2.3634886588
355,5.0,0.5,0.3783275371,1.8634886588,-11.09186461977794,0.9384693095,0.2475603330000001,0.6342019964,2.3634886588
356,6.0,0.6,0.5020059546,0.6306237792,-6.342302518883054,1.1860296425,0.0596637233999999,0.3866416633999998,2.3634886588
357,7.0,0.7,0.5313375095,-0.0329380276,-9.70602968055129,1.2456933659,0.1056871352999999,0.3269779399999999,2.3634886588
358,8.0,0.8,0.4812509419,-0.953454428,-1.673205380600958,1.3513805012,0.1178864865,0.2212908046999999,2.3634886588
359,9.0,0.9,0.3824238391,-1.0219478632,11.03081661662886,1.4692669877,0.1034043181999999,0.1034043181999999,2.3634886588
360,0.0,0.0,0.0,-1.0,-5.672311523014034,0.0,0.1685043557,14.73234822,-2.5
361,1.0,0.1,-0.122601929,-1.4446292233,-18.382854575167784,0.1685043557,0.7085593749,14.5638438643,-2.2246292233
362,2.0,0.2,-0.3490021327,-3.0565144771,9.086769304433744,0.8770637306,0.685807826,13.8552844894,-3.2765144771
363,3.0,0.3,-0.5959115832,-1.9009280961,-19.00027081700241,1.5628715566,0.9991024418,13.1694766634,-1.7209280961
364,4.0,0.4,-0.8687210502,-3.5281457109,-13.338970026351332,2.5619739984,1.8123421768,12.1703742216,-3.1081457109
365,5.0,0.5,-1.2689946992,-4.4617690645,-8.360720507670255,4.3743161752,2.4250342563,10.358032044800002,-3.9617690645
366,6.0,0.6,-1.7340323146,-4.8328034999,9.38238552693899,6.7993504315,2.160191433700001,7.932997788500001,-4.4128034999
367,7.0,0.7,-2.1485482215,-3.4800490403,-14.144691473855012,8.9595418652,2.2542139873,5.7728063548,-3.3000490403
368,8.0,0.8,-2.5481423988,-4.4949240104,14.92659659895196,11.2137558525,2.1565232364,3.5185923675,-4.714924010400001
369,9.0,0.9,-2.9036851969,-2.6467215523,15.624755376899614,13.3702790889,1.3620691311000002,1.3620691311000002,-3.4267215523
370,0.0,0.0,0.0,-1.0,-10.928984326001366,0.0,0.2869123796,9.9601756207,-2.5
371,1.0,0.1,-0.1480306494,-1.9448677832,-3.0493226019551614,0.2869123796,0.4104973611999999,9.6732632411,-2.724867783200001
372,2.0,0.2,-0.3478601911,-2.0499705016,14.011646887261811,0.6974097408,0.2978184096,9.2627658799,-2.2699705016
373,3.0,0.3,-0.4751604956,-0.5215055085,-17.57686671481741,0.9952281504,0.3858800675,8.9649474703,-0.3415055085
374,4.0,0.4,-0.6098148276,-2.144537848,-18.73767840607437,1.3811082179,1.1210185392,8.5790674028,-1.7245378480000002
375,5.0,0.5,-0.9045365551,-3.7235839611,-2.734603977034116,2.5021267571,1.4746625937999998,7.458048863599999,-3.2235839611
376,6.0,0.6,-1.2721108288,-3.629470085,-9.336322354010631,3.9767893509,1.7866484814000003,5.9833862698,-3.209470085
377,7.0,0.7,-1.6626627601,-4.1725503892,4.209374790178757,5.7634378323,1.7795137401999996,4.196737788399999,-3.9925503892
378,8.0,0.8,-2.0393708421,-3.3749048281,16.136909838298344,7.5429515725,1.2241012505000004,2.4172240482,-3.5949048281
379,9.0,0.9,-2.2824748408,-1.5181098456,-15.73300918327213,8.767052823,1.1931227976999992,1.1931227976999992,-2.2981098456
380,0.0,0.0,0.0,-1.0,-1.1114358311739494,0.0,0.1020356888,1.4186882355999997,2.3159380637
381,1.0,0.1,-0.100539065,-1.0106045181,7.645075084579076,0.1020356888,0.0718174821,1.3166525467999997,2.3159380637
382,2.0,0.2,-0.1597283811,-0.1869076936,-6.937780941396383,0.1738531709,0.0571361006,1.2448350646999995,2.3159380637
383,3.0,0.3,-0.2110758948,-0.829338274,8.920578087220687,0.2309892715,0.0653697123999999,1.1876989640999998,2.3159380637
384,4.0,0.4,-0.2468453074,0.0984889473,18.14601432640002,0.2963589839,0.2882037068,1.1223292517,2.3159380637
385,5.0,0.5,-0.1496929912,1.8159380637,-8.477897658638058,0.5845626907,0.2183585083,0.8341255448999999,2.3159380637
386,6.0,0.6,-0.0178947679,0.8363500746,-7.409895395061641,0.802921199,0.0517490480999999,0.6157670365999999,2.3159380637
387,7.0,0.7,0.0258497653,0.0516160019,-12.392608503694037,0.8546702471,0.1187974095,0.5640179885,2.3159380637
388,8.0,0.8,-0.0291865403,-1.1326085428,-5.455735425949001,0.9734676566,0.1973306083999999,0.4452205789999999,2.3159380637
389,9.0,0.9,-0.1633601754,-1.5440084504,19.056609817085917,1.170798265,0.2478899705999999,0.2478899705999999,2.3159380637
390,0.0,0.0,0.0,-1.0,-19.30340010926491,0.0,0.5680042897,8.6874670804,-2.5
391,1.0,0.1,-0.1885411964,-2.7417988145,1.5807523870072515,0.5680042897,0.6548007375999999,8.1194627907,-3.5217988145000003
392,2.0,0.2,-0.4418110891,-2.3304536831,-4.957049733416534,1.2228050273,0.6489008359000001,7.4646620531,-2.5504536831
393,3.0,0.3,-0.6875623637,-2.5804073819,-16.674476410177125,1.8717058632,1.2895655249999998,6.8157612172,-2.4004073819
394,4.0,0.4,-1.0137819857,-3.9216354009,11.301431209352618,3.1612713882,1.2372118809,5.5261956922,-3.5016354009
395,5.0,0.5,-1.3323052111,-2.4729690546,5.361245110768063,4.3984832691,0.6661454768000006,4.2889838113,-1.9729690546
396,6.0,0.6,-1.5417051171,-1.7274446374,-5.82959428824363,5.0646287459,0.6567159675999994,3.622838334499999,-1.3074446374000002
397,7.0,0.7,-1.734293154,-2.1178160294,0.2561540437535967,5.7213447135,0.7391985156,2.9661223669,-1.9378160294
398,8.0,0.8,-1.9345915004,-1.8919022786,-13.310562944503744,6.4605432291,1.1156951588000004,2.2269238513,-2.1119022786
399,9.0,0.9,-2.1790186053,-2.9785314681,19.495961113024293,7.5762383879,1.1112286924999992,1.1112286924999992,-3.7585314681
400,0.0,0.0,0.0,-1.0,-8.175841945199963,0.0,0.2193145725,7.483000853600001,-2.5
401,1.0,0.1,-0.1347125478,-1.6828716467,-8.48103364442132,0.2193145725,0.449779589,7.263686281100001,-2.4628716467
402,2.0,0.2,-0.3358852569,-2.329802302,6.693018951143742,0.6690941615,0.4064689012999999,6.813906692100001,-2.549802302
403,3.0,0.3,-0.5252183285,-1.4711673354,-9.862782518953388,1.0755630628,0.4441030297000001,6.4074377908,-1.2911673354000002
404,4.0,0.4,-0.7129288056,-2.2697351101,-17.185231010630034,1.5196660925,1.132328466,5.9633347611000005,-1.8497351101
405,5.0,0.5,-1.0120547854,-3.6891322314,-10.460688301037976,2.6519945585,1.8187250576,4.8310062951,-3.1891322314
406,6.0,0.6,-1.4137243255,-4.3335315214,18.025339851267223,4.4707196161,1.5126838446999995,3.0122812375,-3.9135315214
407,7.0,0.7,-1.7389184488,-2.205803413,14.5248084372261,5.9834034608,0.6537523068000004,1.4995973928000002,-2.025803413
408,8.0,0.8,-1.8785658041,-0.6136752139,3.134154340406951,6.6371557676,0.3868819840999995,0.8458450859999997,-0.8336752139000002
409,9.0,0.9,-1.9218036768,-0.2570219072,11.861289888772248,7.0240377517,0.4589631019000002,0.4589631019000002,-1.0370219072000002
410,0.0,0.0,0.0,-1.0,-9.112857729064824,0.0,0.2409427718,3.7625747704,0.9456652770999998
411,1.0,0.1,-0.1392452846,-1.7720404883,-9.749878985840542,0.2409427718,0.5242008658,3.5216319986,0.9456652770999998
412,2.0,0.2,-0.3550414659,-2.5312322056,-9.363367721180389,0.7651436376,0.8912684934999999,2.9974311328,0.9456652770999998
413,3.0,0.3,-0.6412145875,-3.1813958561,6.77961316134671,1.6564121311,0.8213063807000001,2.1061626393,0.9456652770999998
414,4.0,0.4,-0.9111686013,-2.2334805262,18.86045828703845,2.4777185118,0.4564359729,1.2848562586,0.9456652770999998
415,5.0,0.5,-1.0324764682,-0.2261268306,-0.0672430717717453,2.9341544847,0.1136740510999998,0.8284202857,0.9456652770999998
416,6.0,0.6,-1.0543206833,-0.2110069226,2.4657120762430687,3.0478285358,0.1167172962,0.7147462346000002,0.9456652770999998
417,7.0,0.7,-1.0624732904,0.0437168921,11.833523153454554,3.164545832,0.2266319999999999,0.5980289384000002,0.9456652770999998
418,8.0,0.8,-1.00106936,1.1656652771,-13.668417127331258,3.391177832,0.2236095921000003,0.3713969384000002,0.9456652770999998
419,9.0,0.9,-0.9562613152,-0.2459844805,9.471690017033904,3.6147874241,0.1477873462999999,0.1477873462999999,0.9456652770999998
420,0.0,0.0,0.0,-1.0,-6.908947984600889,0.0,0.1923334213,31.120432689800005,-2.5
421,1.0,0.1,-0.128584056,-1.5623107425,-17.137008322132807,0.1923334213,0.7072329938,30.92809926850001,-2.3423107425000005
422,2.0,0.2,-0.3601564593,-3.0444391714,-12.91120038916906,0.8995664151,1.3599155885,30.220866274700004,-3.2644391714000003
423,3.0,0.3,-0.7123300145,-3.9833856551,-9.068538498090346,2.2594820036,1.9179227886,28.8609506862,-3.803385655100001
424,4.0,0.4,-1.1352678535,-4.4673016659,-18.88090350487076,4.1774047922,3.0544121737000003,26.943027897600004,-4.0473016659
425,5.0,0.5,-1.6517226637,-5.8389372062,-10.185847494540525,7.2318169659,4.0961981971,23.888615723900003,-5.3389372062
426,6.0,0.6,-2.2566440498,-6.2526005695,-12.6285777094704,11.328015163,5.056587975500001,19.7924175268,-5.8326005695
427,7.0,0.7,-2.9127465953,-6.859355795,-0.3901388897225111,16.3846031385,5.3454754702,14.7358295513,-6.679355794999999
428,8.0,0.8,-3.5673877878,-6.2437284915,11.15173791456239,21.7300786087,4.4891528319,9.3903540811,-6.4637284915
429,9.0,0.9,-4.1076123687,-4.5883301191,-19.104277583884677,26.2192314406,4.9012012492,4.9012012492,-5.3683301191
430,0.0,0.0,0.0,-1.0,-7.699247993718146,0.0,0.2088594996,11.082340101100002,-2.5
431,1.0,0.1,-0.1324070637,-1.6375177357,-8.757945627488898,0.2088594996,0.4404234313,10.8734806015,-2.4175177357
432,2.0,0.2,-0.3306033165,-2.3151160456,16.669842772484593,0.6492829309,0.378654803,10.4330571702,-2.5351160456
433,3.0,0.3,-0.4702767494,-0.5084583354,-12.746004550927616,1.0279377339,0.2403136720000001,10.054402367200002,-0.3284583354
434,4.0,0.4,-0.5803207101,-1.6730148299,-3.623985729961042,1.2682514059,0.3639944946,9.8140886952,-1.2530148299
435,5.0,0.5,-0.7570589157,-1.8586751972,-9.759669680819488,1.6322459005,0.6293572536999998,9.4500942006,-1.3586751972
436,6.0,0.6,-0.9811468552,-2.6105542259,-19.945696777941748,2.2616031542,1.5421615996,8.8207369469,-2.1905542259
437,7.0,0.7,-1.3260595852,-4.2602111736,-16.7420199814743,3.8037647538,2.7628961443000004,7.2785753473,-4.0802111736
438,8.0,0.8,-1.8124604592,-5.4480122978,14.285403029252045,6.5666608981,2.573573433,4.515679203,-5.668012297800001
439,9.0,0.9,-2.2618029345,-3.5701295196,-5.175110971848579,9.1402343311,1.9421057699999995,1.9421057699999995,-4.3501295196
440,0.0,0.0,0.0,-1.0,18.001987344976456,0.0,0.189974524,1.2586971996999998,1.236715097
441,1.0,0.1,-0.0080794432,0.8082781777,-6.342980913423904,0.189974524,0.0454125836999999,1.0687226757,1.236715097
442,2.0,0.2,0.038154749,0.1277458941,-13.159926387520372,0.2353871077,0.1265183535,1.023310092,1.236715097
443,3.0,0.3,-0.0133486508,-1.1367433448,10.155673964269504,0.3619054612,0.0963567299,0.8967917385,1.236715097
444,4.0,0.4,-0.0723968502,-0.0621277489,8.332377143976004,0.4582621911,0.0522561438999999,0.8004350086,1.236715097
445,5.0,0.5,-0.0380019818,0.736715097,-4.77239193488999,0.510518335,0.0358170983,0.7481788647000001,1.236715097
446,6.0,0.6,0.0090196815,0.2124542403,-17.063577712941065,0.5463354333,0.2069922591999999,0.7123617664,1.236715097
447,7.0,0.7,-0.0533062796,-1.43157757,-2.650860707954884,0.7533276925,0.2275979597999999,0.5053695072000001,1.236715097
448,8.0,0.8,-0.2023620843,-1.547607836,11.909188194138714,0.9809256523,0.1716934346999999,0.2777715474000001,1.236715097
449,9.0,0.9,-0.2920267197,-0.2670243813,-9.11824761664375,1.152619087,0.1060781127000001,0.1060781127000001,1.236715097
450,0.0,0.0,0.0,-1.0,-19.96599328686354,0.0,0.5950944002,21.81798407,-2.5
451,1.0,0.1,-0.1917464365,-2.8048528922,-16.891257765456622,0.5950944002,1.3866497138,21.2228896698,-3.5848528922000003
452,2.0,0.2,-0.5403735387,-4.1453515665,-5.738405309151627,1.981744114,1.8573088646,19.836239956,-4.365351566499999
453,3.0,0.3,-0.962614884,-4.2969507522,-5.657815779555158,3.8390529786,2.0602840565000005,17.9789310914,-4.1169507522
454,4.0,0.4,-1.3988930717,-4.4264541424,0.1838378209642428,5.8993370351,2.0300619897,15.9186470349,-4.0064541424
455,5.0,0.5,-1.819236531,-3.9877269011,-2.451329364364369,7.9293990248,1.9424073718,13.8885850452,-3.4877269011
456,6.0,0.6,-2.2105769969,-3.8415193715,-16.280067447147665,9.8718063966,2.7070975735000005,11.9461776734,-3.4215193715
457,7.0,0.7,-2.6548993429,-5.0252037703,-5.882232260765004,12.5789039701,3.432040990400001,9.2390800999,-4.8452037703
458,8.0,0.8,-3.1615647029,-5.1067616363,9.354600681322658,16.0109449605,3.1549996953999973,5.8070391095,-5.3267616363000005
459,9.0,0.9,-3.6022854506,-3.7305808205,1.2134692673275396,19.1659446559,2.6520394141000025,2.6520394141000025,-4.5105808205
460,0.0,0.0,0.0,-1.0,-17.800267397350822,0.0,0.5091853346,27.3138417383,-2.5
461,1.0,0.1,-0.1812699167,-2.598756823,-15.824239333825432,0.5091853346,1.1991551670999998,26.8046564037,-3.378756823
462,2.0,0.2,-0.5051227715,-3.8573279017,-19.15661633101592,1.7083405017,2.3688025290000003,25.6055012366,-4.0773279017
463,3.0,0.3,-0.9648643396,-5.3132479666,-2.6656721120828277,4.0771430307,2.8452842471999995,23.2366987076,-5.1332479666
464,4.0,0.4,-1.4833816699,-5.0612978475,-17.110792271208357,6.9224272779,3.6540475052,20.3914144604,-4.6412978475
465,5.0,0.5,-2.047799953,-6.2079587915,-1.3373807677659926,10.5764747831,4.1249769274000005,16.7373669552,-5.7079587915
466,6.0,0.6,-2.6450360628,-5.7444607585,-2.5718273751830267,14.7014517105,3.989373083999999,12.612390027799998,-5.3244607585
467,7.0,0.7,-3.2041347435,-5.4425448153,16.69083177547177,18.6908247945,3.272755375300001,8.6230169438,-5.2625448153
468,8.0,0.8,-3.6413214388,-3.3362749425,2.678962477786577,21.9635801698,2.3772372588999997,5.350261568499999,-3.5562749425
469,9.0,0.9,-3.9458518323,-2.7638483012,-15.740172444129993,24.3408174287,2.9730243095999995,2.9730243095999995,-3.5438483012
470,0.0,0.0,0.0,-1.0,-10.23589398582704,0.0,0.2687385233,2.001519945,1.9447395815
471,1.0,0.1,-0.1446778819,-1.8789115166,14.900791222924362,0.2687385233,0.2507195195,1.7327814217000002,1.9447395815
472,2.0,0.2,-0.2513985995,-0.2821116768,-14.305093926888578,0.5194580428,0.2177953096,1.4820619022,1.9447395815
473,3.0,0.3,-0.3474447879,-1.6165748811,18.68757914967033,0.7372533524,0.2616250459,1.2642665926,1.9447395815
474,4.0,0.4,-0.4108826062,0.3156208522,1.7473023933911946,0.9988783983,0.0319345649,1.0026415467,1.9447395815
475,5.0,0.5,-0.3723952967,0.451863782,6.598752140341052,1.0308129632,0.0923485348999999,0.9707069818,1.9447395815
476,6.0,0.6,-0.2974738315,1.0368175308,8.686064153605315,1.1231614981,0.2456632538000001,0.8783584469000001,1.9447395815
477,7.0,0.7,-0.1567894668,1.7647395815,2.987342023153076,1.3688247519,0.3379505967999998,0.6326951931,1.9447395815
478,8.0,0.8,0.0255985264,1.8810857906,-16.830162937930414,1.7067753487,0.2641702545,0.2947445963000001,1.9447395815
479,9.0,0.9,0.1231929732,0.10047505,-6.498908881461363,1.9709456032,0.0305743418000001,0.0305743418000001,1.9447395815
480,0.0,0.0,0.0,-1.0,-16.075490420427524,0.0,0.4462025694,10.2040774488,-2.5
481,1.0,0.1,-0.1729264502,-2.4346225919,9.44604039293982,0.4462025694,0.4090617179,9.7578748794,-3.2146225919000004
482,2.0,0.2,-0.3589170367,-1.3040279661,-4.972829647268316,0.8552642873,0.2515452642,9.3488131615,-1.5240279661
483,3.0,0.3,-0.5070673942,-1.6531605733,-10.79176585545512,1.1068095515,0.5404516469,9.097267897299998,-1.4731605733000002
484,4.0,0.4,-0.7165906961,-2.5228138569,7.221264418284171,1.6472611984,0.5228129338999998,8.556816250399999,-2.1028138569
485,5.0,0.5,-0.9217360384,-1.5955420728,-8.728489810134207,2.1700741323,0.5214747074999999,8.0340033165,-1.0955420728
486,6.0,0.6,-1.115795306,-2.2743317862,-11.507681766268414,2.6915488398,0.9685240657,7.512528609,-1.8543317862
487,7.0,0.7,-1.3878940667,-3.1530012021,-3.4920288620932496,3.6600729055,1.2505023670000002,6.5440045433,-2.9730012021
488,8.0,0.8,-1.7048340737,-3.1852640813,-17.9774131383785,4.9105752725,2.0575229017,5.2935021763,-3.4052640813000004
489,9.0,0.9,-2.0949162978,-4.5929231711,-14.51123019668007,6.9680981742,3.2359792746,3.2359792746,-5.3729231711
490,0.0,0.0,0.0,-1.0,-10.434515433643485,0.0,0.2738671273,8.0478758682,-2.5
491,1.0,0.1,-0.1456386968,-1.8978128465,-3.5114175283111067,0.2738671273,0.4030057545999999,7.774008740899999,-2.6778128465
492,2.0,0.2,-0.3432256578,-2.0513676384,-10.045232514158071,0.6768728819,0.6712362022000001,7.3710029863,-2.2713676384
493,3.0,0.3,-0.58703209,-2.8120844576,0.8661961573142847,1.3481090841,0.7479316252999999,6.6997667841,-2.6320844576000004
494,4.0,0.4,-0.8504473642,-2.4620495677,-15.568967191829524,2.0960407094,1.1925090139,5.9518351588,-2.0420495677
495,5.0,0.5,-1.1600559458,-3.7093377052,6.6333973771598345,3.2885497233,1.2372501585000002,4.7593261449,-3.2093377052
496,6.0,0.6,-1.4809575461,-2.7250963672,14.066515061154256,4.5257998818,0.7391946326999994,3.5220759864,-2.3050963672
497,7.0,0.7,-1.6722393671,-1.1271630401,-14.14892830912644,5.2649945145,0.7280475072000003,2.782881353700001,-0.9471630400999996
498,8.0,0.8,-1.8479474042,-2.366347834,-5.754392784520345,5.9930420217,1.0469629337999995,2.0548338465,-2.586347834
499,9.0,0.9,-2.1009711465,-2.6887633701,7.735463956131255,7.0400049555,1.0078709127000005,1.0078709127000005,-3.4687633701000005
500,0.0,0.0,0.0,-1.0,-15.89698207042999,0.0,0.4399592628,5.0331864664,1.0117915870999998
501,1.0,0.1,-0.1720629307,-2.4176352764,-13.051547190112643,0.4399592628,0.9637340997,4.5932272036,1.0117915870999998
502,2.0,0.2,-0.4652671223,-3.4295858038,3.4735009969668127,1.4036933625,1.0078671567,3.6294931039,1.0117915870999998
503,3.0,0.3,-0.7748327628,-2.7726700636,14.479740261255673,2.4115605192,0.5816301399000001,2.6216259472,1.0117915870999998
504,4.0,0.4,-0.9686427686,-1.1308860316,16.130913919706742,2.9931906591,0.2607828378999999,2.0399958073,1.0117915870999998
505,5.0,0.5,-0.9982289953,0.5117915871,-14.447798226778213,3.253973497,0.2251450214999999,1.7792129694,1.0117915870999998
506,6.0,0.6,-1.019415542,-0.9118016889,-1.816714124300887,3.4791185185,0.2068426696999998,1.5540679479,1.0117915870999998
507,7.0,0.7,-1.1149720726,-0.9979165708,-11.277796662636238,3.6859611882,0.4349396785999997,1.3472252782000005,1.0117915870999998
508,8.0,0.8,-1.2644914432,-1.9761768664,15.295435121771677,4.1209008668,0.4479889556000005,0.9122855996000006,1.0117915870999998
509,9.0,0.9,-1.3785591129,-0.3325656846,-15.895009776300595,4.5688898224,0.464296644,0.464296644,1.0117915870999998
510,0.0,0.0,0.0,-1.0,-11.675625949201178,0.0,0.307361046,13.1247003638,-2.5
511,1.0,0.1,-0.1516424669,-2.015920128,-10.924328727091472,0.307361046,0.6719945080999999,12.8173393178,-2.795920128
512,2.0,0.2,-0.3963281685,-2.8636672991,5.159199369343476,0.9793555541,0.6592419251,12.1453448097,-3.0836672991
513,3.0,0.3,-0.6438851435,-2.1001903872,-10.425230150180926,1.6385974792,0.7446789050000002,11.4861028846,-1.9201903872
514,4.0,0.4,-0.8941758872,-2.8924226585,-18.484277799620827,2.3832763842,1.6333475818999998,10.7414239796,-2.4724226585
515,5.0,0.5,-1.2588424528,-4.3761838728,-0.8386477018466323,4.0166239661,1.9876813147,9.1080763977,-3.8761838728
516,6.0,0.6,-1.6793487245,-4.0395423713,11.576033331820843,6.0043052808,1.5093301079000003,7.120395083000001,-3.6195423713
517,7.0,0.7,-2.0077641825,-2.5535235802,-7.6994913612211935,7.5136353887,1.2772657577999995,5.611064975100001,-2.3735235802
518,8.0,0.8,-2.2880094056,-3.0432274932,-6.27665439012922,8.7909011465,1.643130278900001,4.333799217300001,-3.2632274932
519,9.0,0.9,-2.6079730875,-3.3509292503,-19.29269655287303,10.4340314254,2.6906689384,2.6906689384,-4.1309292503
520,0.0,0.0,0.0,-1.0,-12.73521258937942,0.0,0.3379306219,9.3526724996,-2.5
521,1.0,0.1,-0.1567681302,-2.1167531287,19.12411492985482,0.3379306219,0.3408599458,9.0147418777,-2.8967531287000003
522,2.0,0.2,-0.2656924869,-0.0954172791,-6.413338317017811,0.6787905677,0.0475554058999999,8.6738819319,-0.3154172790999999
523,3.0,0.3,-0.3057966438,-0.6966469539,-1.2784548129475155,0.7263459736,0.0650863717999999,8.626326526,-0.5166469539
524,4.0,0.4,-0.3782757566,-0.7520133224,-11.645173258407048,0.7914323454,0.2592718868,8.5612401542,-0.3320133223999999
525,5.0,0.5,-0.5061717813,-1.7886346235,-9.813218657546802,1.0507042322,0.5643027277000001,8.3019682674,-1.2886346235
526,6.0,0.6,-0.7238535105,-2.55227476,-19.391416225394572,1.6150069599,1.4211655323,7.7376655397,-2.13227476
527,7.0,0.7,-1.0605389361,-4.154730957,-7.969668092774004,3.0361724922,2.0797893646000003,6.3165000074,-3.974730957
528,8.0,0.8,-1.4944664335,-4.5177702688,-2.195854474859125,5.1159618568,2.2399107739,4.2367106428,-4.7377702688
529,9.0,0.9,-1.9350117958,-4.2968103541,3.745600478625612,7.3558726307,1.9967998689,1.9967998689,-5.0768103541
530,0.0,0.0,0.0,-1.0,10.33571556412014,0.0,0.0836254944,2.7760454657,2.2936614772
531,1.0,0.1,-0.0451644047,0.0787359611,3.957470543618968,0.0836254944,0.0161891212999999,2.6924199713,2.2936614772
532,2.0,0.2,-0.0185277476,0.4478463584,1.4714610483237005,0.0998146157,0.0259224299999999,2.67623085,2.2936614772
533,3.0,0.3,0.0312084884,0.5452562273,10.257059245718237,0.1257370457,0.1633937749,2.65030842,2.2936614772
534,4.0,0.4,0.1327141396,1.4694565006,-14.505401837770384,0.2891308206,0.1762877954,2.4869146451,2.2936614772
535,5.0,0.5,0.202382729,-0.0507522726,10.728651276716882,0.465418616,0.0932191835,2.3106268497,2.2936614772
536,6.0,0.6,0.2494519772,0.9750436068,12.940018146532068,0.5586377995,0.3462597194,2.2174076662,2.2936614772
537,7.0,0.7,0.4048359215,2.1136614772,-10.668924541778813,0.9048975189,0.3170095090999999,1.8711479468000003,2.2936614772
538,8.0,0.8,0.5543673674,0.8972375771,15.83280612627906,1.221907028,0.4436244119000001,1.5541384377000005,2.2936614772
539,9.0,0.9,0.7163406467,2.3185449104,16.134544213780224,1.6655314399,1.1105140258,1.1105140258,2.2936614772
540,0.0,0.0,0.0,-1.0,-2.9803632874777755,0.0,0.1251979635,6.7065658665,-2.5
541,1.0,0.1,-0.1095798726,-1.1884564562,-19.05066287257491,0.1251979635,0.6311021778,6.581367903,-1.9684564562
542,2.0,0.2,-0.3148324803,-2.8882701357,7.440458916232355,0.7563001413,0.6263398996999999,5.9502657252,-3.1082701357
543,3.0,0.3,-0.5536952378,-1.9053614866,-18.85292682382935,1.382640041,0.98844241,5.323925825500001,-1.7253614866
544,4.0,0.4,-0.8262138338,-3.518135573,10.167427294482051,2.371082451,0.9782497991,4.335483415500001,-3.098135573
545,5.0,0.5,-1.1118246216,-2.2157820557,-4.208774505997873,3.3493322501,0.6944984223000006,3.3572336164000003,-1.7157820557
546,6.0,0.6,-1.3430437575,-2.4054403704,-3.7419798224912384,4.0438306724,0.8325487544999994,2.6627351941,-1.9854403704
547,7.0,0.7,-1.5900531767,-2.5326289334,5.003453807776502,4.8763794269,0.7777562527000006,1.8301864396000005,-2.3526289334
548,8.0,0.8,-1.8068610213,-1.8154757081,12.049789590072074,5.6541356796,0.5698564274999995,1.0524301868999997,-2.0354757081
549,9.0,0.9,-1.9213364885,-0.4960212819,13.704071914773197,6.2239921071,0.4825737594000001,0.4825737594000001,-1.2760212819000003
550,0.0,0.0,0.0,-1.0,-6.924182090783342,0.0,0.1926424173,9.258742803400002,-2.5
551,1.0,0.1,-0.1286577498,-1.5637604593,-14.772665261168363,0.1926424173,0.6131042685,9.066100386100002,-2.3437604593000003
552,2.0,0.2,-0.3489307465,-2.8207539887,14.91057700996422,0.8057466858,0.5418184026999999,8.452996117600001,-3.0407539887
553,3.0,0.3,-0.5452322903,-1.1333947439,-18.69351596440389,1.3475650885,0.6312446331000001,7.911177714900001,-0.9533947439
554,4.0,0.4,-0.7435172892,-2.8044613415,-2.0878099973118225,1.9788097216,0.8479286467,7.279933081800001,-2.3844613415
555,5.0,0.5,-1.0204967233,-2.736262907,-1.0171071674563628,2.8267383683,0.8385221654000001,6.432004435100001,-2.236262907
556,6.0,0.6,-1.2858074249,-2.5726629222,2.658845488564225,3.6652605337,0.7417624770999995,5.593482269700001,-2.1526629222
557,7.0,0.7,-1.517766819,-2.0748189793,-9.64102785889259,4.4070230108,0.9139882985000004,4.851719792600001,-1.8948189793
558,8.0,0.8,-1.7618496016,-2.7948389826,-17.23750509065095,5.3210113093,1.7563598440999997,3.9377314941,-3.0148389826
559,9.0,0.9,-2.1111987249,-4.1692403683,-1.7435116087897562,7.0773711534,2.181371650000001,2.181371650000001,-4.9492403683
560,0.0,0.0,0.0,-1.0,-1.1299175418130467,0.0,0.1022370445,3.9842339936000006,3.9494716711
561,1.0,0.1,-0.1006284693,-1.0123632849,18.584461988411164,0.1022370445,0.2035126464,3.881996949100001,3.9494716711
562,2.0,0.2,-0.1070667599,0.8525212046,11.021090311615763,0.3057496909,0.2496620044,3.6784843027000007,3.9494716711
563,3.0,0.3,0.0273749772,1.8201884986,5.239678589016062,0.5554116953,0.4107366191,3.4288222983000005,3.9494716711
564,4.0,0.4,0.2259353434,2.1455959913,15.847154404801245,0.9661483144,0.9417396289,3.0180856792000004,3.9494716711
565,5.0,0.5,0.5067751041,3.4494716711,-19.78758829399876,1.9078879433,0.8188689245999998,2.0763460503,3.9494716711
566,6.0,0.6,0.7393149177,1.2381730281,-7.117353567755554,2.7267568679,0.1622429781000001,1.2574771257000004,3.9494716711
567,7.0,0.7,0.8227130241,0.4430395649,-15.80520380670206,2.888999846,0.2235813770999999,1.0952341476000005,3.9494716711
568,8.0,0.8,0.7884174377,-1.1031852293,-9.815773864430074,3.1125812231,0.3382699317000002,0.8716527705000003,3.9494716711
569,9.0,0.9,0.6359529381,-1.9322981162,-7.146465272450397,3.4508511548,0.5333828388000001,0.5333828388000001,3.9494716711
570,0.0,0.0,0.0,-1.0,-5.161677795848224,0.0,0.1593875059,10.3160652101,-2.5
571,1.0,0.1,-0.1201317803,-1.3960359993,7.971795616863066,0.1593875059,0.1304249096999999,10.156677704200002,-2.1760359993
572,2.0,0.2,-0.2144192649,-0.504568953,-14.786859882221696,0.2898124156,0.2746625941,10.0262527945,-0.724568953
573,3.0,0.3,-0.3339655638,-1.8637086424,-16.904428146587044,0.5644750097,0.8523869564,9.7515902004,-1.6837086424
574,4.0,0.4,-0.5930946637,-3.2950223571,-13.89810034499268,1.4168619661,1.6163940323,8.899203244,-2.8750223571
575,5.0,0.5,-0.9738880653,-4.30403899,8.586495343937152,3.0332559984,1.5415685552,7.2828092117,-3.80403899
576,6.0,0.6,-1.3419350496,-3.0773424713,6.352679217856469,4.5748245536,0.9337039805999998,5.7412406565,-2.6573424713
577,7.0,0.7,-1.6040526602,-2.1799569389,-13.04357868692362,5.5085285342,1.1260758386000005,4.8075366759,-1.9999569389
578,8.0,0.8,-1.8746003113,-3.2137671565,-7.790251701706818,6.6346043728,1.6302125935999996,3.6814608373,-3.4337671565
579,9.0,0.9,-2.218115221,-3.649277417,-6.847769531421889,8.2648169664,2.0512482437,2.0512482437,-4.429277417
580,0.0,0.0,0.0,-1.0,0.3375962099991803,0.0,0.0879712762,8.232561527899998,-2.5
581,1.0,0.1,-0.0935294931,-0.8727108859,-17.426511317327858,0.0879712762,0.4555035884999999,8.144590251699999,-1.6527108859000004
582,2.0,0.2,-0.2608782365,-2.4480132743,-19.233716401581503,0.5434748647,1.2867387076,7.689086663199999,-2.6680132743
583,3.0,0.3,-0.5868790491,-4.0453841018,10.320069122026368,1.8302135723,1.2509670805000002,6.4023479556,-3.8653841018
584,4.0,0.4,-0.9219257606,-2.6783304781,-18.913586393980232,3.0811806528,1.5165975013000002,5.151380875099999,-2.2583304781
585,5.0,0.5,-1.2682955083,-4.2233193698,16.92527898650514,4.5977781541,1.4108490346,3.6347833738,-3.7233193698
586,6.0,0.6,-1.5883230325,-2.2107639469,4.370302646266964,6.0086271887,0.6562242862999996,2.2239343391999995,-1.7907639469000003
587,7.0,0.7,-1.7775642024,-1.5844925125,4.477856542771402,6.664851475,0.5207757970999998,1.5677100529,-1.4044925124999998
588,8.0,0.8,-1.9066872722,-1.0075837883,-1.6285418792984814,7.1856272721,0.4925330470000002,1.0469342558,-1.2275837883000005
589,9.0,0.9,-2.0104471623,-1.0666780862,14.916019145208608,7.6781603191,0.5544012087999999,0.5544012087999999,-1.8466780862000003
590,0.0,0.0,0.0,-1.0,19.87526838371225,0.0,0.2304350563,7.837319953999999,4.4652857136
591,1.0,0.1,0.0009824,0.9865444384,19.77722528926328,0.2304350563,0.5824730585,7.606884897699999,4.4652857136
592,2.0,0.2,0.1905352197,2.7747141476,18.648301447656262,0.8129081148,1.4615407411,7.024411839199999,4.4652857136
593,3.0,0.3,0.5447937985,4.2852857136,-16.217002648910444,2.2744488559,1.3015036095,5.5628710981,4.4652857136
594,4.0,0.4,0.8741442304,2.3342350168,-18.95118665864973,3.5759524654,0.4755359693000005,4.2613674886,4.4652857136
595,5.0,0.5,1.0046012687,0.3086593126,-6.951952359880185,4.0514884347,0.1299735269999997,3.7858315193,4.4652857136
596,6.0,0.6,1.0003445394,-0.3822791941,-9.202606230842228,4.1814619617,0.2071947701000001,3.6558579923,4.4652857136
597,7.0,0.7,0.919448956,-1.2216442338,-19.521496222550752,4.3886567318,0.7287418375999994,3.4486632221999995,4.4652857136
598,8.0,0.8,0.7087605202,-2.9631054202,-8.357084466443695,5.1173985694,1.1078847899,2.7199213846,4.4652857136
599,9.0,0.9,0.386358314,-3.4764116607,-12.33474500665006,6.2252833593,1.6120365947000002,1.6120365947000002,4.4652857136
0,,0.0,0.0,-1.0,-11.39548761992023,0.0,0.2995829033,1.1954264473,-2.5
1,,0.1,-0.1502873208,-1.9892614412,12.30933519570834,0.2995829033,0.2648305357,0.8958435440000001,-2.7692614412000003
2,,0.2,-0.2800451782,-0.6285700643,0.17973446906413937,0.564413439,0.04446150970000007,0.6310130083000001,-0.8485700642999999
3,,0.3,-0.3389920955,-0.5516497,-2.446326737950114,0.6088749487,0.05834582669999999,0.5865514986,-0.3716497000000001
4,,0.4,-0.4033224331,-0.7319520363,0.09566337689716331,0.6672207754,0.06720623409999993,0.5282056719,-0.3119520363
5,,0.5,-0.472514254,-0.6531938776,0.605382623883,0.7344270095,0.06072938420000007,0.4609994378000001,-0.15319387760000003
6,,0.6,-0.5317455284,-0.5334243409,-1.2141367538171668,0.7951563937,0.06418194489999995,0.4002700536,-0.11342434089999998
7,,0.7,-0.5883804725,-0.5982030721,-2.6637229898436967,0.8593383386,0.09129203610000003,0.33608810870000005,-0.41820307209999985
8,,0.8,-0.6581925873,-0.7947632563,-1.5902757734440898,0.9506303747,0.11969243719999989,0.24479607260000003,-1.0147632563000002
9,,0.9,-0.7415167978,-0.8704666231,0.6619076431630475,1.0703228119,0.12510363540000013,0.12510363540000013,-1.6504666231000003
0,,0.0,0.0,-1.0,-10.946292437255236,0.0,0.2873761818,1.9958508135999997,0.05434534260000001
1,,0.1,-0.1481143759,-1.9465148678,15.310099209013877,0.2873761818,0.2680979162,1.7084746317999997,0.05434534260000001
2,,0.2,-0.2592884092,-0.3043309137,-20.28164700392416,0.555474098,0.4068227984,1.4403767155999998,0.05434534260000001
3,,0.3,-0.3863601203,-2.2054239029,17.127481883147084,0.9622968964,0.35800037279999986,1.0335539172,0.05434534260000001
4,,0.4,-0.5133811775,-0.3656546574,-2.781394204914405,1.3202972692,0.056295111000000064,0.6755535444,0.05434534260000001
5,,0.5,-0.5616326019,-0.5955426535,-0.18464860334527744,1.3765923802,0.06809573390000012,0.6192584334,0.05434534260000001
6,,0.6,-0.6191998223,-0.5564402934,-1.5723161459682125,1.4446881141,0.08009632789999999,0.5511626994999999,0.05434534260000001
7,,0.7,-0.6797577193,-0.653114011,-4.480373491125233,1.524784442,0.13311816259999998,0.47106637159999987,0.05434534260000001
8,,0.8,-0.7635824217,-1.0173266577,0.15971408746995897,1.6579026046,0.15845139209999992,0.3379482089999999,0.05434534260000001
9,,0.9,-0.8596215765,-0.9053160941,-2.2754546260634863,1.8163539967,0.17949681689999997,0.17949681689999997,0.05434534260000001
0,,0.0,0.0,-1.0,-10.549892684588883,0.0,0.2768756265,1.9514515753,-2.5
1,,0.1,-0.1461968248,-1.9087924437,15.042119651130566,0.2768756265,0.25804817499999994,1.6745759487999998,-2.6887924437
2,,0.2,-0.2550774238,-0.2956998795,-18.280450791528253,0.5349238015,0.3364426681,1.4165277738,-0.5156998795
3,,0.3,-0.3716471605,-2.007175222,12.152681152035603,0.8713664696,0.2841003431000001,1.0800851056999998,-1.827175222
4,,0.4,-0.5038675476,-0.6596867197,-0.6163884118387566,1.1554668127,0.07228354449999985,0.7959847625999998,-0.2396867197
5,,0.5,-0.5696268208,-0.6555662876,-1.7270791209917045,1.2277503572,0.08816170639999998,0.7237012181,-0.15556628760000002
6,,0.6,-0.6403664407,-0.7575345798,-0.7614776413738125,1.3159120636,0.10375650440000017,0.6355395117,-0.3375345798
7,,0.7,-0.7161389677,-0.757909817,-3.772154638994504,1.419668568,0.1471371976,0.5317830072999998,-0.5779098169999999
8,,0.8,-0.8065111506,-1.044753098,1.9508824071060316,1.5668057656,0.15652938409999995,0.38464580969999984,-1.2647530980000001
9,,0.9,-0.8964954017,-0.7596806062,-6.9273748474208485,1.7233351497,0.2281164255999999,0.2281164255999999,-1.5396806062000001
0,,0.0,0.0,-1.0,-12.269090991535258,0.0,0.3242587356,2.0977653316,-2.5
1,,0.1,-0.1545133053,-2.0723957938,15.824598499595409,0.3242587356,0.3003468166,1.7735065959999998,-2.8523957938000004
2,,0.2,-0.2751776444,-0.3692716048,-18.102915845763302,0.6246055522,0.34869930939999993,1.4731597793999998,-0.5892716048
3,,0.3,-0.3978898257,-2.0568510081,12.104015577186669,0.9733048616,0.2995548962000001,1.1244604699999998,-1.8768510081000003
4,,0.4,-0.5350729059,-0.7092663701,-1.5468961933529872,1.2728597578,0.09022198049999997,0.8249055737999997,-0.2892663701
5,,0.5,-0.6100511183,-0.788977777,-0.8192461621146236,1.3630817383,0.10506051650000003,0.7346835932999998,-0.28897777700000005
6,,0.6,-0.689095284,-0.7918582276,-0.48653685811974023,1.4681422548,0.11359068080000001,0.6296230767999997,-0.3718582276
7,,0.7,-0.7668045213,-0.7628026761,-3.0028384733827616,1.5817329356,0.14622384239999997,0.5160323959999997,-0.5828026760999998
8,,0.8,-0.8539208015,-0.9759702433,-0.16601964492318455,1.727956778,0.1691487237,0.36980855359999976,-1.1959702433000001
9,,0.9,-0.9476002566,-0.8988927526,-2.728551312874373,1.8971055017,0.20065982989999975,0.20065982989999975,-1.6788927526000004
0,,0.0,0.0,-1.0,-11.39088883175793,0.0,0.2994562769,1.9289011297000003,0.09734712900000003
1,,0.1,-0.1502650745,-1.9888238087,13.487497605063131,0.2994562769,0.2680038304,1.6294448528000003,0.09734712900000003
2,,0.2,-0.2742820215,-0.5160571011,-16.89078920014241,0.5674601073,0.3448333319,1.3614410224000002,0.09734712900000003
3,,0.3,-0.4050991508,-2.0743188918,16.332769016449074,0.9122934392,0.32215802179999997,1.0166076905,0.09734712900000003
4,,0.4,-0.52348827,-0.322652871,-4.233507953153973,1.234451461,0.06614392790000001,0.6944496687000001,0.09734712900000003
5,,0.5,-0.5746720168,-0.6948199195,-0.2636495073755558,1.3005953889,0.08256375380000014,0.6283057408000001,0.09734712900000003
6,,0.6,-0.6420687167,-0.6537881704,-0.7811830630965058,1.3831591427,0.08945637529999995,0.545741987,0.09734712900000003
7,,0.7,-0.7080634923,-0.6659117011,-2.0315688973465806,1.472615518,0.1111192526,0.45628561170000004,0.09734712900000003
8,,0.8,-0.7812607953,-0.7958712879,-3.9048435849743965,1.5837347706,0.16621471320000003,0.34516635910000004,0.09734712900000003
9,,0.9,-0.8758873645,-1.0917290772,1.7563873264012084,1.7499494838,0.1789516459,0.1789516459,0.09734712900000003
0,,0.0,0.0,-1.0,-13.555742484267425,0.0,0.3628527621,1.323570349,0.0496014105
1,,0.1,-0.1607373764,-2.194836872,14.363389154420949,0.3628527621,0.3242162013,0.9607175869,0.0496014105
2,,0.2,-0.3001219868,-0.6191133462,-1.4236285996083695,0.6870689634,0.05544702609999996,0.6365013855999999,0.0496014105
3,,0.3,-0.3659250532,-0.6956731398,-0.1343008680478368,0.7425159895,0.06074539130000001,0.5810543595,0.0496014105
4,,0.4,-0.4327768445,-0.6422514353,1.3738021010936352,0.8032613808,0.05225555479999999,0.5203089681999999,0.0496014105
5,,0.5,-0.4872494802,-0.4503985895,-3.193698162848032,0.8555169356,0.06614262810000004,0.46805341339999995,0.0496014105
6,,0.6,-0.5455594704,-0.7114584155,1.3609300518234035,0.9216595637,0.0720194663,0.4019107852999999,0.0496014105
7,,0.7,-0.6066803525,-0.5142445283,-4.002716662483927,0.99367903,0.09633171029999987,0.3298913189999999,0.0496014105
8,,0.8,-0.6749796991,-0.8462168479,1.0167352105474108,1.0900107403,0.1090119903000002,0.23355960870000003,0.0496014105
9,,0.9,-0.7505896467,-0.6689333792,-2.671413866695326,1.1990227306,0.12454761839999984,0.12454761839999984,0.0496014105
