,Unnamed: 0,mpc_x_0,mpc_x_1,u_0,ctg
0,0,47.0,26.0,18.314881876838275,3105.647689591915
1,1,14.360279065030143,1.4999997164133203,-34.561952109190216,220.64768959191483
2,2,3.3152349673774464,-0.5350718276467216,-0.8250113577498133,12.180075617131802
3,3,0.4661854660849622,-0.0564551698656237,0.90735303195309,0.9029908674684604
4,4,-0.0429738674876159,-0.0873881221271618,-0.8392124248121201,0.6824747924750505
5,5,-0.0937824912409816,-0.0066734673626125,0.4305258826493521,0.6729913552992955
6,6,-0.0933566849215655,0.0837550421571919,-0.1913623353082136,0.6641516644692909
7,7,-0.1147756290838322,0.0120297100128141,-0.5167640681567406,0.6484212867629934
8,8,-0.143030900437216,0.0130818662433383,-0.1911549739969514,0.6351031278084115
9,9,-0.1343299943437158,0.2370092867040884,0.8941469436282969,0.6144741541041221
10,10,-0.5924494931222515,0.4350400014239447,-0.5520980830060834,0.5402562047397585
11,0,13.0,84.0,6.465813006921247,7282.490882838073
12,1,6.889175369308538,1.4999998269296193,-149.22403503464938,57.49088283807342
13,2,2.5216321672450306,0.65089268206471,-0.1855310012992297,7.7801460881971005
14,3,0.6274093089712236,-0.0168154649049085,0.2580973771833878,0.997856017746839
15,4,0.1575504376989644,-0.0167177182924205,0.4615201305301947,0.6039308169031224
16,5,0.0140917156894838,0.0122968392912242,0.4134738782140497,0.5788291943790824
17,6,-0.0045882091753505,0.0179358481768757,0.2454963497758553,0.578479405671455
18,7,-0.0004998768112842,0.0119268211733485,0.1532647123805199,0.5781366593581942
19,8,-0.1406874755118495,0.0268779288892056,0.0804331369323755,0.5779941604180667
20,9,-0.3297031892187564,-0.0031342440275771,-0.8472034381171318,0.5574787715907963
21,10,-0.6672828080022404,-0.0591473521706421,-1.274571336791439,0.4487647551241527
22,0,-67.0,-1.0,-33.5,4910.896101781228
23,1,-19.545080806297,1.500000012265193,-4.61483236510266,420.8961017812281
24,2,-5.59884750224246,1.4806659594572178,-1.3752641563415289,36.63591801975321
25,3,-1.5634280860639131,0.6329483753287939,-1.4493286164032566,3.096452982891217
26,4,-0.4281346724550399,0.2203507189310389,-0.6251154101438897,0.2515219567663866
27,5,-0.1154340721132882,0.0696835194154151,-0.2184023631979937,0.0196682196747765
28,6,-0.0307285998727473,0.0208289236995362,-0.0692012957350522,0.0014874017920022
29,7,-0.0080926977338532,0.0059973914404889,-0.0207104651230013,0.0001093108793816
30,8,-0.0021128345667216,0.0016811428005598,-0.0059690280062713,7.850418679725039e-06
31,9,-0.0005511342509368,0.0004628934918523,-0.0016735179581363,5.601076575172208e-07
32,10,-0.0001546901660844,0.0001347563084944,-0.0004436679093767,4.208831016228e-08
33,0,20.0,51.0,9.674397924831046,3076.9719206333307
34,1,8.154623676548837,1.5000000081618272,-80.70712712760837,75.97192063333054
35,2,2.3376168903527743,0.0181184219718211,0.5816609230434644,7.224033302714177
36,3,0.5366815668206385,-0.0452848838368102,0.5083108252543045,1.7592522994368542
37,4,0.0988409404264703,0.0083010273971997,0.2027909261150659,1.4691744745676854
38,5,-0.0471309445851101,-0.0214086662515776,-0.5006753210064422,1.4593360360074472
39,6,-0.0397779986531726,-0.0385178903658148,-0.4832344239742297,1.456656379079291
40,7,0.027235664866746,0.0091827950778628,0.2754055583527386,1.4535904620242064
41,8,0.1032063426848953,0.0430717224885194,0.5978919504018642,1.4527643568580306
42,9,1.0223877012698768,0.011410476944604,1.0165134267527225,1.4402576344095106
43,10,0.6276969525611302,0.029109439413609,0.8333360776390131,0.3948508237175043
44,0,-14.0,84.0,-6.829842576841868,7256.881796280881
45,1,-1.0385977790186518,1.500000010136301,-156.43632631210292,4.881796280880386
46,2,-0.2707325197216486,0.3046509770278378,-1.7659749652829022,1.5531109038890067
47,3,-0.1070311069621254,0.0519413049021938,-0.6274048518887972,1.3870025888501578
48,4,-0.0523919929086894,0.0456191316354082,-0.2420298120966889,1.3728490318376771
49,5,-0.0167156927095865,-0.0041984591534928,-0.502994587512129,1.3680230057455642
50,6,-0.038353478190372,-0.0873309359915219,-0.4765261445513288,1.367725964303539
51,7,0.0342029435945027,0.1056417266007225,0.8673580088478494,1.3586282826330849
52,8,0.1641565974910286,-0.334698303556478,2.265101863807384,1.346298266883374
53,9,0.6611381071691214,-0.6961254785905001,2.336011180086151,1.207327923979958
54,10,0.526532735637399,-0.0916347291594924,2.3681952464825677,0.2856336452859366
55,0,-57.0,-6.0,-28.5,3597.697397043752
56,1,-16.830180046037437,1.499999991566107,7.941484410194199,312.69739704375195
57,2,-4.813131309195383,1.316389280449444,-1.3934616764497776,27.192436687016965
58,3,-1.3423509035368204,0.5527681590469099,-1.2896316070957676,2.293322949777896
59,4,-0.3672357050910012,0.1910439731477041,-0.5460817941680915,0.1858643638956679
60,5,-0.0989361371816088,0.0601761530159113,-0.1893812712145565,0.0145045011259223
61,6,-0.0263194694233388,0.0179418083681226,-0.0597647380864498,0.0010949724937098
62,7,-0.0069276024745726,0.0051570234385627,-0.0178407706108439,8.03495354653684e-05
63,8,-0.0018077645327862,0.0014436948541499,-0.0051328370330273,5.76296867377768e-06
64,9,-0.0004713508485031,0.0003971118188732,-0.001437181796567,4.1070123587867113e-07
65,10,-0.0001322439221925,0.0001155134704195,-0.0003806183826451,3.083181680523403e-08
66,0,42.0,-20.0,21.0,2361.2399770333595
67,1,11.174493963202876,-7.60889984165581,25.33210554842664,197.23997703335937
68,2,2.941454856933561,-2.187832323191227,7.565812633910999,14.475304899352013
69,3,0.7671665649515806,-0.6126453019216282,2.177263788040626,1.0365379495736569
70,4,0.1984701690559145,-0.1681358723198773,0.6100646495549029,0.0726591452274059
71,5,0.05097464633679,-0.0454130923174372,0.1675085722811826,0.0049990656615565
72,6,0.0130065408314138,-0.0121067133256756,0.0452613526201727,0.0003383021385636
73,7,0.0032988857904643,-0.0031922475260427,0.0120703000639936,2.2559526614294864e-05
74,8,0.0008324978574383,-0.0008338308115509,0.003183717535752,1.4864348882408689e-06
75,9,0.0002104927452685,-0.0002165754345062,0.0008311775520613,9.810838330977105e-08
76,10,5.736433394678735e-05,-6.0046664006797694e-05,0.000207580262096,6.896268667503793e-09
77,0,-9.0,-42.0,-4.5,1970.6808461943365
78,1,-4.626513582257017,-9.90297143320278,52.86727298255178,125.68084619433635
79,2,-1.7196969081282207,-1.687491544659582,9.975387584230887,6.207375060697341
80,3,-0.5625750319048256,-0.2311989222905251,1.706073974627566,0.4023898915739972
81,4,-0.1717031624318245,-0.0118916400322951,0.2359364307057803,0.0324462833829814
82,5,-0.0501496254654936,0.0080270956775071,0.0130922311124464,0.0028228962912341
83,6,-0.0142051794152471,0.0046292504119353,-0.0077245991875621,0.000243477091889
84,7,-0.0039333227004206,0.0017791908110931,-0.0045536325980022,2.0260010293281604e-05
85,8,-0.0010706257386675,0.0005914067099021,-0.0017607982804149,1.6234628853590483e-06
86,9,-0.0002894000886628,0.0001826163115297,-0.0005870095232459,1.2746151654436512e-07
87,10,-8.383487380813411e-05,5.772436160887839e-05,-0.0001750316345583,1.0360387989578324e-08
88,0,62.0,61.0,29.09559827409156,8063.529048481514
89,1,20.70309278136697,-0.7247487739263213,-81.8325210730983,498.529048481514
90,2,7.408852848887064,-0.2216588954575299,6.773695324292842,69.38573698231733
91,3,2.830356453348196,-0.1623312111753331,1.867370544411873,14.445503779919896
92,4,0.8441340450010253,-0.1059073687290757,1.1619051282730866,6.408234704788466
93,5,1.4083411790676186,-0.0520626687375092,1.275496013779298,5.684456048107557
94,6,0.4981461152747839,-0.0166643095066788,0.5664154030352037,3.698320649973915
95,7,0.1925575953307048,0.025935374332434,0.0015937073828069,3.4498933985992224
96,8,-0.844688534585323,0.1088021814151788,-1.4312023827240996,3.4121423274379152
97,9,-1.4686747807942322,0.1982183563898657,-1.8150789265557343,2.6868056922973134
98,10,0.6386038738438554,0.287566785387409,1.2232080200004534,0.4905095637464269
99,0,-78.0,31.0,-37.150627714880805,7574.788713689739
100,1,-22.742525344128428,1.4999861140563302,-29.641589281329587,529.7887136897389
101,2,-1.7873528443088502,1.1210958114118403,-6.6991130206872604,10.31629631905326
102,3,-0.3789846281122786,-0.8018840601312606,0.0829846009121585,5.864810310629152
103,4,-0.572072839953749,-0.7288843203626553,-0.8086565057005107,5.078162916391155
104,5,0.2658148007809452,0.0713864118430136,0.0107655288571477,4.219623229707877
105,6,0.2142717003672259,-0.764420402202215,-0.2295614136810591,4.143869701597843
106,7,-0.2135228522836217,-0.8478129580039367,-0.6490881198411528,3.513618788716585
107,8,0.4076340931262524,-1.0396448049449662,0.1474862277519749,2.749239968509867
108,9,0.760868351274217,0.5723223894483571,0.0381358667539211,1.5022130941819478
109,10,0.3348591054090562,0.69541995101663,0.3435758586146016,0.5957395287473255
110,0,29.0,-41.0,14.5,2716.054706878132
111,1,6.420428801268047,-11.947016432584885,51.32211908237718,194.05470687813136
112,2,1.398797385501982,-2.762027567140665,11.953933084024978,10.10159924552586
113,3,0.2986316113930737,-0.6333764680773541,2.764199985755331,0.5161688381937013
114,4,0.0620749647725834,-0.1439038565611522,0.6340230031142815,0.0258222485563338
115,5,0.0124323185863631,-0.032345711174462,0.1440894552851838,0.0012606273716436
116,6,0.0023544171796851,-0.0071784440365525,0.0323976176024358,5.98197948291267e-05
117,7,0.0004054019328705,-0.0015686253011269,0.0071926569008005,2.7464557872134664e-06
118,8,5.702667611668759e-05,-0.00033621985999,0.0015723486083521,1.2151972470263198e-07
119,9,3.5678440611365942e-06,-7.049446308767254e-05,0.0003366097468119,5.223888661957055e-09
120,10,-1.909841691073545e-06,-1.542862046355012e-05,6.756655197599345e-05,2.416898246932401e-10
121,0,26.0,-84.0,2.815379307584687,8261.97874754998
122,1,3.522853187636642,-22.2518756428189,104.34545123236072,529.9787475499796
123,2,0.1640188297999745,-4.633979554618672,22.32129999142281,22.42228334486099
124,3,-0.1306957951967531,-0.9305644868646566,4.652255323459034,0.9216146557081736
125,4,-0.0736022671932106,-0.1769683682908049,0.935331301964855,0.03858300061238
126,5,-0.0281051238494437,-0.0307049641162317,0.1782016124506488,0.0018479035008893
127,6,-0.0093144411203421,-0.0043996023022185,0.0310216529068199,0.0001152106929176
128,7,-0.00286499902769,-0.000310522045798,0.0044802028765867,9.095379115661834e-06
129,8,-0.0008416712847599,0.0001115517095222,0.0003304354043393,7.907357460700897e-07
130,9,-0.0002412505246735,7.309167608238129e-05,-0.0001073710602951,6.988141058329385e-08
131,10,-7.330011518549926e-05,3.105309854589322e-05,-7.005594613590742e-05,6.337201815508415e-09
132,0,34.0,62.0,16.45220736539503,5192.370926709975
133,1,13.254212470064171,1.499998864171451,-102.76479241555649,192.3709267099752
134,2,2.925475508533662,-0.1031714252392841,2.0234411841154696,14.44678191585497
135,3,0.4074817318759882,-0.0128703628761281,1.1093325754912955,5.877730621838777
136,4,-0.2589025626083386,-0.0988315569656764,-1.129349185414004,5.711523613785559
137,5,-0.5543831228463905,-0.0521491088404785,-0.9996937734049148,5.634725400208135
138,6,-0.4540407070108989,-0.0205207160315119,-0.6673357683894642,5.3246652237583625
139,7,-0.6537944330132858,-0.0369107029589814,-1.1976979688736291,5.11809116034896
140,8,-0.0605458725855538,0.0067457914041895,-0.3994517110201868,4.689281599716869
141,9,-0.5422665924855146,0.1276232618095217,-1.0570671777278629,4.685570291328054
142,10,-2.089289030657452,-0.1005031513025742,-1.3628177581155492,4.375229537047302
143,0,93.0,-3.0,46.5,9486.002165878555
144,1,26.739551029639347,-6.534070386881532,3.9595719611080353,828.0021658785554
145,2,7.487443831486946,-2.916124614858642,6.3821591399638775,70.30450079114647
146,3,2.054814901451784,-1.0324107414728951,2.878130121592024,5.738902892090098
147,4,0.554988073091269,-0.3294459785884759,1.0229542879967743,0.4507666737531816
148,5,0.1479521462789931,-0.0990334459499061,0.327103496049223,0.0342202596715033
149,6,0.0390112168548695,-0.028627554735416,0.0984560107183592,0.0025227986662297
150,7,0.0101900180626742,-0.008047914937731,0.0284862793719084,0.0001813867356028
151,8,0.0026413002849328,-0.0022154373081764,0.0080142135459516,1.2781332640254564e-05
152,9,0.0006845603365419,-0.0006013682190738,0.0022061383473774,8.967029786082293e-07
153,10,0.0001910005274392,-0.0001730756708717,0.0005763912382246,6.643638932977847e-08
154,0,43.0,95.0,20.989660486627603,11092.133976956637
155,1,13.940582833229914,0.9591814491856714,-143.90617418521126,218.13397695663596
156,2,2.9522564438425145,-0.2031723417027573,1.4821625987506255,22.87409817402943
157,3,0.4326092440731598,-0.0118958353675972,0.9509123760117156,14.117001063386798
158,4,0.244644762618631,-0.0599798538194252,-0.5099961027384269,13.929708794430155
159,5,0.0933979536950455,-0.0205197561109337,-0.1533859267799074,13.866260151689229
160,6,0.4311593139715004,-0.0202652837717369,0.0685361239277991,13.857115913543955
161,7,1.162509941997678,-0.026660826357587,0.7618167602766706,13.67080687779323
162,8,-1.5452605885678965,-0.1398567215261013,-2.437108484211724,12.318666712887715
163,9,-3.023183500173939,-0.1029143318097603,-3.612837804364715,9.911276523750486
164,10,-0.867472246926172,0.0924044866202192,-1.6663775414961024,0.7610466883346877
165,0,-51.0,-73.0,-13.114498663354397,8527.13338979925
166,1,-18.247027500163,-14.933548366720215,91.42113806809968,597.1333897992494
167,2,-5.855006021718879,-1.8627565668470891,15.118294000853137,41.16851038637255
168,3,-1.7661083941685582,-0.0157945405556868,1.909790103695812,3.417552844676258
169,4,-0.5117345955479955,0.1037280053353102,0.0276984962757944,0.2981645172122488
170,5,-0.1441124732687118,0.0515724707834321,-0.1007317017326675,0.0255327218407361
171,6,-0.0397247453229926,0.0189660651278551,-0.050822363292625,0.0021045971464029
172,7,-0.0107680319510634,0.0061715968804315,-0.0187797157876506,0.0001668301289923
173,8,-0.0028809197116531,0.0018775457765975,-0.0061265211618045,1.279100883865191e-05
174,9,-0.0007676145187879,0.0005484609537434,-0.0018662995330127,9.661323104412352e-07
175,10,-0.0002196024584994,0.0001669299356825,-0.0005256814513765,7.609084320597721e-08
176,0,36.0,78.0,17.93975016684914,7448.383078350604
177,1,7.024904022612081,1.4999699660690289,-130.5728428659238,68.38307835060337
178,2,1.1579307605531832,-0.8332834157285066,-5.2054795164827965,16.783891924582846
179,3,0.7104728406625525,0.1571839223969237,3.51716273060047,14.748727027419404
180,4,0.0994184361628362,-0.0222912262901047,-0.0242646561459295,14.219248584640203
181,5,0.521546250525921,-0.0007499151358268,0.9070172771605648,14.208867660421625
182,6,-0.9166438452329492,-0.0211993644835515,-0.9797254617985134,13.936856606611268
183,7,0.3826030332729395,-0.0021919682300024,0.7767018170896905,13.096171254553314
184,8,0.5620041768112882,0.0080985745989901,1.111212406145384,12.949781368758938
185,9,2.175793378410833,0.0391506568910509,1.5583849171613535,12.63386708709507
186,10,2.8099587365674736,0.0488813503472093,3.039300563838769,7.898257487623639
187,0,-93.0,75.0,-45.89044695643825,15569.05613810382
188,1,-34.89442871083181,1.4999959219865011,-204.6418188361524,1295.0561381038194
189,2,-8.153542351899368,2.614675553425109,-6.112818483464795,75.18499528251972
190,3,-1.1294978914201506,0.5161486374354024,-2.533951375560552,1.8682141486241448
191,4,-0.2656817226228944,0.103769885168181,-0.4834382145648153,0.326039245975156
192,5,0.2850272759451105,0.026742017698554,0.4660890312242659,0.2446842791714699
193,6,0.2661360260944087,0.0177299948460413,0.4427855047921542,0.1627285956281899
194,7,0.1281692800377222,0.0127479224321197,0.2276343898706134,0.0915858585256255
195,8,-0.0446585717919838,0.0074256007918222,-0.0169263204740363,0.074995984653902
196,9,-0.1905337906873512,0.0020193511276983,-0.201217065252942,0.0729464570722828
197,10,-0.1914078953260615,-0.0015071517713758,-0.2024092218455408,0.0366392538996144
198,0,96.0,-43.0,48.0,12072.90161238709
199,1,25.720348696141123,-16.468630644941477,53.2359616252397,1007.9016123870904
200,2,6.810520066227218,-4.828167745641409,16.365088403285462,75.14948001649634
201,3,1.785394186539207,-1.3713191176043311,4.802705017908745,5.455092663960713
202,4,0.4639852094501973,-0.3804749750757212,1.3650855544846392,0.3869441403255947
203,5,0.1196531758577914,-0.1036649426597153,0.3789558100754155,0.0269006590781807
204,6,0.0306431410501693,-0.0278353658665453,0.1032964998352289,0.001837356248683
205,7,0.0077985537900059,-0.0073842208562389,0.0277467077026133,0.000123546562338
206,8,0.0019742668435575,-0.0019389338837603,0.0073633979521917,8.202403468723809e-06
207,9,0.0005006796742624,-0.000505931611074,0.0019325628904754,5.452092935592856e-07
208,10,0.0001368447620009,-0.0001408398855745,0.0004849184510044,3.856236225575965e-08
209,0,94.0,60.0,45.07072404312869,13576.89434915109
210,1,31.515424923808997,1.4996279922110822,-86.92471096028231,1140.8943491510918
211,2,8.765038282750208,-0.857851477026155,-4.049975821955482,145.4234569078276
212,3,2.233249329955409,-0.6292278052666618,0.6112233413474706,67.86165165311493
213,4,0.3238937423924753,-0.1555325528873765,0.4272163920558959,62.47832145244794
214,5,0.1910773877875868,0.0659910048898043,1.1306472734307222,62.34922392107928
215,6,0.4657287345065897,-0.1178183623281785,-0.2548399475807629,62.30835854022919
216,7,2.052398894019832,-1.2680174073098494,-1.207531344730182,62.07757411958238
217,8,-5.303103248071522,5.163047912981133,-7.690484934764319,56.25736475416776
218,9,-0.7475305469625688,0.9262468410269604,-2.613039543053901,1.4773969427222042
219,10,-0.1512606810022073,0.1943759757541356,-0.7727121727708366,0.0606618135676238
220,0,31.0,-61.0,15.5,5021.643451103089
221,1,6.055561217208588,-16.94440042275807,75.95620040018468,339.64345110308926
222,2,1.1010652625271071,-3.732787636855377,16.97465731845734,15.860923760964669
223,3,0.1751421485496747,-0.8082233055950615,3.7410145565287536,0.7148755067604308
224,4,0.0196136256033966,-0.1711686889021619,0.8104286213178234,0.0309758228548263
225,5,-0.0009046325503545,-0.0351931547922894,0.1717528878347591,0.0012924084850309
226,6,-0.001614907726201,-0.0069371478913246,0.0353463352931163,5.303198074578651e-05
227,7,-0.0007341392905149,-0.0012805238120328,0.0069768802612092,2.3000329155332022e-06
228,8,-0.0002619007264194,-0.0002100589420508,0.0012904979552284,1.213311844722637e-07
229,9,-8.458560702935845e-05,-2.606867201202744e-05,0.000211861150113,8.61443483767104e-09
230,10,-2.792966613236049e-05,-2.6078805609226146e-07,2.498592155205142e-05,7.801342606753252e-10
231,0,-71.0,36.0,-32.08086429162655,6751.622483952761
232,1,-19.406267175595502,1.403574945215502,-75.83840183995001,414.6224839527617
233,2,-5.557422157990329,1.4584931622772568,-1.4602171939883997,36.0492556353294
234,3,-1.5510386737990387,0.6212433167811277,-1.4503959234413804,3.0371122887979918
235,4,-0.4248305855949131,0.2144470871151682,-0.622500031672677,0.2454480625324941
236,5,-0.1147049358535884,0.0665564231910644,-0.2177564732160698,0.0189794829033968
237,6,-0.0306371687107571,0.0189589128874057,-0.0695336433791999,0.0013925031262328
238,7,-0.0081404389672031,0.0047160073918811,-0.0213694153419076,9.44266417492602e-05
239,8,-0.0022139563624995,0.0005894411390514,-0.0070195262300806,5.919169450222492e-06
240,9,-0.0006306470898933,-0.0002593285234378,-0.0019658494704199,6.701258187638641e-07
241,10,-0.0002301236930974,-0.0003901305801647,-0.0007764616278018,2.0515878370444654e-07
242,0,51.0,38.0,23.09771518468457,6053.392249386937
243,1,36.40044539415975,-3.740548494467762,-76.99929729045772,2008.3922493869368
244,2,16.86393251584501,1.73000236523673,-11.573248452683556,669.408121454266
245,3,7.017629431988259,-4.986176073435852,-9.860012913550872,382.0229933715667
246,4,10.180805172452487,0.8012847723167948,-40.20652440097489,307.9139186915547
247,5,1.832435007881198,-5.484107465939935,-45.83550966021497,203.62306744577256
248,6,10.966544593070012,-0.3305199762860918,8.953476854993998,170.18981468968587
249,7,5.032391439993529,0.4876315207013241,5.787790414444367,49.815470923168576
250,8,3.3302350433671184,0.931921211628764,2.65632185888532,24.25272281786694
251,9,2.727918353794484,1.2232790144259482,0.6966166078415544,12.293780229112922
252,10,0.4295550975147039,-1.780817945554325,-1.0751467222228566,3.3558301370091934
253,0,6.0,-63.0,3.0,4271.283818284221
254,1,-1.2754981109901231,-15.926904233504771,78.6269296823002,266.2838182842208
255,2,-0.9814878375544164,-3.087043028220503,16.002045775211002,10.99064438984916
256,3,-0.4027398866566384,-0.5539184573481162,3.106529036182586,0.4974913564971036
257,4,-0.1378531780824658,-0.0856783336772829,0.5589339415717075,0.0284662828019847
258,5,-0.0431900450307922,-0.0086804579039395,0.0869605441034712,0.0021220072328328
259,6,-0.0128333752511881,0.0008888155016562,0.0090061611986615,0.0001812768936489
260,7,-0.0036801154290574,0.0009530621413841,-0.0008067608359335,1.5791380315156715e-05
261,8,-0.0010290951025086,0.000411933181362,-0.0009329671566468,1.339803298630223e-06
262,9,-0.0002842597068958,0.0001443165586336,-0.0004073859503342,1.1107762271582823e-07
263,10,-8.385778586129094e-05,4.913903138914045e-05,-0.0001383226062234,9.446772655421057e-09
264,0,42.0,-45.0,21.0,4094.408361723053
265,1,9.994741569353389,-13.70511052474254,56.14527477081268,305.40836172305313
266,2,2.3656409047997213,-3.327589888884792,13.695419914248198,17.683448189483766
267,3,0.5567002632856706,-0.8042406015799024,3.325646388619724,1.0143368304138167
268,4,0.1301930318233168,-0.1934652422587923,0.8038717475378608,0.0576187020418783
269,5,0.0302407870424334,-0.0463139205230895,0.1934014852881674,0.003239676544278
270,6,0.0069713197157162,-0.011031101696737,0.0463048840723287,0.0001801921091131
271,7,0.001593504696298,-0.0026133929055627,0.0110305332894751,9.907605890656428e-06
272,8,0.0003608920135279,-0.000615675692212,0.0026136185010096,5.385261946870157e-07
273,9,8.136653122198351e-05,-0.0001445806306417,0.0006150461478612,2.9226591277910242e-08
274,10,1.954926206313054e-05,-3.633657208433821e-05,0.0001385756582578,1.7025201180532614e-09
275,0,-77.0,69.0,-38.34379916921679,10954.646460215785
276,1,-15.81233632778688,1.4995144657400694,-132.63268608539656,264.6464602157853
277,2,-3.307368490023203,0.9906160122049432,-3.3180202908276883,12.367936439772864
278,3,-0.6560437435021121,0.1216579490091694,-0.5972296766613957,0.4479300273376757
279,4,0.0254901445454554,0.0106668911725971,-0.0107705329896165,0.0027359773922929
280,5,0.0372327649641133,-0.0003194637597846,0.0175667612916698,0.0019724473560567
281,6,0.0206745214962107,-0.0011665646741146,0.0099704541408828,0.00058606651209
282,7,0.0106397768807101,-0.0009978078450069,0.0046244854978039,0.0001572697998538
283,8,0.005388582697138,-0.0008330009728597,0.0018972890483374,4.3069327286987554e-05
284,9,0.002862324134252,-0.0008465072064789,0.0003848102497089,1.3338613182306956e-05
285,10,0.0019220359255145,-0.0008572731088726,-0.0006873468297472,4.429139282164679e-06
286,0,-31.0,43.0,-15.05895471567464,2817.597356896572
287,1,-2.262788771002741,1.4999998606644644,-51.331837108251584,7.5973568965719025
288,2,-0.1419637047252047,0.3071965852741903,0.4065453115284584,0.2271442924023925
289,3,0.131790896824485,0.0881365134127167,0.8785594389422635,0.1126208569389645
290,4,0.1689701365391285,0.0634526646058428,0.8193489287022561,0.0874839714566124
291,5,0.0305112333584883,-0.0370145295230017,-0.5176616805123854,0.0549068237689791
292,6,0.1497427108376194,0.0463847859081306,0.8078672460754136,0.0526058130121138
293,7,0.0331154756027891,0.0033498766903282,-0.0391082329889568,0.0280313851993717
294,8,-0.0666717839070298,-0.0331349137891804,-0.2945817705416492,0.0269235288011324
295,9,0.1282239069873088,0.0187733415757707,0.7916860342962598,0.0213804795199703
296,10,-0.0632278544320493,0.0242674528304752,-0.294697274141774,0.0045866708429597
297,0,-54.0,-58.0,-27.0,6779.449971852298
298,1,-18.407577560307843,-11.095198791472054,72.95791762433603,499.4499718522982
299,2,-5.753896208518415,-1.0904710017333936,11.2649720174933,37.507623991266414
300,3,-1.707153980899432,0.1315185359143562,1.133597807918055,3.211175407242392
301,4,-0.4890088691333158,0.129427631879935,-0.1206256722304888,0.2795035674525576
302,5,-0.1365473621403341,0.0553031392854164,-0.12669110275081,0.0236223814674652
303,6,-0.0373918906337091,0.0192494878866796,-0.0546193209571878,0.0019187621451595
304,7,-0.0100819487725815,0.0060867574186365,-0.0190799108932456,0.0001500658760968
305,8,-0.0026854921142644,0.0018191974709765,-0.0060458046033,1.1371569170564609e-05
306,9,-0.0007128600706341,0.0005250191492185,-0.0018088554807718,8.502218363806335e-07
307,10,-0.0002032617650068,0.0001584042421033,-0.0005032132681258,6.640724903002816e-08
308,0,-58.0,77.0,-28.563030755975984,9518.882368788112
309,1,-13.167525365658523,0.3813428225722087,-45.93248325068812,225.88236878811267
310,2,-5.2475807372364764,-0.0559737674275802,-5.573258211074485,52.35322218452468
311,3,-1.0535490647706414,-0.083758036022651,-1.279733239827419,24.812985528069323
312,4,0.3471245249653561,-0.0170191689498923,0.6274459108196397,23.696004487591857
313,5,1.367414535233734,-0.013041053211879,1.60786864236173,23.57521939964769
314,6,-2.461899430861588,-0.0559086676114932,-2.664951392658277,21.70522681941032
315,7,0.6922528092550502,0.0100894942415361,1.4888436040212725,15.64115223261962
316,8,1.5909701256861972,0.0696461844923271,2.6455390384277826,15.161836482804064
317,9,2.6265292329983034,-0.0168192927566558,1.4755307605323742,12.625799950963769
318,10,2.392540640261945,0.0510933973742263,1.2895284524197306,5.726861250560279
319,0,58.0,73.0,28.98367164936495,8833.801394760834
320,1,10.540795677489957,1.4999832953255574,-111.8096282122625,140.8013947608349
321,2,0.4214429856977041,-0.0361951118140787,-9.11166961318104,27.44307135998828
322,3,-0.3774351762435102,-0.0543777725520783,1.005898053902952,27.264147083675248
323,4,0.7662018171904916,-0.0138822275560546,1.1752718045295991,27.118732829261557
324,5,0.5175626332986142,-0.030521173160166,0.7873252393312279,26.531474888353625
325,6,0.969033328188128,0.1599481410597922,0.6846837849803016,26.262672266955555
326,7,1.3708358492274433,0.5883110016191503,1.274235503529366,25.29806326798771
327,8,0.8510555866461502,1.3277010238374063,4.902328363410808,23.072762507834454
328,9,2.4694842458043547,3.72512282433338,14.962195272253568,20.58567688757394
329,10,-0.3394279003090538,0.7039695244968541,5.921952748291137,0.6107843909285399
330,0,62.0,32.0,27.443783795454326,10220.99720204574
331,1,53.0931089142324,1.49999394091478,-25.629383072967624,5352.997202045739
332,2,-0.5482221065049526,-50.09438256512073,2.1716118191776514,2531.869006044414
333,3,3.949172101499913,-0.7749964661629648,-9.753471807237448,22.121293985681284
334,4,1.104050351352594,0.3985380825639341,5.726151008334435,5.924714175850961
335,5,-0.8645550793094428,0.0949898790075601,-1.300847241546806,4.546954394275438
336,6,0.5059008151021981,0.7960328908565035,5.60298148734793,3.79047583200181
337,7,-0.8165415400117012,-0.2201305958888234,9.93207353149005,2.9008718339553794
338,8,-0.0332895722761416,0.1036980618601066,11.045199976914308,2.1856742681443304
339,9,-1.1863665862961308,-0.1369661932969629,-13.47143702308168,2.1738127844884594
340,10,0.7131091283824813,-0.4889404261460096,-11.71589206745788,0.7475873693022637
341,0,-66.0,92.0,-32.89186733673816,12970.371170562106
342,1,-11.044935224441684,1.3505958099179782,-175.4012386907083,150.37117056210667
343,2,-2.8540330764137782,1.0171733222547266,-0.9322969235626246,26.55646740822596
344,3,-0.5762855772996932,0.3885873159350192,-0.6754158348837204,17.376321039455345
345,4,-0.0734115250887705,0.0511590676567758,-0.3239531179584232,16.893215870746122
346,5,-0.0550729766654237,-0.0094962726346374,-0.3210818902415975,16.885209368526752
347,6,-0.0495897027214211,-0.0274342979528291,-0.7303675679627238,16.88208615657401
348,7,0.1803683057553071,0.3173604114871489,-0.8153282568807981,16.878874377253847
349,8,0.2526112295130341,-0.4765366723754122,4.979794597899027,16.745624020753514
350,9,1.2113160231697226,1.536000765018667,2.2346665207831595,16.454724387358795
351,10,3.497262461634374,0.6303132583693837,3.832322877934123,12.62813952923315
352,0,81.0,5.0,39.300546723360696,13186.24332149862
353,1,3.541542811159068,-12.94333277701811,-29.29545835372196,6600.24332149862
354,2,-13.954804273061322,-16.144282882308502,-11.367214537381129,6420.170932638715
355,3,-10.073580418751378,-6.6921345786106,-6.207749052672666,5964.796500555266
356,4,-7.01905383837644,4.852568043065326,-22.133878865669384,5818.534812883979
357,5,-12.6342475589052,7.480271196032932,-11.892444903052544,5745.720279485373
358,6,16.124396508006363,-10.803291318228204,-38.85066241921324,5530.141610939471
359,7,-20.449541900692907,-14.586694361738214,-15.006528040920127,5153.434344885559
360,8,4.185028741485115,-3.347461906677493,140.0020921192175,4522.478928534599
361,9,24.525159207148764,-24.983204404612632,7.86993521030836,4493.758961750886
362,10,6.840346058908261,-56.75671494269744,-8.480439827501657,3268.115025292236
363,0,67.0,38.0,30.23362548651601,6745.999797932725
364,1,27.164584834311142,1.4999611773100767,-53.19317117518798,812.9997979327256
365,2,7.930395273300847,-0.0672269912689942,7.900776504630815,72.83524517880103
366,3,2.629933112487662,-0.0473990428603999,2.804374364503309,9.939556519653536
367,4,0.9133143664695332,0.0148721033324001,1.5927027114574357,3.020761674230412
368,5,0.2752124666915238,0.0387676325585518,0.5629328388138747,2.1863973627732376
369,6,0.445239005021918,-0.0017850419430969,0.1765225343061174,2.1091525316166098
370,7,-0.3042574979213548,-0.0455953856073022,-0.7004732687014372,1.910911573648964
371,8,0.9095664004508864,0.0267669959344314,0.9226321417291132,1.8162600094189216
372,9,0.5179332669377095,0.0356607665609666,1.1497782006847,0.9882325005183856
373,10,-0.84273687148474,0.0921981924227039,-1.931970932185567,0.7187059412459011
374,0,29.0,17.0,14.303592164607668,1238.999798060633
375,1,9.807528606783618,1.4999991679917697,-15.895423266050273,108.99979806063342
376,2,2.8920409840990677,-0.1169111720083097,1.4831066962252453,10.562183183778403
377,3,0.8028016830146324,-0.0003866317494817,1.4459693694436102,2.184613907929347
378,4,0.1570412158662716,0.0477074819619526,0.8885039455766237,1.5401232161941107
379,5,-0.1968354012380673,-0.0707493915249991,-0.7170488764829507,1.5131852688782037
380,6,0.5568398572904891,0.0355729109082693,1.271751920556402,1.469435617296495
381,7,-0.9859836403346444,-0.0331445001252415,-1.4486536274412372,1.158099558638715
382,8,0.1754263127257956,-0.005694210123881,0.6749670897138051,0.1848372617426054
383,9,-0.2858362964777513,0.0324666978927103,0.4748964581874363,0.1540304465171019
384,10,0.2589226107741104,0.0650619188992072,0.4032614532799304,0.0712739716609284
385,0,-74.0,50.0,-34.09002387365433,8406.143347520348
386,1,-19.766640579860137,1.416314360645659,-103.19147697426982,430.1433475203483
387,2,-5.662738622982545,1.481998039258024,-1.463000845735284,37.41732133880366
388,3,-1.580980025782342,0.6323470335344266,-1.473130168733953,3.1543944382207845
389,4,-0.4330957406119528,0.2184747059497106,-0.6334378646499279,0.2550338254782605
390,5,-0.1169412000590999,0.0678689405927935,-0.2216745479031136,0.019730707802232
391,6,-0.0312351271078979,0.0193626084153967,-0.0708331006165401,0.0014492704337814
392,7,-0.0082962589980157,0.0048676259828008,-0.0216846774516052,9.872666368693849e-05
393,8,-0.002217316479646,0.0008108389943769,-0.0066550036626719,6.204967616342274e-06
394,9,-0.0006227915247542,-0.0002154954460336,-0.0022019945688795,6.310153706303029e-07
395,10,-0.0002257297005786,-0.0003817772941651,-0.0008242162694471,1.9670780006340106e-07
396,0,71.0,-91.0,5.658440320558619,14352.1127879369
397,1,16.21854496344872,-26.66816211316506,112.6029222747541,1030.1127879368994
398,2,3.668469294257655,-6.27957705802051,26.6709542561971,55.88071671143906
399,3,0.8202541562727487,-1.4695496207644705,6.281243482744002,2.98996172091029
400,4,0.1808884732560451,-0.341590660549031,1.4701959350560598,0.1575687521385722
401,5,0.0392174622749903,-0.0788097696737947,0.3418064262829465,0.0081639330073459
402,6,0.0083198666717734,-0.0180302770783932,0.0788764236130898,0.000414943864019
403,7,0.0017146764378647,-0.0040855424024734,0.0180498957394656,2.063279105935853e-05
404,8,0.0003393177144506,-0.0009155363417252,0.0040909506153407,1.0010190503819294e-06
405,9,6.34133403821642e-05,-0.0002030759420216,0.0009156340054122,4.76757460223358e-08
406,10,1.133690988533878e-05,-4.7813497364021487e-05,0.0001946414519127,2.4146560559275812e-09
407,0,-77.0,-59.0,-38.5,10204.067331765022
408,1,-25.11251246182052,-9.954269618430637,74.37966607792262,794.0673317650213
409,2,-7.65049771180177,-0.4580901075887363,10.164214593100152,64.34156598351936
410,3,-2.2317337855534216,0.3719165983687541,0.5112854738273174,5.601604198564581
411,4,-0.6315842167133775,0.2089298255165738,-0.3585126960876643,0.4826465528417904
412,5,-0.1747532839500738,0.0797250882504094,-0.2055700608603383,0.0400962580499538
413,6,-0.0475100973272149,0.0264132336575157,-0.0788873437808107,0.0032014581020831
414,7,-0.0127349460152753,0.0081222069805549,-0.0262059245389646,0.0002465898417951
415,8,-0.0033754649839084,0.0023841002125242,-0.0080722371786372,1.844074554819333e-05
416,9,-0.0008922216017167,0.0006793545360156,-0.0023713007979861,1.363047867242852e-06
417,10,-0.00025344504874,0.0002030554169112,-0.0006511385589857,1.0546589506784759e-07
418,0,-56.0,-88.0,-6.422978886746564,11684.610898795972
419,1,-20.40221476368016,-18.290236167875424,109.95017475026104,804.6108987959731
420,2,-6.607791989744052,-2.3992260635077383,18.50346234396439,53.82779245598611
421,3,-2.004597121373098,-0.0768252259143072,2.4535484383845527,4.408591772445615
422,4,-0.5831018044266569,0.1060337243334626,0.090582905555324,0.3842800380915174
423,5,-0.1646781295921792,0.0563489264881044,-0.1025687092809538,0.0330291730698694
424,6,-0.0454930079594683,0.0211594149973619,-0.0554809757430596,0.0027350851875291
425,7,-0.0123531697377703,0.0069563651692609,-0.0209436678034177,0.0002177505712982
426,8,-0.0033097763997354,0.0021293467908324,-0.0069041520205861,1.6758752360016e-05
427,9,-0.0008829590477854,0.0006245829652293,-0.0021163696932708,1.2700147881421778e-06
428,10,-0.0002528720844414,0.0001906565932022,-0.0005986418456044,1.0029422762124395e-07
429,0,74.0,14.0,35.59787136854762,5903.172207044158
430,1,9.542432835207364,-6.675192450106245,-23.123078846738167,231.17220704415843
431,2,2.3469313923926984,-4.216927298569261,9.468438233999866,95.5559883837594
432,3,0.1689104251580743,-1.3157796006579854,8.400266699328187,72.26542558174242
433,4,1.790827262731262,-0.4114562483487729,3.318177988310026,70.50561889250766
434,5,3.5173996848593503,-3.301642902738421,4.199376845406641,67.12926036326087
435,6,0.5039489551787023,-0.8793887417792289,1.509928963120906,43.85631396300922
436,7,-0.9190711735929546,0.9928955256775516,0.2388360278069218,42.82902485441546
437,8,-2.782502762311306,-1.8968000461408163,-2.763323113514112,40.99849150737543
438,9,-3.309752583926739,-4.197673036384922,-13.546080087176763,29.65831947006557
439,10,-0.6943952986938353,-0.7753796180031695,-3.050972375140356,1.0833983828628415
440,0,-99.0,31.0,-47.695309586311446,11608.406913339086
441,1,-27.764992875110163,1.3371779795804242,-71.76119431611818,846.4069133390863
442,2,-7.978011016652798,1.957480423808036,-1.4058186228956566,73.72403903509341
443,3,-2.232483476132757,0.867648386590838,-1.9421064457185877,6.243649643668315
444,4,-0.6120835023024154,0.3045228082183157,-0.8654040816086364,0.506853449708831
445,5,-0.1654307112151355,0.0957786096416071,-0.3069591807958505,0.0394730951928709
446,6,-0.0441947450385102,0.0278384200282001,-0.0985263865768136,0.0029322329148459
447,7,-0.0117210605440276,0.0073347344484327,-0.0301048152368224,0.0002040797961605
448,8,-0.0031142161902225,0.0015076539904996,-0.0091105498278442,1.2898206454786344e-05
449,9,-0.0008574987054595,-2.289637059763564e-05,-0.0028977316897131,9.268434202723852e-07
450,10,-0.0002918047628764,-0.0003253692164045,-0.0010089990863217,1.9101514662105286e-07
451,0,79.0,85.0,38.52800345546333,14398.218077300624
452,1,29.13718897754943,1.2737826755085302,-139.05612688732168,932.2180773006248
453,2,8.329006297206615,-0.840758944896274,3.621387449837289,81.61977348277108
454,3,2.350263771087093,-0.3708311991812981,0.4487045514385603,11.540551980440547
455,4,0.6561168563880289,0.0631947288376443,2.0112156114448787,5.879296408469784
456,5,1.302495542072851,0.4820523155320597,1.2823079899683174,5.444813505480411
457,6,0.8454706003095741,-0.6520581785167797,-4.991413707257079,3.5159444334509407
458,7,0.2657715031520373,-0.170166870091782,1.385662890788236,2.3759440292924885
459,8,-0.0370413825021231,-0.6581623627843375,0.2981973717251425,2.276352773727962
460,9,0.9794686489680235,0.1461837673230156,0.668918253824829,1.8418030139244317
461,10,-0.9194726056679922,-0.1250784282382428,0.331889966646847,0.8610744857844362
462,0,82.0,47.0,40.02210271949719,9327.79751992088
463,1,18.33977494938606,1.499582237167206,-72.89806882764,394.7975199208818
464,2,7.211048926356656,-0.4981693685042577,-3.2187260075753694,56.20142784072591
465,3,1.8704397802424224,-0.3235698453369836,0.7779921607447886,3.954028502700486
466,4,0.5629658650501994,-0.055286625047957,0.6563505715401199,0.350786086375764
467,5,0.1684987538499952,-0.0047911713747886,0.2270122822970697,0.0307989102548512
468,6,0.046834742750289,0.0011806823175069,0.0724552054161453,0.0023841248827073
469,7,0.013191784072503,0.0004385381720272,0.0239134509886922,0.0001892377434867
470,8,0.003670621054711,-0.000363665242479,0.0080824844495636,1.5022260742874812e-05
471,9,0.0009373514739875,-0.0006467442249549,0.0033184728362496,1.4165494069997837e-06
472,10,0.0001641389026819,-0.0003044699481508,0.0034323307710913,1.1964352870060352e-07
473,0,52.0,7.0,20.46117691933564,3014.7646264602167
474,1,15.345092388256033,-1.7888824146672226,-7.861567323673383,261.76462646021685
475,2,4.417358636018379,-1.290388656738604,1.6051900637254533,23.09266576259797
476,3,1.2182089133685157,-0.525291457164859,1.2447109824061646,1.9145055579521544
477,4,0.3312719674129978,-0.1805675140757052,0.5099058551487461,0.154541486371274
478,5,0.0889432400333304,-0.0576710275043466,0.1738443480779121,0.0121957428381157
479,6,0.0235184726625621,-0.0180315067925941,0.0538692752944582,0.0009588954770819
480,7,0.0061128688640662,-0.0058723911713862,0.015514266720349,8.064168349091833e-05
481,8,0.0015421411875804,-0.0021934869464193,0.0040397698402512,8.789539671871848e-06
482,9,0.000357312564743,-0.0010410044301464,0.0007909307938059,1.599955245327796e-06
483,10,4.92641866690714e-05,-0.0006214223947782,-3.1965267751963616e-05,3.885927528201043e-07
484,0,-39.0,-57.0,-19.5,5129.257757326608
485,1,-14.018379982540216,-11.75446619047588,71.60198540889124,359.2577573266085
486,2,-4.508970860087234,-1.4870358274360829,11.897575801676997,24.575304568683773
487,3,-1.3621084901890752,-0.0225971354302676,1.523476180926492,2.0332107994894444
488,4,-0.3950750040196621,0.0779307837856518,0.0318215924001868,0.1773606299146284
489,5,-0.1113419855264223,0.0393883145267839,-0.0756085532081611,0.0152031640520463
490,6,-0.0307090918876409,0.0145625147439211,-0.0388068682489373,0.0012546869898194
491,7,-0.0083280061382094,0.0047512366835456,-0.0144180443691676,9.957182958899766e-05
492,8,-0.0022289483353627,0.0014477474378794,-0.0047162863284586,7.641893327873817e-06
493,9,-0.0005940886204271,0.0004233639692589,-0.001439036271741,5.777100022709858e-07
494,10,-0.0001700074137449,0.00012895403117,-0.0004057801882924,4.5531662883254285e-08
495,0,64.0,59.0,27.63684752724836,8054.482950948482
496,1,20.831420594379743,1.4106791256344164,-94.47683710424955,477.4829509484829
497,2,6.083769640073304,-0.9709879477546918,-1.7169143930568145,41.544851373033744
498,3,1.7232713479624258,-0.5658703346581219,0.914394591979842,3.58978074487122
499,4,0.4769779094972247,-0.2194784149789951,0.5476477198986863,0.2999073705168887
500,5,0.1296018102265474,-0.0742167723133914,0.2119456605598315,0.024228669726854
501,6,0.0346528606128662,-0.0237841594825644,0.0702098355331846,0.0019239112202382
502,7,0.0091138672577882,-0.0076907505213979,0.0212103176795057,0.0001574042292914
503,8,0.002341181289939,-0.0027373683656693,0.0058426069056538,1.5194009316499272e-05
504,9,0.0005692993338245,-0.0011982854202902,0.0013299457703241,2.219693914771385e-06
505,10,0.0001096364144952,-0.0006690919902484,0.0001178972268965,4.597042347980494e-07
506,0,58.0,18.0,28.11605902751905,4025.535857734561
507,1,17.549805946669526,0.2563299425559082,-21.11462102912338,337.5358577345608
508,2,5.090575026316306,-1.0145719196787448,-0.4734888424267285,29.474463929353018
509,3,1.4341066895712888,-0.5144394166632024,0.965040560310915,2.531153650597145
510,4,0.3952440430716002,-0.1917560283997005,0.497944658424357,0.2098437401072476
511,5,0.1070124067051281,-0.0637625629133263,0.1846569187785196,0.0168555120960359
512,6,0.0285175995835002,-0.0203399823967034,0.0598641436599646,0.0013381924779363
513,7,0.0074707186552797,-0.006635103760248,0.017793221071587,0.0001112241080332
514,8,0.0019059820498108,-0.0024282229361807,0.0047935786042584,1.1387868897638176e-05
515,9,0.0004543417396363,-0.0011104334246898,0.0010224707870228,1.8588346956427829e-06
516,10,7.699825044001952e-05,-0.0006429752390471,3.3612795097341234e-05,4.193458885985223e-07
517,0,15.0,-30.0,7.5,1208.1091604297876
518,1,2.88697953796345,-8.421775627410454,37.87950304142288,83.10916042978752
519,2,0.5117222534365542,-1.847856118442647,8.437637010297344,3.8482048587231135
520,3,0.0770517347217265,-0.3980803517794419,1.852152209592816,0.171772959595003
521,4,0.006994310838173,-0.0837495790867433,0.3992283013509928,0.0073680232985315
522,5,-0.0011957374168334,-0.0170618794019157,0.0840528585690284,0.0003051109172238
523,6,-0.0010020494373561,-0.0033173610536485,0.0171412160615404,1.2573400528314086e-05
524,7,-0.0004175759501963,-0.0005984458868663,0.0033378968189253,5.644130931442651e-07
525,8,-0.0001439676613132,-9.366587247881252e-05,0.0006035921580176,3.190593945462387e-08
526,9,-4.564926325186296e-05,-9.981814653249964e-06,9.461187554933116e-05,2.405956283388641e-09
527,10,-1.4896841858802804e-05,7.406259600772591e-07,9.567208428598713e-06,2.224644241789197e-10
528,0,27.0,-24.0,13.5,1414.919931930231
529,1,6.643726098131562,-7.681177724619264,30.38561807048093,109.91993193023096
530,2,1.6274318342322232,-1.928038405368127,7.668761723357019,6.780344226049381
531,3,0.3968651180372676,-0.4815210665347677,1.9251913270965355,0.414477758402453
532,4,0.0963430474732101,-0.1196785486179883,0.4808742366804305,0.0251132989709385
533,5,0.0232812066072245,-0.0296063669434903,0.1195331722987678,0.001508361175205
534,6,0.0055995155513572,-0.0072906667875134,0.0295741236859388,8.98096305242034e-05
535,7,0.001340297424753,-0.0017872642365642,0.0072836615268459,5.301233907760601e-06
536,8,0.0003193613772485,-0.0004362021641915,0.0017857873766551,3.1052326965924845e-07
537,9,7.622614936398926e-05,-0.0001062808781277,0.0004354225744641,1.8259252335785022e-08
538,10,1.9572174050771796e-05,-2.775124206668456e-05,0.0001018666297842,1.1532014333174276e-09
539,0,72.0,37.0,34.25392312534155,6975.229496594588
540,1,20.05493625178671,1.2149335635457623,-52.79796880418402,422.22949659458766
541,2,1.3048786933728038,-0.6818663893087855,-3.727259394736119,18.552964967528915
542,3,0.164428980022965,-0.5882795469128907,-0.4904055568841556,16.385314790241598
543,4,0.8776421886778746,-1.399513169835238,1.7836467061856525,16.01220507545417
544,5,-0.992322978468278,-0.6508776465585596,-3.132329157030684,13.283312151564605
545,6,0.4833308169223408,0.549297119676734,1.3869487217037453,11.87496554717884
546,7,0.9210474653238226,-0.2225936939428544,2.169823293516003,11.339629542906868
547,8,0.5235590461394531,0.6087024875377474,9.599976222507053,10.441753156944303
548,9,-1.5740990021040984,-1.4130884793723846,-7.036905272811964,9.797120363815209
549,10,-1.565126802587505,1.6949606888294912,13.73984033845658,5.32251364485513
550,0,49.0,69.0,24.483253845832312,7430.6448313628625
551,1,15.275832567456844,-0.5865440720160523,-123.75382047806326,268.6448313628625
552,2,3.934825367685845,-0.3809644936031962,2.122783680481727,34.94973678547014
553,3,0.1300242878435497,-0.028962298136362,0.4255578407089423,19.32175216589975
554,4,0.4425978418099601,-0.0682783120677207,0.0418358129867263,19.304007035757188
555,5,-0.3046112653619253,-0.0784982468623887,-1.069312504634248,19.103452258283536
556,6,0.3159876619707485,-0.0872348053157474,-0.4170798247960154,19.004502260537677
557,7,-0.2298675918673274,0.0115857229876221,-0.2594123556639737,18.897044146761456
558,8,1.4622694162124314,-0.1736411773996789,1.2864551829182518,18.844070807993425
559,9,-0.2190186976481432,1.8218233635767265,8.376008711973817,16.675687703914434
560,10,-0.7829411914722549,3.563099947604184,15.801005807673333,13.30867814592093
561,0,92.0,51.0,44.31717703803656,12868.52123379289
562,1,35.34602749808997,-3.8550630831186647,7.248409753746538,1803.52123379289
563,2,21.20155409356508,8.950156747790459,3.8183004695821294,539.3180625223333
564,3,1.4230209091052752,0.3954019736485601,2.818689168775322,9.70686072994812
565,4,0.4158353108937596,-0.0798939903899959,-0.8171194618700113,7.525529501432139
566,5,-0.0963408554384307,-0.0134198562307498,0.1457280903963999,7.346227445945592
567,6,-0.0720841146149076,-0.1765492271278519,-1.402559591991158,7.3367657929777295
568,7,0.5370465970783721,-0.0658735126871576,0.9567101926846308,7.300400043798472
569,8,0.6591125118018879,0.0322277282075907,1.6084207729710032,7.007641676691268
570,9,0.7722550012734474,0.4427547070338284,3.4750458240072843,6.572173747012052
571,10,-1.2587800018074131,2.0482278038512507,8.224104875583805,5.779764229419588
572,0,27.0,-32.0,13.5,1892.8059384451628
573,1,6.266205332140423,-9.631965143236004,40.24583222155015,139.80593844516278
574,2,1.4431713695606283,-2.2927608264024983,9.63023605307292,7.7658566601043075
575,3,0.3295159015069091,-0.5428315624296176,2.292673759289543,0.4263608510989409
576,4,0.0744943635593571,-0.1277839469999879,0.5428925080377757,0.02311401658325
577,5,0.0166463716331014,-0.0298946319699803,0.1278189044617107,0.0012358692702406
578,6,0.0036682447943035,-0.0069464710666228,0.029908053750664,6.507856107271486e-05
579,7,0.0007945754745798,-0.0016020307582483,0.0069509361588531,3.36908092235186e-06
580,8,0.0001684475071636,-0.0003663925261725,0.0016033556853606,1.712281871741808e-07
581,9,3.490576084130554e-05,-8.324254101433186e-05,0.000366260524968,8.610141269437562e-09
582,10,7.471351027437302e-06,-2.0164012716451832e-05,7.978515651268272e-05,4.6240849500441955e-10
583,0,-67.0,59.0,-31.957393819642583,8293.259645822245
584,1,-17.215284362797657,1.500000012936691,-117.3705348771468,323.25964582224543
585,2,-4.614459203920118,1.24002657068004,-0.8979505056602678,24.64363009144982
586,3,-1.2087281949339286,0.4714981241438237,-0.5904958290242668,1.812730450814226
587,4,-0.3090278033807108,0.10845275839911,-0.6461836623849984,0.1293961205148479
588,5,-0.0999137484087432,0.0017036200678902,-0.4626996383572251,0.0221359364481649
589,6,-0.0642572432302023,-0.0363366613360595,-0.395972049221456,0.0121502770057435
590,7,-0.0405369854598774,0.0290589287646014,0.3246674317940379,0.0067009307411466
591,8,-0.0323997516856164,0.0108343808125787,-0.0437139628951193,0.0042132622100261
592,9,-0.0174366579513635,-0.0456711615889694,-0.5288736840263202,0.0030461344931446
593,10,0.0145198151663922,-0.0211049145764628,-0.1047268080458378,0.0006562424517459
594,0,47.0,30.0,22.03297865121785,3351.549826840028
595,1,14.816523216144407,1.3934861202419726,-42.37136018097853,242.5498268400281
596,2,4.343568283238961,-0.6208490278249091,-1.610897126403126,21.07866305817484
597,3,1.2330322105097908,-0.3910229770103811,0.5746904505544033,1.826624111664254
598,4,0.3418018722384418,-0.1550701595260674,0.3753720341765411,0.153356710959532
599,5,0.0929560271262037,-0.0532388423909432,0.1481798760439661,0.0124814367183879
600,6,0.0248542064179523,-0.0173976647286014,0.0493929441135341,0.0010062394001726
601,7,0.0065235920059225,-0.0058281648232519,0.014864622987213,8.582908549768037e-05
602,8,0.001662773274295,-0.0022099772160417,0.0039908839789429,9.304327630952271e-06
603,9,0.0003918681416823,-0.0010518493666534,0.000805720429116,1.6555133738188725e-06
604,10,5.974989331776816e-05,-0.0006260955146561,-2.2062279945093253e-05,3.955656432240676e-07
605,0,-42.0,5.0,-14.78609952359732,1950.988562933638
606,1,-12.08437292859199,1.3938389222388403,-11.43016201311358,161.98856293363784
607,2,-3.4418496950155943,1.000575615656445,-1.4193429337039725,14.01370691520296
608,3,-0.9549273102490344,0.4013160525495384,-1.000835766784779,1.1662260294777465
609,4,-0.2608172509273648,0.1346981134600511,-0.4055680634185948,0.0932852875843468
610,5,-0.0702958438258663,0.0407892828450026,-0.138752682663244,0.007116067433342
611,6,-0.0187771466867624,0.0111615280016583,-0.0439368312946815,0.0005107961791418
612,7,-0.0050061679359886,0.0024858718505078,-0.0135230814261755,3.363523411384535e-05
613,8,-0.0013562755609798,0.0001393114250405,-0.0042823905619848,2.393957853377065e-06
614,9,-0.0003976771658963,-0.000400892995268,-0.0015324021817549,5.350667829190676e-07
615,10,-0.0001623642395371,-0.0004357089793752,-0.0006459796280951,2.1620446098872117e-07
616,0,77.0,-47.0,38.5,8854.924169287291
617,1,20.031712169244024,-16.300077640897566,58.32238226642037,716.9241692872915
618,2,5.1706589661130575,-4.450465793600837,16.233960672644486,49.96214575656357
619,3,1.32532558265671,-1.1970536866640338,4.434415576427139,3.41978583270709
620,4,0.3375373466352673,-0.3180149786031492,1.1931752619984155,0.230360403906788
621,5,0.0854594635305721,-0.0836046551827414,0.3170822058100788,0.0152954169172499
622,6,0.0215184117964621,-0.0217809330143891,0.0833814858434709,0.0010023586420917
623,7,0.0053904381201516,-0.0056292731533593,0.0217279956046928,6.490755287228556e-05
624,8,0.0013444158180011,-0.0014445788821791,0.0056170106428605,4.162013509969859e-06
625,9,0.0003361180379212,-0.0003692969512776,0.0014404948587901,2.6775147144028946e-07
626,10,9.058813586954591e-05,-0.0001009439816975,0.0003539587131805,1.8395897801266243e-08
627,0,73.0,49.0,33.32313764811019,8070.214456886428
628,1,17.583830731714222,0.6286758029272408,-46.449858090537695,340.21445688642746
629,2,3.4033197662126704,-0.178794834641637,3.4731671624354363,30.628120419663706
630,3,2.1656687834789508,-0.0994482406291327,2.5972455012779907,19.01356739567531
631,4,-0.442589516426322,-0.0590081689885571,-0.5884805604840975,14.313556163375884
632,5,1.1982644128525894,0.0193896712690238,1.4622000299767426,14.114188719318015
633,6,-0.7859558319713241,0.030021957918624,0.1585316006198465,12.677975156857132
634,7,-2.329456610408076,-0.0079770992590826,-1.9320598121607109,12.05934726909013
635,8,2.388854012805811,0.0585930555152161,1.5823217627627295,6.632915535203658
636,9,0.3237913712743444,0.3446305941398233,1.085354753354971,0.9228588945506236
637,10,-0.741210342761355,0.3871111259126121,1.6317709193788612,0.6992477960217356
638,0,-40.0,79.0,-19.712006824348403,8005.232363629301
639,1,8.315117567260126,-1.960531443381765,17.13201735100836,164.23236362930095
640,2,1.1382523953111603,-5.968556205527395,-21.950040627340453,91.24749993145444
641,3,-0.2945134604002408,-3.923236690102796,-1.5730224723109605,54.32821823748327
642,4,0.0202198239312352,-2.059575154406593,0.7097878249421815,38.84969393255761
643,5,-0.2770751832382828,-1.804688938410451,-2.321490602850314,34.607435274628855
644,6,-0.2606357866052756,-0.8718938615011306,9.38287295660276,31.27376245304129
645,7,2.5896943794161067,1.8245374037203796,21.5124123151538,30.445632534058586
646,8,1.4717893751446194,1.966629625760899,10.316869213906894,20.410178817704505
647,9,-3.3569923306341263,1.0687592472518987,-6.276502929060564,14.376382767995462
648,10,-0.1889427202423715,1.3888986931882712,-12.711232430786138,1.9647389314726744
649,0,-45.0,68.0,-22.48850466460089,7802.90981356788
650,1,-32.90306709455405,1.4999999531265662,-125.55528839527662,1153.9098135678794
651,2,-8.038696939299182,1.187443773840804,-7.980171092014924,69.04798947977405
652,3,-1.7015687083836932,0.1107299292948935,-1.7646591759059342,3.0173182818427016
653,4,-0.0638117517877028,0.0126726263734488,-0.0347023901541739,0.1097210952504993
654,5,0.0251357787646691,0.0037820334886325,0.0971431081433879,0.1054885601250829
655,6,0.1766449656673744,0.0029003242392616,0.2428106988563606,0.1048424489736674
656,7,0.2484706774153544,0.0050565202444823,0.3069395728577778,0.0736305931973466
657,8,0.0924675019221552,0.0041352112440613,0.1167704815413988,0.0118673472651186
658,9,-0.0328405161271792,0.0018316382428594,-0.0278174931238463,0.0033000083813618
659,10,-0.0470872038615597,0.0009742770189124,-0.046882934609536,0.0022181539832096
660,0,35.0,62.0,16.939634237754486,5265.581371924519
661,1,13.433064739898713,1.5000000130879425,-99.1411054304887,196.5813719245192
662,2,3.4604896925606003,-0.3425445493950511,-0.4724968504639149,13.88414357894528
663,3,0.9031679789066692,-0.2169388652846499,0.3965716325349668,1.7918178983068622
664,4,0.2707049237161364,-0.1663464719037493,-0.3109601358588285,0.9290430289135132
665,5,-0.0993682967960949,-0.0590723559636911,-0.6586131625169115,0.8280907244745291
666,6,-0.0205738054101548,0.0124988041963267,-0.6853869445598124,0.8147271228272713
667,7,-0.2036763083624139,-0.0489173638948424,-0.961979230552116,0.8141476212518783
668,8,-0.3861776150067232,-0.0264029771222079,-1.0653829395725014,0.7702706741733167
669,9,0.6406971578803793,0.1152848562909024,0.7841634123585894,0.6204404066401199
670,10,-0.4018394489523274,0.1875687012798246,-1.0213357828355316,0.1966569604341102
671,0,3.0,71.0,1.4981649820380538,5104.185415176964
672,1,3.2629377849607564,1.500000007066913,-122.17688515052276,54.18541517696383
673,2,0.3278611323838771,-0.0468690615137447,0.720758947647536,41.28865216723848
674,3,0.0259840928421706,-0.1191897816012865,-0.6613036975875807,41.17896253618326
675,4,0.288675598403928,0.0107115557590128,1.2232042611205969,41.16408115906427
676,5,0.2443824831633471,0.1931542591465424,1.720349161861086,41.080632820523626
677,6,0.2609644240544452,-0.0148504685994756,0.2181552754724246,40.98360145462009
678,7,-0.0261307256165191,-0.0260877159351356,-0.7251992297517986,40.9152784875804
679,8,-0.0211225568286699,0.6891318780155932,0.6971121387489186,40.913915103836445
680,9,1.23784342465602,2.14656736090645,6.193063106482898,40.438566196132165
681,10,5.70793716298978,1.3107294765203532,5.58863742341796,34.29855841725914
682,0,9.0,72.0,4.482326018638986,5281.115870996246
683,1,1.8387075915574609,1.4999954327879363,-93.62725342014312,16.115870996245828
684,2,-0.7213909226937065,-0.3710851005348837,-0.4533553745967897,10.485039090610124
685,3,-0.3696278817630852,-0.2936322426977786,-1.6680189758801398,9.82693007542626
686,4,1.1816654920959804,-0.1619856890328924,-0.0759146053717437,9.604085410497868
687,5,0.3234429366786331,-0.1332609344628556,-0.6839331583896663,8.181512711835971
688,6,-1.0101889642542368,0.221193395495964,0.1847563255177934,8.059138901894759
689,7,0.1384435221944957,0.0429135350366879,1.4459636810836485,6.989730640182677
690,8,2.0807525325042566,0.0887796935458991,2.870089458486426,6.968722459855714
691,9,1.6128849318651992,0.0590980924416459,2.2194287591956847,2.631309524346733
692,10,-0.1392218819767441,0.0838832757916469,0.7225133669687119,0.0264191363786839
693,0,81.0,-80.0,8.854995339743043,14014.04889631717
694,1,19.63230767129121,-24.58790662989941,98.962857519972,1053.04889631717
695,2,4.736422626729981,-6.072853814602437,24.559119102942034,63.05623937627896
696,3,1.1372772214288902,-1.493100677784603,6.066497589786816,3.7429866237478615
697,4,0.2717322667203972,-0.3654524196987126,1.4917205109623792,0.2202375113660037
698,5,0.0645910418593045,-0.089047310519371,0.3651590552653139,0.0128436155253546
699,6,0.0152696238971174,-0.021599511979299,0.0889867324180172,0.0007421893261509
700,7,0.0035888623798177,-0.0052151494684459,0.0215875770226212,4.24889944476014e-05
701,8,0.0008386106492862,-0.001253340479392,0.0052129370666691,2.411277288097696e-06
702,9,0.0001959664757256,-0.000300603913974,0.0012515144588554,1.3714710971869814e-07
703,10,4.913670715335687e-05,-7.724714249711102e-05,0.0002881187414915,8.381537013843728e-09
704,0,35.0,8.0,15.85241856625771,1410.192156902932
705,1,10.399184090474863,-0.2387636560633435,-7.83762444049642,121.19215690293188
706,2,3.4094733604902343,-0.6606538089247614,-0.3789102700399718,12.992119071889633
707,3,0.8084472777507238,-0.1755473945922227,0.5154088841110726,0.9311470207502665
708,4,0.2291756719336447,-0.06725983783298,-0.7409283795099055,0.2467431320995928
709,5,0.0688965161300764,-0.0838949309954194,-0.833162942755314,0.1896977577080365
710,6,0.0298284057351824,0.0229609399191836,-0.204509396836803,0.1779126683264484
711,7,0.0249853350560237,-0.0743060627326847,-0.0931994110872122,0.1764957297757734
712,8,-0.002982336425283,-0.2066068947303222,-0.2241684271423978,0.170350071849078
713,9,-0.0426894257396384,-0.3008876801401624,-0.9328258347218956,0.127654768568418
714,10,-0.0587152883704032,-0.1784698863951271,0.5493808921406308,0.0352989854383092
715,0,84.0,57.0,40.91223156804525,11082.01259964827
716,1,26.5967276383176,1.4103676832702985,-86.9720058529749,777.0125996482685
717,2,7.749858474663635,-1.3207507373816971,-1.747378748943362,67.63754157940824
718,3,2.1920373209633004,-0.7361922560452342,1.2544941575817523,5.832852691798165
719,4,0.6061473006425977,-0.2816957970788856,0.7155747146562518,0.4858460374412299
720,5,0.1645948926400145,-0.0943935101694239,0.2735621645060788,0.0390789652730134
721,6,0.044004269799053,-0.0299100809290311,0.0902371908002552,0.0030773518277304
722,7,0.0115848493477627,-0.0094740981267128,0.0272981178935058,0.0002463631260013
723,8,0.0029879626302936,-0.0032436630471891,0.0076087753494035,2.239585627642393e-05
724,9,0.0007358674579985,-0.0013513440046905,0.0017866711869854,2.9465856326916145e-06
725,10,0.000146888749578,-0.0007465773859316,0.000162193274487,5.789540979371954e-07
726,0,50.0,-13.0,25.0,2920.825410991817
727,1,13.82056195719762,-6.383622624457381,16.63860192812541,251.8254109918172
728,2,3.7543589183746526,-2.1045162732400087,6.317676235671462,20.066840367594956
729,3,1.0056314433591402,-0.6452810091258326,2.088150620966297,1.5426407352836429
730,4,0.2662292499467732,-0.1890489942784375,0.6412384213461729,0.1149585546726019
731,5,0.0697806721348967,-0.0536679846256918,0.1880549652059325,0.0083410189076916
732,6,0.0181318106912446,-0.0148846572095394,0.0534247339289794,0.0005914241303102
733,7,0.0046754471051782,-0.004054255646395,0.0148255818826355,4.11085511216119e-05
734,8,0.0011979765845022,-0.0010883669532664,0.0040402595661305,2.8117566419667844e-06
735,9,0.0003072381661008,-0.0002894141863169,0.0010843204535539,1.920661199888136e-07
736,10,8.488148656349884e-05,-8.188645356240494e-05,0.0002773937622334,1.3910258038257336e-08
737,0,-41.0,30.0,-18.88063187647825,2712.3048230445997
738,1,-10.86049232000544,1.416866221344704,-58.82718370376285,131.30482304459923
739,2,-3.0846090664822152,0.9426253499753098,-1.507838501431789,11.347019722514482
740,3,-0.8557807589516452,0.3689692678273902,-0.9468787366246016,0.9436640790741232
741,4,-0.2334671362621378,0.1222914842200836,-0.3738663911398566,0.0751650510811889
742,5,-0.0628666432971991,0.0366689991228015,-0.1265039654200154,0.0057029402539943
743,6,-0.0167852184264822,0.0098908798403041,-0.0398543071135113,0.000406109917869
744,7,-0.0044784457279029,0.0021115909058213,-0.0122631689349375,2.6536856229044505e-05
745,8,-0.0012178381851048,3.2316208170744186e-05,-0.0039116978272491,2.021563937724718e-06
746,9,-0.0003614678021775,-0.0004310330007076,-0.0014270630572646,5.37389755314601e-07
747,10,-0.0001522195816578,-0.0004447139918694,-0.0006176355082824,2.2094133560451573e-07
748,0,78.0,98.0,38.45380637248068,19308.307746661696
749,1,57.06062708585113,1.499999744123752,-54.64316244318989,3620.307746661697
750,2,18.91646688040734,-0.3934034045393406,0.7122662333348403,362.1425839987572
751,3,1.999915441982248,-0.3188381249784182,0.7032063102201169,4.155098522506194
752,4,0.1122533434686476,-0.0938306149117922,-0.1441626943816126,0.0537789974873916
753,5,0.0791256885607525,-0.0312833993165244,-0.0184121106415793,0.0323740000727764
754,6,0.1164037810212601,-0.0088505042516309,0.0970327486519495,0.0251344744097661
755,7,0.0948970282704052,-0.0020662789829832,0.093425973896885,0.0115063027482125
756,8,0.0366453853245958,-0.0006467716045238,0.0361920104019419,0.0024965872648228
757,9,-0.0161981539588842,-0.0008539017719543,-0.0164846466828597,0.0011532846857263
758,10,-0.0297871365813705,-0.0017034788220828,-0.0302415514949342,0.0008901753458145
759,0,16.0,68.0,7.959494568901163,4967.131367966201
760,1,8.98652523480269,1.4999999383394234,-91.6967897404669,87.13136796620056
761,2,1.975794315118509,-0.1534849293040825,1.1314571557960378,4.123732355436757
762,3,0.3224742399922549,0.0314028888570089,0.7629539097692059,0.1964115562586597
763,4,0.2755057198509701,0.0475874834367593,0.8798699526850883,0.0914357793715116
764,5,0.0905427383170518,0.0207679754742884,0.2940024545430154,0.0132678091210665
765,6,-0.0426262808968896,0.0050014716920803,-0.0272474106332057,0.0046385128538157
766,7,-0.0406580654144125,-0.0017022713896581,-0.0721137228601425,0.0027964983116285
767,8,-0.0258050683289845,-0.0024953027009942,-0.0490564578994615,0.0011405223005018
768,9,-0.0174301994390569,-0.0019345130795623,-0.0277529806838718,0.0004683942134687
769,10,-0.0125442294228445,-0.0018660997603132,-0.0164242632302224,0.0001608400201284
770,0,-23.0,47.0,-11.117001052956862,2770.98118457346
771,1,-5.020691475363427,1.4999992432166829,-87.42241523691672,32.98118457345946
772,2,-1.4699826878916296,0.8580032295316995,1.1289098388287209,5.523843953021851
773,3,-0.9900359781608236,0.5791186118941379,-0.7948285962704408,2.626825308433925
774,4,-1.1205108866054625,-0.0261811857127912,-1.4200114359137703,1.311275703738873
775,5,-0.0193734645461653,-0.0401528896879237,-0.0579281441945369,0.055045602252186
776,6,0.0175634894245476,-0.0125132543404959,-0.0239557752868739,0.0530580165733739
777,7,-0.1911249149877276,-0.0095320695229809,-0.2797001997447019,0.0525929588784178
778,8,-0.0592948676552209,-0.0085583453745383,-0.1155421890707011,0.0159733653999607
779,9,0.0758518388846161,-0.0060505963415161,0.0648697477996144,0.0123842387941606
780,10,0.0810683088449313,-0.0046964792044448,0.0760299515609755,0.0065941276158949
781,0,39.0,-11.0,19.5,1796.761509568954
782,1,10.73080332850082,-5.233640830572569,14.264045717635597,154.7615095689538
783,2,2.904369321602758,-1.6890885738819408,5.183596398030084,12.220373150553224
784,3,0.7756090658135641,-0.5113150973766664,1.676683316439802,0.9319917838674308
785,4,0.2048093825322582,-0.1485152945619565,0.5082541845711892,0.0689792320899315
786,5,0.0535636312336892,-0.0418986225851767,0.1477634703855445,0.0049755561978619
787,6,0.0138909424526486,-0.0115651437760981,0.0417148425040201,0.0003509990323881
788,7,0.0035756775062427,-0.0031381618790668,0.0115205609323198,2.4288199603562013e-05
789,8,0.0009147400522428,-0.0008398218886455,0.0031276103257527,1.6546699956830272e-06
790,9,0.0002342569020248,-0.0002227384861918,0.0008367500671695,1.1261982785758197e-07
791,10,6.462941017031942e-05,-6.288193557201521e-05,0.0002134873403882,8.131098480246459e-09
