,mpc_x_0,mpc_x_1,mpc_x_2,mpc_x_3,mpc_x_4,mpc_x_5,mpc_x_6,mpc_x_7,mpc_x_8,mpc_x_9,mpc_x_10,mpc_x_11,mpc_x_12,mpc_x_13,mpc_x_14,mpc_x_15,mpc_x_16,mpc_x_17,mpc_x_18,mpc_x_19,mpc_x_20,mpc_x_21,mpc_x_22,mpc_x_23,mpc_x_24,mpc_x_25,mpc_x_26,mpc_x_27,mpc_x_28,mpc_x_29,mpc_x_30,mpc_x_31,mpc_x_32,mpc_x_33,mpc_x_34,mpc_x_35,mpc_x_36,mpc_x_37,mpc_x_38,mpc_x_39,mpc_x_40,mpc_x_41,mpc_x_42,mpc_x_43,mpc_x_44,mpc_x_45,mpc_x_46,mpc_x_47,mpc_x_48,mpc_x_49,mpc_x_50,mpc_x_51,mpc_x_52,mpc_x_53,mpc_x_54,mpc_x_55,mpc_x_56,mpc_x_57,mpc_x_58,mpc_x_59,mpc_x_60,mpc_x_61,mpc_x_62,mpc_x_63,mpc_x_64,mpc_x_65,mpc_x_66,mpc_x_67,mpc_x_68,mpc_x_69,mpc_x_70,mpc_x_71,mpc_x_72,mpc_x_73,mpc_x_74,mpc_x_75,mpc_x_76,mpc_x_77,mpc_x_78,mpc_x_79,mpc_x_80,mpc_x_81,mpc_x_82,mpc_x_83,mpc_x_84,mpc_x_85,mpc_x_86,mpc_x_87,mpc_x_88,mpc_x_89,mpc_x_90,mpc_x_91,mpc_x_92,mpc_x_93,mpc_x_94,mpc_x_95,mpc_x_96,mpc_x_97,mpc_x_98,mpc_x_99,mpc_x_100,mpc_x_101,mpc_x_102,mpc_x_103,mpc_x_104,mpc_x_105,mpc_x_106,mpc_x_107,mpc_x_108,mpc_x_109,mpc_x_110,mpc_x_111,mpc_x_112,mpc_x_113,mpc_x_114,mpc_x_115,mpc_x_116,mpc_x_117,mpc_x_118,mpc_x_119,mpc_x_120,mpc_x_121,mpc_x_122,mpc_x_123,mpc_x_124,mpc_x_125,mpc_x_126,mpc_x_127,mpc_x_128,mpc_x_129,mpc_x_130,mpc_x_131,mpc_x_132,mpc_x_133,mpc_x_134,mpc_x_135,mpc_x_136,mpc_x_137,mpc_x_138,mpc_x_139,mpc_x_140,mpc_x_141,mpc_x_142,mpc_x_143,mpc_x_144,mpc_x_145,mpc_x_146,mpc_x_147,mpc_x_148,mpc_x_149,mpc_x_150,mpc_x_151,mpc_x_152,mpc_x_153,mpc_x_154,mpc_x_155,mpc_x_156,mpc_x_157,mpc_x_158,mpc_x_159,mpc_x_160,mpc_x_161,mpc_x_162,mpc_x_163,mpc_x_164,mpc_x_165,mpc_x_166,mpc_x_167,mpc_x_168,mpc_x_169,mpc_x_170,mpc_x_171,mpc_x_172,mpc_x_173,mpc_x_174,mpc_x_175,mpc_x_176,mpc_x_177,mpc_x_178,mpc_x_179,mpc_x_180,mpc_x_181,mpc_x_182,mpc_x_183,mpc_x_184,mpc_x_185,mpc_x_186,mpc_x_187,mpc_x_188,mpc_x_189,mpc_x_190,mpc_x_191,mpc_x_192,mpc_x_193,mpc_x_194,mpc_x_195,mpc_x_196,mpc_x_197,mpc_x_198,mpc_x_199,u_0,y_0,ctg
0,328.0,63.0,142.0,-163.0,-284.0,-334.0,874.0,591.0,-544.0,-637.0,667.0,-69.0,-333.0,-50.0,295.0,508.0,386.0,317.0,-281.0,924.0,89.0,-437.0,-648.0,941.0,-123.0,-209.0,-788.0,-96.0,-501.0,704.0,-467.0,959.0,185.0,267.0,486.0,977.0,451.0,148.0,659.0,-596.0,-274.0,42.0,828.0,-765.0,-18.0,125.0,-9.0,119.0,-557.0,961.0,-686.0,-262.0,-303.0,-804.0,592.0,-505.0,-41.0,-629.0,941.0,805.0,-247.0,865.0,132.0,913.0,502.0,-327.0,-860.0,413.0,47.0,925.0,-350.0,975.0,462.0,-138.0,394.0,919.0,933.0,354.0,-786.0,669.0,185.0,972.0,366.0,72.0,-512.0,-22.0,294.0,-549.0,-881.0,451.0,871.0,698.0,35.0,-156.0,550.0,352.0,-742.0,949.0,292.0,235.0,829.0,31.0,-408.0,-792.0,-907.0,502.0,21.0,-366.0,-199.0,201.0,-788.0,682.0,-567.0,-872.0,555.0,-544.0,-710.0,974.0,-289.0,-203.0,901.0,320.0,-890.0,166.0,445.0,4.0,-938.0,-268.0,338.0,-903.0,-822.0,174.0,70.0,-45.0,-19.0,150.0,322.0,69.0,-844.0,25.0,380.0,-249.0,-538.0,37.0,425.0,214.0,-159.0,997.0,468.0,-613.0,-777.0,947.0,-375.0,-340.0,444.0,-101.0,340.0,-604.0,-953.0,-169.0,344.0,-608.0,-468.0,-92.0,-26.0,462.0,51.0,339.0,66.0,-472.0,281.0,-566.0,866.0,-985.0,-554.0,949.0,-244.0,-101.0,-725.0,-1.0,-884.0,-418.0,-26.0,994.0,887.0,-152.0,-857.0,-130.0,-1.0,-449.0,465.0,-936.0,-791.0,-839.0,59.0,502.0,430.0,314.0,486.0,-978.0,2.65622558755124e-05,-498503.73033549555,200200975034.7133
1,0.03852929863181652,-0.43163172513924236,1.0315811312996632,0.5281482459738355,-0.2487868206973682,1.1656548651292495,0.007793515906765785,-0.4273315602819867,-1.0150220567214616,-0.6329795418579023,-0.15608670736443722,-0.5822607889386752,3.738904845839637,-1.1623666813235063,0.07675187613888643,0.5859203875104692,-0.46399628317344666,2.001633622508432,-0.17426887285729545,0.7903991630609496,1.180665627747277,-0.011505242304260204,-1.492217705575673,1.4297693152576283,-0.10427806629913416,1.1821107496867052,0.19928173161192367,0.17734178831466466,-1.6254983027271677,0.37115608458876237,0.5647254425462539,-0.9500333711722367,1.2627406743523955,0.08299166644167184,0.6724296387546743,0.874991154824292,0.6299751805592088,0.646195552337499,-0.7744947795847564,-0.9371865029834883,-0.28117079743614287,-0.006390651916564957,1.1741654616059316,-0.043872345004999105,0.5461267910434606,0.9303908438696398,-0.08901437786946673,-1.3946976631894097,-3.249634508732659,2.3364854898383225,1.0667531130193835,0.043602330744106826,0.9120993931188318,-2.236473336468166,-0.8156314708469794,-0.9490644043353368,-0.09124399016242862,-0.46673110281400726,-0.6611013572732879,1.6528370474270566,0.21381933176859633,0.2826316888901401,0.07273996375661068,-1.9572891077992773,0.8795036626604754,-0.4272641611885356,1.1379664441885025,0.309764761263377,0.530685551358094,1.258387402297926,1.7205691589058634,0.15416543730269736,2.120039256663433,1.9320536138664384,0.8067676284304074,-0.026936511171064638,0.7545544306891775,0.38099546311583654,-0.04010787104717062,-0.3782561068051349,-0.9457121216711167,-1.0194575564477002,1.191764061135497,0.5274655789977117,0.9790841235780401,-0.6578030049415335,1.9249699883967866,0.20216008483339562,-0.2735095514706202,1.7602550901852019,-0.8432691788342275,0.44646675722362394,0.15809228402192677,-0.15437933429785036,-0.5717626958320526,0.7546178562828528,-0.919287491925332,0.2206650927666631,0.6959479950484265,0.9227287162202922,0.051399125037224214,-0.9636998518616954,-0.19237754466841347,0.08478095556858958,-0.30296466516816006,-0.06364275528075641,0.4104164019972818,-0.3773224181147702,-1.4260047982391562,0.7187527885851659,-0.3488495230258442,-0.740700102816121,-0.6286854684077409,-0.4143672221679519,-0.13664654098758347,-0.3071884976765887,0.3794448737784558,1.0189132678196005,0.4239804717803464,1.6994922694146832,0.5306584617730373,-0.5979816078812716,-1.5708649863926332,1.575681423530665,2.0060157772491896,0.24587334445983883,0.24307021080660363,-0.6144206782438318,-1.172672284615173,-0.19768669606293593,-0.3206012670317364,1.6633768272259561,-1.1849310248109783,-0.33765650690955645,-0.8934636958405328,0.3733847473392947,-1.3353805903260234,-0.3966522539869697,0.2480159468418187,0.108986162309676,-0.36600845739846016,-1.2502240306252184,-1.095038495933815,-0.004188254661414966,-0.5708284853108747,-0.6193516081152687,1.0071126173893832,1.1412038752471783,0.8955933315567027,-1.5533358307436247,0.06844764233332129,1.7384943355073792,-0.8128333510555662,-0.4529596662589603,1.773940847441361,-0.4530070622242904,0.9914606123384946,-1.2855964647367029,-0.16476989812424908,0.4991585548474553,0.706149327369556,-1.9096835074702454,-0.8257977576919806,0.12117312759756822,1.3421354844482425,-0.9192768378587939,0.30291512760309197,0.7479547366045308,1.551481172587708,1.4187129216695735,-1.5432920605889575,0.2854783062150016,0.3682133539267068,1.0716831385218715,-0.7880607091904833,1.069320761608348,-0.4093430063123443,-1.1437343377996143,-0.6656387090120474,1.415153631956441,0.04457252643757656,-0.08777364159281337,-0.22106847670799587,0.1551727262047618,-0.034262038664816655,1.5034989446415414,-0.49502755358059336,0.020380013538371183,-1.5401695849582702,0.31923890880579986,0.31400449005769177,0.7623476516539532,0.36564277393949546,-0.28378771978603123,-0.8664748560604811,-0.9296644696583768,-0.01540994828673057,-0.46375102760312364,2.3240101087387517,0.7482155674643652,-1.042142174979247,1121.502910230617,1396199707.9896772
2,-0.11578216982974185,-1.2483660638324727,0.13979643619523613,0.3655271327407836,-1.2555383874023165,0.6063328430606648,-1.4896089475424037,-1.0078230442299307,-0.6186021651492108,-1.37246387662065,-0.45698990021050934,-2.4525691962772984,4.5067045607353124,-2.819437323401834,-0.42899700021332116,2.0041253239848347,-0.14643218909846853,1.0727389357372197,-0.8778263550332007,0.36804840760949037,2.7999106445696604,0.20813007642838802,-1.4031449183279379,3.013570226887806,-1.7577030859938472,1.6292070242467145,1.1885875765534462,1.0499272536731454,-1.4912015046516556,0.2907612415414777,-0.3301043998829068,-2.3494467040059805,4.205323404267604,0.6553467539952489,2.1547079341478863,0.8993270423251484,3.5612701125966426,0.6207944673207332,-1.6541875900898233,-1.3907265569312084,-1.0332245855429414,0.31732897707463653,1.369890125707277,0.6455078505614593,1.775294412652991,3.1094094180251095,-0.8451673241869826,-1.7805139625525175,-6.3492021733372015,3.085693417645033,0.955363587683801,0.421220381614121,2.550576985953165,-4.426109233414073,-1.3639098832628551,-1.4914016003801953,0.0512027673465852,-0.12442516357148914,-1.178337351372975,3.8782616023651397,1.017505193093317,-0.4025004152042175,0.44696460574988023,-2.684747702907728,0.10648985061768382,-0.3982214607410032,2.0937144331832935,-0.6379781512865648,1.4958296815960137,2.789818174836412,3.0601927399597666,-0.37274560025863224,5.725617299125035,3.6535594737501254,0.2899429164694662,-0.5496569633365705,2.8805309867481883,-0.1905092142070566,1.7646945870289874,-0.5975569975367984,-1.587353785592669,-1.4499201105524082,2.570352307871366,0.21697225962662248,2.763194246635167,-1.1495077839072212,2.740748635678435,0.17986501443713157,0.05509050319219169,1.5787288149149092,-1.6252433908274841,0.40328855380259043,0.38450392511449044,-0.7755398874090439,-1.071510162168474,1.4589368612935132,0.0015027667349494995,0.02653951818248896,0.967922496138275,0.8348571443466511,0.2676258570244455,-0.12231598061211507,-1.581190376148992,-0.30023435382767805,0.33221355220923754,-0.27278242088217425,0.413477944071801,-0.8533953558695413,-1.4648823211499438,0.6205148029874507,-0.38234017606566456,-0.05028377651541865,-0.6271526307567402,0.08689163643815082,-0.08996278962419951,-0.11654839925617265,-0.015495841278038278,0.44233225891983835,1.0549893027761528,1.3630020713200304,1.4466597015866332,-1.8465074805329589,-2.0202747262144927,0.6173495202410092,1.898059054762962,-0.6151550063514714,0.1159415743669358,-1.7993536584651622,-3.027424846738305,0.9992420336003439,-0.01587877135561974,1.4043134918076188,-3.3785593377674514,-0.24085671366195527,-0.5419528772542708,0.9727897505498039,-1.6191760057152749,-0.10011653330887631,0.20282587865043672,-0.8225626115930971,-0.8537740900352961,-1.6962499453218443,-0.8887101256303112,-0.35293029801428255,0.07167955830364156,-0.5949154549650564,1.1142624347150918,0.7564520394850109,0.761071567029089,-1.5227053859682271,0.4750075165259517,3.5749949058303327,-1.6584332772214332,-0.047013244233882895,3.0338001151998806,0.5365795289315362,2.0760764902206565,-0.9204111467228968,1.3306181066645197,0.27863018407146345,1.0089009628471945,-3.2426853065121137,-1.608057048069064,0.08603038263013937,1.6895818095182367,-1.837307460810907,0.17716464484111302,1.3291609703000626,1.2128101944539096,1.922250870421494,-0.8851249355463435,0.18470357340907825,-0.04726221364110733,1.678349275431428,-1.7575734875149125,1.0855325699082043,-0.8370164958595979,-0.9925102860361179,0.6541682238090294,0.9202556883152611,0.5800601268936533,-1.2600549221166015,0.23259023666410464,0.5726116712347901,-0.13221803925054257,2.8909831602232225,0.9204215827064217,0.8979842578760715,-1.3325779680631369,-1.2328769058125615,1.448134012642107,2.187366448355952,0.6049410295088042,-0.549893717115643,0.6014565389819827,0.5132327328594061,0.7147233847752683,-1.967309752120175,0.7530866277114998,1.2644457075830136,5.64541363839051,2681.167807375533,1396187897.4067094
3,-0.2964711731238479,-3.2027966071304426,0.3549319386640606,0.9367225825583733,-3.2223063480258016,1.5528536682868908,-3.820886350824861,-2.5859689572341034,-1.5847790595802458,-3.52098453522735,-1.1717449480693263,-6.291402862322457,11.555929649804826,-7.23183382496635,-1.1011312930199348,5.144537590070921,-0.3745956496560178,2.7487965501373877,-2.2522800831185035,0.9423556755518301,7.181420686275044,0.5339158500264033,-3.596221742468462,7.730653671541122,-4.511432111763916,4.178704325585816,3.049441676077486,2.6944022837171753,-3.824149528708836,0.7430916580697203,-0.8502671199372448,-6.026544943874917,10.788326099679562,1.682544411808655,5.528165769991268,2.3055763949587154,9.138035383989493,1.5919800818367147,-4.243286047482494,-3.567136213573683,-2.651728538414553,0.8144586136629091,3.5123832442263008,1.657145049765212,4.554416862403421,7.978411684142065,-2.169357867241419,-4.5659017865212395,-16.28399194245454,7.910588284300837,2.4485946965595837,1.081304804027531,6.5427571480691755,-11.353899985532498,-3.4974963780513457,-3.825232217552221,0.13125298910763636,-0.3165762585430987,-3.020768140132097,9.947424126803979,2.610965928995442,-1.0340156906633613,1.1451776413966033,-6.882881209520664,0.27027422427243025,-1.0241522193949526,5.368591812794671,-1.63771290096587,3.8382262085211654,7.157571488905463,7.848364363282206,-0.9557138293673558,14.686486226196825,9.371024468977975,0.7417167045159992,-1.4108128396842228,7.3921289897748075,-0.48796990524160155,4.529100842661241,-1.5317768634805258,-4.071205312993928,-3.7134591337560323,6.593966070836709,0.5534644665563939,7.090022749579108,-2.948914881186009,7.027581980559564,0.46057860062183625,0.14198234323124959,4.046988684085407,-4.16797694527065,1.035456869061926,0.9863007421511876,-1.9919515746771264,-2.7473066676803275,3.7431443343666198,0.005440333739138395,0.06572316299595965,2.483876331665234,2.140894515296965,0.6885256860342247,-0.31037825201896513,-4.0576846353506895,-0.7723205625432235,0.8534040252262257,-0.6997637765270729,1.0601234834750202,-2.1896266066332086,-3.755365575429223,1.5904237106592476,-0.9809963131862709,-0.12570335185542825,-1.6077503138728084,0.2230995930605598,-0.22913762455145387,-0.2971790755611614,-0.041099458132808644,1.1325543626122299,2.706005999151318,3.4939296593112252,3.711787896371623,-4.737297033920305,-5.180159771140445,1.5802273625678371,4.867239894344915,-1.5814037182789709,0.2949782087717439,-4.616114815423049,-7.76712372520419,2.567041244275702,-0.03948901317345181,3.600530894587352,-8.668702844829264,-0.616133333680388,-1.3868359853962515,2.4951072050215726,-4.153722629918208,-0.2540139812835795,0.5190641715249744,-2.111183023910169,-2.188486086127916,-4.349509431168629,-2.279378266156278,-0.9063768430495575,0.1846076890256183,-1.5238987602347305,2.857136570991518,1.938698053740568,1.949958400418562,-3.9026157835793356,1.219251954971512,9.169224234496477,-4.254269523385323,-0.11984699981332185,7.77981470925626,1.376617974103904,5.325083561886684,-2.3603552509421393,3.413590893793573,0.7161040041900268,2.5870767662518803,-8.315606426039961,-4.125604514739703,0.2221860765185628,4.332734377445052,-4.712757158082761,0.45320629998835865,3.4088323171523776,3.1079876907783306,4.931820715842893,-2.268550204991387,0.4728054971679892,-0.12152056725123625,4.30422456981372,-4.509388013095463,2.782571493576593,-2.1471534534709757,-2.543621996738464,1.6790241418921492,2.359646418740519,1.48772707564126,-3.2327850019288458,0.5991913786506138,1.4692645917149203,-0.3394114418991235,7.416895988871889,2.3621439909051563,2.304058989315946,-3.413878489412688,-3.1672073662616778,3.7167445989284027,5.609210792347719,1.5510096079354307,-1.411360630528227,1.54403738815001,1.3172689857993858,1.834376102560481,-5.0485589377263755,1.9263354522489669,3.2419829202787565,14.502745417467242,6879.7869301312285,1394796436.3507283
4,-0.5628100537549289,-6.088969518959217,0.676009275653805,1.7810910235720216,-6.127962002195442,2.9541195534139937,-7.272437515120477,-4.920044430638489,-3.0140969647869946,-6.699577595347774,-2.2303796301704133,-11.964768619611633,21.973982853081786,-13.755817354518275,-2.094650272997354,9.782896712760156,-0.7117068082606439,5.220834505602506,-4.284677679194328,1.7922847275151057,13.656206902989407,1.0176619932057616,-6.842280514661882,14.702265462270194,-8.580371089004302,7.947126352102149,5.797482834950684,5.126651654785332,-7.270894737444392,1.415222607667371,-1.6152222259395173,-11.460768957218072,20.523125525396086,3.198422583445233,10.513718614980236,4.385786921961578,17.375288097153526,3.0276428439595224,-8.071791206209772,-6.7843038271802785,-5.043089595350831,1.5493885012439303,6.6785807146782314,3.1499112211434532,8.665962479011366,15.168827249760023,-4.1263082740846855,-8.677465599927872,-30.970356917179885,15.041494397907368,4.661710421764255,2.0552578012464195,12.446034027355228,-21.582830872168838,-6.649382271824419,-7.273100934258364,0.251424143192858,-0.604968592833239,-5.745199966095416,18.923867302953653,4.964358083999586,-1.9663490825868384,2.176302033789918,-13.090103627070322,0.5116523023128059,-1.946190057102952,10.208890016635085,-3.1160585249860873,7.298759821006582,13.612544141218013,14.927687235346742,-1.8158911013301238,27.936834746303056,17.819265103231317,1.4099716503948532,-2.6852112289171832,14.063380156797175,-0.9310004768746717,8.610735951631687,-2.914195926475977,-7.739909507891746,-7.064898726954873,12.539649528135328,1.0530006986665077,13.486540492440488,-5.607345858242713,13.36424634603573,0.8753713149981874,0.27054261934797935,7.694511573212017,-7.9291674827860765,1.9667668133988123,1.8757730286678125,-3.790286149719597,-5.224132479135933,7.12258215039605,0.01176883784020836,0.12401115885928914,4.721853265209231,4.069130139298438,1.3080370660920313,-0.5891217938607642,-7.716456689780443,-1.4680620301629015,1.62153069164698,-1.3300036236632764,2.0191698945005876,-4.1634464969755545,-7.141141142345812,3.0261659630048996,-1.8652686905478053,-0.23640488867068207,-3.058851443854317,0.42600828708603583,-0.43891884562814826,-0.5692429234954398,-0.07892121737233379,2.151340782631995,5.145369903133529,6.6395677308184995,7.057701981265642,-9.007618990643643,-9.850704659287489,3.0023952598453505,9.253764167746889,-3.0050217178414917,0.561004799407758,-8.77979979788452,-14.764944782193506,4.880997896736198,-0.07587148483501605,6.843158490109236,-16.480963417974714,-1.1731340971023312,-2.637189195254074,4.745810134463548,-7.898173988264063,-0.48390642134505957,0.9861424516413961,-4.017058195682446,-4.162729074732029,-8.272308914556334,-4.333631283077902,-1.7229508734915544,0.3535083521910021,-2.900415381885531,5.435066026859205,3.6900343210302893,3.706827376455163,-7.421747529250131,2.319872877614131,17.435499669999867,-8.092055168217147,-0.22814619136652428,14.796324034817072,2.619243356062332,10.12919136013667,-4.483683157761383,6.491636454888783,1.3594355733574248,4.9185022585169635,-15.816671974350186,-7.8434893090870235,0.42292507702431936,8.240982525853331,-8.961375353087107,0.8619015948912514,6.479651904213444,5.905588954825641,9.374073656153756,-4.306455496428925,0.901011076708957,-0.2347505630494819,8.183468049990772,-8.576678183793478,5.2919212761573196,-4.083648342487105,-4.837521962086193,3.1980658415656418,4.4886197815877065,2.82698569010527,-6.15010210033031,1.1353239959119525,2.799333387605971,-0.6462742381467111,14.102108224920105,4.496520771631194,4.382411489736925,-6.494223146222447,-6.02227127651631,7.066451336434463,10.668784559461118,2.9508140726172747,-2.6809845599260624,2.9400262724640758,2.5058329086285975,3.4871893951440907,-9.596907214705391,3.6589233756592354,6.164475387653889,27.571921167889656,13079.68417452161,1391200151.5154893
5,-0.914763044051714,-9.906131243357748,1.1011106217469309,2.8979197522615263,-9.971585331030512,4.808091994865929,-11.840405642730238,-8.008390205828151,-4.904909997309934,-10.905559963969393,-3.6314929607970488,-19.469620567802668,35.75423629598344,-22.386820122489304,-3.4091035572988964,15.91832390097194,-1.1574015626519407,8.488455992702914,-6.973672027770169,2.9166409802974957,22.22077637257598,1.6584001881783543,-11.137374310707584,23.92460570288263,-13.963099512132978,12.93215101492474,9.431981448724057,8.345007335374332,-11.829695676318641,2.3050683897855704,-2.6264698231841104,-18.649168805912808,33.40280653493964,5.203162713740393,17.10887825913453,7.137944858293809,28.270581172517424,4.9267980537365315,-13.136969701563844,-11.040207327306076,-8.206479536535157,2.521742723127895,10.866480886580096,5.123995128999852,14.106450952066535,24.678925625271383,-6.715259844224028,-14.114224513764542,-50.39854203614786,24.473475785140668,7.591104292946294,3.343217410877287,20.256197496388282,-35.110390441345494,-10.818026752478358,-11.833439240217658,0.4110446801318054,-0.9875190196714162,-9.349288473838167,30.800354948421862,8.077080628709162,-3.1996210881283202,3.539730953809,-21.301334434865037,0.8301027872495418,-3.1653325090915048,16.611406344348048,-5.072195390193022,11.876196593230613,22.151516203750887,24.293075747571454,-2.953150602320143,45.46707624571253,28.993975832197766,2.29374037681451,-4.371806001033053,22.890174839759272,-1.518138665500722,14.009083694762964,-4.743296097848259,-12.592021281193606,-11.49926633903312,20.40454732586763,1.7139585893231708,21.949083197720046,-9.123688370941498,21.74631528832676,1.423870050922427,0.44079714288953864,12.518840581691439,-12.90551704002238,3.19784435226139,3.052404662928873,-6.16991485618583,-8.500315813024974,11.594425836012872,0.02066003031025202,0.20075876574278126,7.681606936250436,6.618990278118883,2.1270453773809215,-0.9574329369769957,-12.55624808418253,-2.3881441776150423,2.637101116848244,-2.163415247194456,3.2889330290957752,-6.774200704576696,-11.619671270925583,4.925961462996472,-3.034873314115893,-0.3818825012565672,-4.97886751485087,0.6950491420731115,-0.7175687150789863,-0.9306204140720695,-0.12922536598113546,3.4980994128262863,8.371919357418859,10.798850805411123,11.48330106380035,-14.655911583453632,-16.028737664314097,4.882647494041762,15.055422042577286,-4.887331332266428,0.912920809044129,-14.28798557075257,-24.019526908910354,7.941616875161689,-0.12428170215320686,11.1310530664456,-26.81342441128858,-1.9104531779539633,-4.291091233500079,7.723342426187004,-12.850968525175912,-0.7883135858032267,1.603649103117051,-6.5389483052744435,-6.774565992212987,-13.46167886603905,-7.050607154571434,-2.802854616292343,0.5778190121656456,-4.722146598090847,8.845742722058247,6.007868408985184,6.030296769346125,-12.076889941803694,3.7762152671244054,28.369508019249157,-13.16928260836157,-0.37149146109360537,24.07825485497864,4.263472080320189,16.484946430165753,-7.290597720524715,10.563265123087582,2.2095621181562013,8.002017719848485,-25.74009681958653,-12.760699543860587,0.6886075753301721,13.41132067898633,-14.581109449432104,1.402534449265785,10.540652901885776,9.604472846973149,15.248533052043925,-6.99940910554961,1.468122537276242,-0.3858531808140234,13.314237983519519,-13.95730297053558,8.611390285817015,-6.6453844376428535,-7.8719983719605215,5.209288906816724,7.3052803174572905,4.597742016361177,-10.009956341321871,1.8430131027826726,4.560639444975621,-1.0524870389477035,22.94434033902162,7.321479751197993,7.131924024340939,-10.569633560483592,-9.79864610641024,11.496817614800122,17.362205558575326,4.80292489365752,-4.359344624188083,4.787992695264592,4.078340986633959,5.673064281642678,-15.612016049549055,5.949189082329643,10.030045758566418,44.85693971788547,21279.576590743094,1384377403.8568904
6,-1.3523308276891557,-14.654285826175391,1.6302327469059423,4.287208530795511,-14.753177689934228,7.1147702294878865,-17.524785999161114,-11.851003849540332,-7.25721792856028,-16.138928296839218,-5.375081895856508,-28.805959134162276,52.89669391439217,-33.12483967627994,-5.044490077793161,23.55082201320276,-1.7116784902195312,12.551667211482563,-10.319263427248316,4.315424820248214,32.87512900881833,2.456128309980937,-16.481498087110232,35.39767394913677,-20.65961842815341,19.133779907688833,13.952940386166896,12.349466123381898,-17.50055343016755,3.4126282101242684,-3.884012867651573,-27.591745356990838,49.427364206209376,7.696764449727586,25.313645209596793,10.562048415224385,41.823917130312736,7.289444507334322,-19.438819874402103,-16.33484648354098,-12.141898753188187,3.7315213937457314,16.07608436725461,7.579399365913681,20.875878456927,36.50871233260828,-9.936211981697566,-20.876183589652094,-74.56854554083333,36.20653424771578,11.236772164833456,4.945183626081034,29.973245065399666,-51.9365885875293,-16.003432029617297,-17.506248696396842,0.610113847468913,-1.4642245996401475,-13.833032425632439,45.57688248424251,11.949135493521476,-4.733832312039013,5.235465404770398,-31.516570945209423,1.2256267120003077,-4.681582324079661,24.576143717826728,-7.506122507520525,17.57053720288467,32.77448711800087,35.94452873873393,-4.367494469328606,67.27720660417636,42.895159429753306,3.393021866184213,-6.470594818014958,33.87251012231867,-2.2493816704915783,20.72414784455075,-7.019076269355324,-18.627542723374567,-17.016557707535906,30.18865782718995,2.5363372446900008,32.47764693885498,-13.497943029621043,32.173791330587655,2.106075846060485,0.65274506722845,18.51997779539695,-19.09702339960689,4.728691039863473,4.516196989309731,-9.130835082963602,-12.575856652141118,17.158673487040286,0.032111552696291505,0.29596716499861314,11.36314047531178,9.790477094945281,3.1455502435632603,-1.415312836319363,-18.577060007183505,-3.532568660982626,3.900116854010238,-3.199999218433541,4.869409284514365,-10.021890277825038,-17.190956822960235,7.289808943703129,-4.489811012221859,-0.5621371743380154,-7.367797657621644,1.030219700334741,-1.065083604877968,-1.3813062631825728,-0.19201245094141103,5.172833281979317,12.38565438384736,15.971782405858573,16.988585459744268,-21.68217637359847,-23.71425848489662,7.2209853111105895,22.272214523887712,-7.228334704400076,1.350725590888155,-21.14067271350849,-35.53087680958351,11.748900524307942,-0.18471807299486329,16.464217683645536,-39.666090634745075,-2.828089068686177,-6.34854303485263,11.427704326638432,-19.012108380401312,-1.1672350146452275,2.3715824952347244,-9.676851910286393,-10.023997713548638,-19.917618964473892,-10.430305603013105,-4.146089103171159,0.8575361072947767,-6.989089180838469,13.089164353114148,8.89219484314255,8.920367026197257,-17.86804370685101,5.588277584876611,41.97125142207905,-19.48595103639668,-0.5498816399592658,35.625608255884636,6.309300555855792,24.39234688331094,-10.781103010995674,15.628477471732587,3.266488217047152,11.837623501196411,-38.08587925322085,-18.877238915833427,1.0192324469430731,19.843745160315034,-21.57196163197978,2.075105361668059,15.591839556079387,14.204644581560263,22.555204698173476,-10.347418983479931,2.1741376883828716,-0.5748266413532613,19.69653501619868,-20.651260554503057,12.74097807102179,-9.832361229310884,-11.647050818395067,7.712688378211696,10.809627820942044,6.799998604170705,-14.81234632045054,2.722260739609151,6.753179613951633,-1.5580493609254535,33.94359317839303,10.837015357041519,10.552599051980586,-15.640108220887724,-14.496332852428536,17.007845797630058,25.689471369083943,7.107341725352811,-6.446445017606629,7.087932028159354,6.034793672532962,8.392004887406685,-23.09388885863551,8.79713672486552,14.838694365617087,66.35779269690988,31479.46677765337,1373303761.1525648
7,-1.8755134030755691,-20.33343327874651,2.26337565225702,5.948957360866166,-20.47273909137226,9.874154265726032,-24.325578615929537,-16.447885373002073,-10.071020765229045,-22.39968261377202,-7.46114644340073,-39.97378433899726,73.40135574531942,-45.96987604611028,-7.000809837508334,32.680391066325335,-2.374537584925232,17.41046815492918,-14.321451890779233,5.9886362524234995,45.61926482750379,3.4108463669703313,-22.87465186009995,49.12147022686809,-28.669927854798136,26.55201304823733,19.36035965537268,17.140028031220528,-24.283468005396934,4.737902081019627,-5.387851358480791,-38.28849863080723,68.59679859307548,10.679227788931225,35.12801948596424,14.658097602732,58.0352959876959,10.115582208877916,-26.977341743804008,-22.668221307442806,-16.849347253779253,5.178724518096506,22.307391164862725,10.516123936336736,28.974245020860483,50.658187386649026,-13.789164694492893,-28.963342827157412,-103.4803674903607,50.24066980517232,15.598714061924909,6.861156443457543,41.59717676485848,-72.06142532307135,-22.205598109882583,-24.291529311720684,0.8486316528494668,-2.035085343368173,-19.19643183208239,63.2534499625503,16.580522685566322,-6.568982756897524,7.263505386874995,-43.73581317898493,1.6982240701209368,-6.4949395016906175,34.10310215905862,-10.41783988764704,24.38178165854236,45.481456906684976,49.882046240900216,-6.058922702247401,93.36722589246412,59.52281592142112,4.707816117265184,-8.981577687774044,47.010386045285244,-3.1247295021663595,28.75592840970167,-9.741536448840348,-25.846473840033514,-23.616772852887138,41.89198104536243,3.5201366696015497,45.072231742581074,-18.730109840381992,44.646674499836,2.9219887018641133,0.9063863932169983,25.697923224736307,-26.503686582389047,6.559306871069281,6.267150014702846,-12.673046838332525,-17.450755003655683,23.815325130673482,0.04612340556002258,0.4096363568246145,15.766453887092819,13.583590589133562,4.363551658905586,-1.9627614922318608,-25.77889247196723,-4.901335482601779,5.410577902296991,-4.43975553653129,6.760598670377489,-13.906515222180133,-23.85499781057059,10.117708414898923,-6.230081787948587,-0.7771689006429046,-10.22564188099769,1.4315199661511269,-1.4814635242732614,-1.9213004790978776,-0.26728247679926603,7.1755423898085295,17.186574987298346,22.158362526723483,23.573555174690085,-30.086413372017372,-32.9072671341719,10.017408706519541,30.904141615152916,-10.028031830125602,1.8744191461317865,-29.337861247901262,-49.298994492828086,16.302848852088974,-0.25718059863845694,22.84265234060915,-55.03896210233763,-3.926041775806017,-8.809544607856548,15.858895847558692,-26.381593564677242,-1.6206707133649862,3.289942621498777,-13.430769022867274,-13.911024252604209,-27.64012922673101,-14.472726628952707,-5.752654334584691,1.1926596427363196,-9.701243139742175,18.16533093004604,12.343013633557767,12.377038148354035,-24.795208841256134,7.7560598352098316,58.240729903144846,-27.042060471565602,-0.7633167267893997,49.43838427167758,8.756728784638364,33.85139274167369,-14.95519901861035,21.687273511968755,4.5302138699260395,16.425319606152634,-52.85401930965017,-26.193107434454987,1.4147996910286633,27.53825598181112,-29.933931915419596,2.8796143359709654,21.63321187408346,19.70610415775331,31.294088598131143,-14.350485117992328,3.019056536281406,-0.8016709610896926,27.330359152757595,-28.658550948756073,17.680684640024776,-13.644578724103171,-16.162679311673873,10.708264274111805,15.001662304888917,9.433755453831463,-20.55727205379223,3.773066893194242,9.376953916974367,-2.162961207284768,47.099866752681116,15.043127604042908,14.644436587035125,-21.705647146540514,-20.115331519245885,23.599535891434453,35.650582011303946,9.86406457815621,-8.942285738292558,9.839844282464036,8.37519097507614,11.644011220646002,-32.042525642793635,12.202766297197781,20.590421216023906,92.07448008110211,43679.35474289724,1356954703.9897628
8,-2.484310770219687,-26.943573601247007,3.000539337840408,7.883166242531326,-27.1302695355412,13.08624410368465,-32.24278349331648,-21.799034776401037,-13.346318507419952,-29.687822915020657,-9.889686603525657,-52.97309618269448,97.26822178946992,-60.92192923245528,-9.278062836524636,43.30703106065642,-3.1459788467980667,23.064858823163444,-18.980237418509866,7.93627527688104,60.453183829074995,4.522554359201691,-30.31683562993388,65.09599453656652,-37.994027792352036,35.186850436828436,25.65423925651425,22.71669305908832,-32.178439402241146,6.280890002525505,-7.137985295702421,-50.739428627736686,90.9111096962632,14.150552731456632,46.55200108858569,19.426092420974243,76.90471774521711,13.405211158476751,-35.752535310054114,-30.040331799239222,-22.328825038476126,6.863352096232175,29.56040127961314,13.934168840358854,38.401550644187374,67.12735078785461,-18.274117982752838,-38.375702226518975,-137.1340078857637,66.5758824579772,20.67692998441262,9.091135863072328,55.127992595199444,-95.48490064859766,-29.424524993472584,-32.18928108641479,1.1265980962927011,-2.7001012508975175,-25.439486693378527,83.83005738401468,21.971242204995296,-8.705072422768016,9.623850900176649,-57.95906113663287,2.2478948616085304,-8.605404041979956,45.19228166835863,-13.807347530686394,32.30992996044036,60.272425570258925,66.10562825457473,-8.027435301114433,123.73713411153926,78.87694530776598,6.238123130108148,-11.90475461042373,62.303802609162126,-4.14418216057133,38.1044253904697,-12.91067663640916,-34.2488146314076,-31.299911775335897,55.514516980811315,4.665356864091112,59.732837609378905,-24.82018880340655,59.16496479649318,3.871608618352658,1.2017211208729435,34.0526768699482,-35.12550658865022,8.6896918459326,8.305263739162625,-16.796550122444472,-23.125010867735227,31.564380767175585,0.06269558891819446,0.5417663412108638,20.89154717173205,17.99833076079887,5.781049623454487,-2.59977890472008,-34.161745478782805,-6.494444642517091,7.168484261752587,-5.882684201527992,8.962501186782768,-18.42807553777103,-31.611794233985027,13.409659876696017,-8.255685641353063,-1.026977680158768,-13.552400185092553,1.8989499395529665,-1.9667084733067892,-2.550603061877744,-0.3550354435573604,9.506226736358709,22.77468116793791,29.358591168190447,31.23821020886542,-39.86862257899436,-43.60776361246238,13.271917680352262,40.951203316667296,-13.286422709527393,2.4840014747913055,-38.87955117422079,-65.32387995907268,21.603461858661195,-0.3416692790948483,30.26635703753595,-72.93203881456937,-5.204311299362343,-11.674095952588214,21.016916989104573,-34.95942407825887,-2.148620681978749,4.358729481944225,-17.80069964316776,-18.435645609507656,-36.62920965308741,-19.177870232534843,-7.622550310582118,1.5831896185282235,-12.858608474921418,24.074242453051895,16.360324780390034,16.400310135925054,-32.85838534525643,10.279562018213543,77.17794346299891,-35.8376109141485,-1.011796721601712,65.51658290284257,11.605756766767325,44.862084005605055,-19.812885743481292,28.73965324400121,6.000739076814714,21.765106034873035,-70.04451698941213,-34.708305099962715,1.8753093076126146,36.49485314377068,-39.66702030003374,3.8160613721988215,28.664769856075726,26.108851575697138,41.46518475218862,-19.008607509165618,4.002879081019794,-1.066386140049543,36.215710393456234,-37.979174153589625,23.430509992997795,-18.08203692215804,-21.41888385195918,14.19601659466401,19.881383769461042,12.499012565415873,-27.244733541555178,4.9954315635584585,12.43196235417069,-2.86722257805568,62.41316106233824,19.93981649238991,19.40743662964064,-28.766250337664122,-26.655642107058444,31.271887896427724,47.24553748559705,13.073093452171857,-11.8468667862999,13.043729458302147,11.09953289433704,15.429083281446463,-42.457926402312324,16.166077799405105,27.285226309979862,122.00700187144463,57879.24048688264,1334305595.6862423
9,-3.178722929059918,-34.484706793016436,3.8417238035835535,10.089835175597983,-34.72576902177768,16.751039743044547,-41.27640063053859,-27.904452059206093,-17.083111154806886,-38.00334919986223,-12.660702375991098,-67.80389466395897,124.4972920444634,-77.98099923382765,-11.876249074615727,55.43074199513659,-4.02600227576061,29.514839215615982,-24.295620009977327,10.158341893426897,77.37688601205309,5.791252286566306,-38.80804939587337,83.32124687664098,-48.63191823988679,45.038292072602104,32.834579188962906,29.07946120643198,-41.18546761991209,8.04159197448999,-9.13441467914052,-64.94453534653847,116.37029751355513,18.11073927695675,59.585590016323415,24.866032869477102,98.43218240099378,17.158331355803103,-45.76440057228004,-38.451177958196205,-28.580332106733067,8.785404127985336,37.83511471078226,17.83353407763804,49.15779532597252,85.91620253458052,-23.391071846031252,-49.11326178679382,-175.52946672369146,85.21217220450075,26.471419931795165,11.63512188470227,70.56569255507743,-122.20701456176597,-37.660212679666266,-41.199504019690885,1.4440131777725225,-3.459272322164531,-32.5621970088992,107.30670474659124,28.121294051270322,-11.142101309437601,12.316501944438777,-74.18631481673664,2.8746390864062663,-11.012975944736088,57.843682244621,-17.67464543630226,41.354982107788246,77.14739310724966,84.61527477814292,-10.273032265732093,158.38693125838205,100.95754758685773,7.983942904560096,-15.240125585674795,79.75275981243044,-5.307739645607614,48.769638785921295,-16.526496831747043,-43.834565096657386,-40.06597447411917,71.05626563217906,5.971997828044872,76.45946453779067,-31.76817991808731,75.7286622191123,4.954935595431011,1.5387492501673483,43.58423873019853,-44.962483417533825,11.119845964239033,10.630538162486014,-21.50134493489052,-29.598624243813855,40.40584039577812,0.0818281027704685,0.6923571181433176,26.738420328717194,23.034697609499283,7.398044137067533,-3.326365073719463,-43.725619026794845,-8.31189614056922,9.173835932200587,-7.5287852132792,11.475116833513557,-23.58657122414664,-40.46134609243014,17.16566332876787,-10.566622572233168,-1.311563512858364,-17.34807256957597,2.4325096204952805,-2.5208184519330157,-3.2692140114631463,-0.45527135120763956,12.164886321395402,29.149972925208626,37.57246832953761,39.982550561505626,-51.02880399355344,-55.81574791870132,16.98451223228196,52.413399627427644,-17.00350734227874,3.1794725768059107,-49.76574249151739,-83.60553320671518,27.65073954349574,-0.43818411435628596,38.73533177368262,-93.34532076965334,-6.662897639229027,-14.942197068761926,26.901767750762847,-44.74559992029054,-2.7510849204345975,5.577943076463753,-22.786643770754402,-23.597861783808852,-46.884860242648024,-24.545736413289692,-9.755777030976489,2.029126034633733,-16.461185186063727,30.815898921544388,20.94412828324189,20.990182988508128,-42.05757321804847,13.1587841336374,98.78289209975264,-45.872602363270325,-1.2953216243716634,83.8602041477786,14.856384501960113,57.424420674010015,-25.354163185120026,36.78561666712723,7.678063837564463,27.85698278682432,-89.65737229079625,-44.42283191150611,2.4007612966493928,46.71353664530246,-50.77122678485148,4.884446470258275,36.68651350135277,33.41288683474929,53.068493159328,-24.321786156528717,5.125605322501657,-1.3689721782096156,46.35258873740754,-48.61313016807597,29.99045412936819,-23.144735823033667,-27.415664438727386,18.175945339525278,25.448792214173167,15.995769938616458,-34.874730783075115,6.389354750576274,15.918204925240802,-3.670833473168742,79.88347610583611,25.52708202159858,24.841599179323186,-36.82191779355671,-34.11726461521381,40.0249018118438,60.474337790809386,16.734428347081046,-15.160188161336523,16.699587555357876,14.207819430044859,19.74722106942976,-54.34009113615024,20.687071231088623,34.92310964681709,156.1553580649482,74079.12400819125,1304331660.9306078
10,-3.958749879716443,-42.956832855340636,4.786929049627301,12.568964160441862,-43.2592375513727,20.8685411844265,-51.426430029118045,-34.764137222450195,-21.281398708024405,-47.34626146970238,-15.77419376126372,-84.46617978531094,155.08856651493292,-97.14708605312082,-14.795368552221953,69.05152387182794,-5.014607871963927,36.76040933339734,-30.267599666081974,12.654836102438393,96.39037137931655,7.216940149274867,-48.348293159354725,103.79722725018776,-60.58359919920873,56.10633795723203,40.90137945394286,36.2283324743274,-51.30455265994416,10.020007997207827,-11.377139509138193,-80.90381878962728,144.97436204926422,22.55978742610758,74.22878627139137,30.97791894916263,122.61768995869086,21.374942801494715,-57.01293753217877,-47.90075978574215,-35.603868459612144,10.944880613681587,47.13153145977871,22.214219648840416,61.24297906803411,107.02474263002877,-29.140026285196132,-61.17602150981918,-218.66674401066436,106.14953904791544,32.98218390504633,14.493114508782133,87.91027664710899,-152.2277670671381,-46.91266116986754,-51.32219811308361,1.8008768973389833,-4.312598557291937,-40.564562779853986,133.68339205425627,35.03067822543888,-13.880069417320657,15.341458520122366,-92.4175742220529,3.578456744625675,-13.717655210371422,72.05730388999771,-22.019733605148573,51.51693810212452,96.1063595205237,105.41098581474617,-12.795713596485543,197.31661733886665,125.7646227624535,9.945275440919053,-18.98769061408936,99.35725765804405,-6.615401957466471,60.751568597874254,-20.588997035466054,-54.60372523741743,-49.91496095072064,88.51722700210799,7.440059561683936,95.25211253065247,-39.5740831856067,94.33776677050938,6.1719696332844345,1.9174707811563585,54.292608807111186,-56.01461707070587,13.8497692264068,13.24297328506803,-26.787431276465792,-36.87159513299297,50.339704017975016,0.10352094711702052,0.8614086876496148,33.30707335904596,28.692691136095732,9.214535200022516,-4.142519999355947,-54.470513117629245,-10.35368997706854,11.426632913984928,-9.378058572066344,14.29844561099032,-29.382002282185077,-50.40365338741126,21.385718771749428,-13.162892580982376,-1.630926398795703,-21.612659035090203,3.0321990090650117,-3.1437934602393307,-4.077133327967443,-0.5679901997654903,15.151521145375796,36.31245026019568,46.799994012171744,49.80657623409938,-63.566957617594625,-69.53122005496499,21.155192362945638,65.29073054938739,-21.179285729016563,3.9608324522937943,-61.99643520163877,-104.14395423887585,34.44468190762223,-0.5467251044375199,48.24957655049738,-116.27880797106906,-8.301800795650937,-18.613847956933576,33.51344813353202,-55.74012109243797,-3.428063428833122,6.947583405266696,-28.388601406470016,-29.397672776383388,-58.407080997154516,-30.576325172132112,-12.152334496131957,2.5304688911234945,-20.5089732737763,38.39030033666603,26.094424142885696,26.14665670688652,-52.392772461195754,16.393726181968226,123.05557581708229,-57.1470348206334,-1.6138914351470024,104.46924800960086,18.508611990766326,71.53840274901881,-31.57903134447926,45.82516378271451,9.562188152465597,34.70094986304495,-111.69258521713053,-55.33668787074127,2.9911556582275036,58.194306488140576,-63.24655137176237,6.0847696303308805,45.69844281128456,41.6182099361619,66.10401382153218,-30.290021061001298,6.387235260913852,-1.7094290756135242,57.74099418633878,-60.5604189940203,37.36051705025041,-28.83267542758983,-34.153021072997305,22.648050509361326,31.70388763996912,19.924027574032493,-43.44726377964399,7.954836454493622,19.83568163076615,-4.573793892758812,99.51081188615026,31.80492419260921,30.946924237004886,-45.8726495155833,-42.50019904498218,49.85857763917427,75.33698292918602,20.84806926350352,-18.88224986397213,20.807418574244604,17.700050582726295,24.59842458533258,-67.68901984633574,25.76574659302628,43.50407122783569,194.51954866743503,92279.00530958481,1266007964.4362416
11,-4.8243916220335,-52.3599517865578,5.836155075790283,15.320553196577483,-52.730675122658695,25.438748427029246,-62.692871687092044,-42.37809026480034,-25.94118116625306,-57.716559722727474,-19.23016075874191,-102.95995154349515,189.04204519489298,-118.42018968659897,-18.03542126877489,84.16937668806663,-6.1117956352125224,44.80156917506946,-36.8961763856616,15.425757903428263,117.49363992714683,8.799617947056547,-58.9375669185245,126.52393565320787,-73.84907066798517,68.39098808855648,49.854640049871875,44.1633068613864,-62.53569452035463,12.216138070299472,-13.866159785251282,-98.61727895388408,176.72330329782332,27.497697178035253,90.48158985093023,37.7617506588405,149.46124041357294,26.055045494727967,-69.4981461875596,-58.38907728003235,-43.399434095741604,13.341781552900626,57.449651524782425,27.076225553104763,74.65710186802623,130.45297107006124,-35.520981299126746,-74.5639813932189,-266.5458397382617,129.3879829841221,40.20922190291114,17.665113734749735,107.16174486791635,-185.54715815881679,-57.18187046226201,-62.55736336460993,2.197189254928436,-5.2600799561228415,-49.44658400468082,162.96011930187737,42.69939472614752,-16.918976745881913,18.698720626631168,-112.65283934902136,4.359347836121342,-16.71944183835251,87.83314660170888,-26.84261203638155,62.79579794146167,117.14932480637883,128.49276136032802,-15.595479292876377,240.52619234540958,153.29817082969936,12.12212073879976,-23.14744969494258,121.11729614219065,-8.067169095902438,74.05021482397922,-25.098177246776253,-66.55629505157518,-60.84687120322551,107.89740108718496,9.069542064723052,116.11078158430284,-48.23789860443705,114.99227844704676,7.522710731673336,2.3378857137677547,66.17778709858773,-68.28190754601596,16.879461631894426,16.14256910639853,-32.654809146144444,-44.94392353384972,61.36597163183893,0.12777412195838284,1.0489210496935002,40.59750626142862,34.97231133947492,11.230522811959936,-5.048243681466267,-66.39642774918576,-12.619826151613792,13.926875206660606,-11.43050427752552,17.43248751867171,-35.814368710751744,-61.43871611698371,26.06982620482138,-16.044495667092246,-1.9850663378995101,-26.3461595808064,3.6980181051507666,-3.8356334981146,-4.974361011246496,-0.6931919892114119,18.46613120770798,44.26211317149698,57.041168214273064,60.71028722472316,-77.48308344866294,-84.75418001857125,25.783958071519002,79.58319608002199,-25.81375786891683,4.828081101102334,-75.57162930219893,-126.939143051521,41.98528894971032,-0.6672922493199414,58.809091366107374,-141.7325004143197,-10.12102076831257,-22.68904861638508,40.85195813612276,-67.94298759254902,-4.1795562070448575,8.4676504680821,-34.606572549227174,-35.835078586100664,-71.1958719143576,-37.26963650787985,-14.812222705577748,3.087218187907674,-25.001972737276137,46.79744669694193,31.811212358325623,31.86973129004768,-63.86398307267874,19.984388162577847,149.99599461023828,-69.66090828403986,-1.9675061538661653,127.34371448428624,22.562439232476642,87.20403022788113,-38.4874902203256,55.858294588996316,11.653112021141798,42.29700726219276,-136.1501557641177,-67.4498729755278,3.6464923922328882,70.9371626700459,-77.09299405832516,7.417030852182208,55.700557784099914,50.72482087831488,80.57174673623727,-36.91331222139128,7.7877688960160585,-2.087756832206969,70.38092673801776,-73.82104062909143,45.54069875420501,-35.14585573471617,-41.630953753453156,27.61233210331507,38.64667004563059,24.283785470888652,-52.96233252959417,9.691876674990633,24.18439246999858,-5.5761038366521625,121.29516839943572,38.773343004209615,37.72341180149501,-55.91844550198179,-51.80444539472243,60.77291537649151,91.83347289782793,25.414016200639452,-23.013051893469147,25.367222514171914,21.57622635170139,29.982693828202574,-82.50471253024656,31.402103884210717,53.028111051355864,237.0995736713801,112478.88438749398,1218309389.6577432
12,-5.775648156117815,-62.69406358779794,6.989401882194743,18.34460228433475,-63.14008173676775,30.46166147139587,-75.07572560578716,-50.74631118715927,-31.062458530048943,-69.1142439601652,-23.028603368832105,-123.28520994072137,226.35772808840954,-141.80031013679573,-21.59640722465982,100.78430044566173,-7.317565565639832,53.638318741615166,-44.18135016950385,18.47110729672723,140.68669165806944,10.539285680092936,-70.57587067463805,151.50137208841556,-88.42833264779888,81.89224246804275,59.694360977825795,52.88438436854878,-74.87889320249118,14.629982194020647,-16.601475507782897,-118.08491584142658,211.61712126300534,32.92446853333432,108.3440007568806,45.217527999317696,178.96283376885756,31.198639436061896,-83.22002653990766,-69.91613044231867,-51.96702901605251,15.976106945927286,68.78947490703013,32.419551791017206,89.40016372753692,156.20088785749113,-42.533936888583135,-89.2771414386117,-319.1667539121978,154.9275040159061,48.15253392623665,21.15111956298779,128.3200972197893,-222.1651878408146,-68.46784055808334,-74.90499977561758,2.6329502505823434,-6.301716518760948,-59.2082606844398,195.13688649293255,51.12744355431598,-20.258823295484785,22.388288264371496,-134.89211020005857,5.217312360994391,-20.01833582904287,105.17121038164244,-32.143280730572435,75.19156162714951,140.27628896732773,153.86060141764034,-18.672329355244546,288.0156562831522,183.55819179189243,14.514478798464433,-27.71940282872433,145.03287526745285,-9.663041061079262,88.66557746583344,-30.05403746621282,-79.69227454056721,-72.86170523293099,129.19678788972743,10.860445337355456,139.03547170122425,-57.75962617561618,137.69219725119459,9.007158890760934,2.7999940480500154,79.2397736060546,-81.7643548449213,20.208923181071828,19.329325626823778,-39.10347854462074,-53.81560944735056,73.48464323867427,0.15458762729284406,1.2548942043006461,48.609719036742575,41.87355822039492,13.446006973125115,-6.043536120162492,-79.50336292289037,-15.110304664477995,16.674562810531093,-13.686122329904517,20.87724255692224,-42.88367051061752,-73.56653428246837,31.217985628538486,-19.21143183090828,-2.3739833302209177,-31.548574207285988,4.429966908826457,-4.5963385656312035,-5.9608970613941885,-0.8308767195578608,22.10871650879625,52.99896166006514,68.29599093708194,72.69368353468393,-92.77718148842644,-101.48462781134162,30.87080935856452,95.2907962210478,-30.906923762541247,5.781218523335207,-90.49132479481658,-151.991099647395,50.27256067066387,-0.7998855490154199,70.41387622178816,-169.7063981024625,-12.120557557426796,-27.167799047604223,48.91729775940966,-81.35419942208587,-5.005563255156962,10.138144265094903,-41.440557199761976,-42.91007921372751,-85.25123299578374,-44.62567042133661,-17.73544165963417,3.699373925044827,-29.94018357709262,56.037338003371936,38.094492930234594,38.15940673868053,-76.47120505386863,23.930770075891562,179.6041484824471,-83.4142227549802,-2.3561657805707856,152.48360357456494,27.017866227571357,104.42130311246193,-46.07953981350131,66.88500908717216,13.950835443850933,50.64515498518033,-163.03008393467275,-80.76238722732101,4.366771498742483,84.94210519253726,-92.31055484619827,8.881230135971382,66.69285842100426,60.732719662313045,96.47169190518873,-44.19165963851553,9.327206227969633,-2.5039554480231967,84.27238639396192,-88.394995074871,54.53099924220913,-42.08427674516616,-49.84946248098811,33.068790121963424,46.277139431983585,29.075043629713537,-63.4199370340556,11.6004754122885,28.964337443440897,-6.6777633049659375,145.2365456483056,46.43233845721844,45.17106187360129,-66.95930575394681,-62.030003665549415,72.76791502510586,109.96380769870177,30.43226915903067,-27.552594250331314,30.378999375672816,25.83634673743105,35.90002879868762,-98.78716918966693,37.5961431053303,63.49522911851894,283.8954330818995,134678.7612443458,1160210617.390821
13,-6.812519481947092,-73.95916825883366,8.24666946881711,21.64111142364748,-74.48745739347389,35.93728031741878,-88.57499178494452,-59.86879998934904,-36.64523079930124,-81.5393141817741,-27.169521591455133,-145.44195497654857,267.0356151946683,-167.28744740320786,-25.478326419800418,118.89629514425151,-8.631917663218465,63.27065803283167,-52.12312101745287,21.790884282269303,165.96952657157908,12.435943348350074,-83.26320442744763,178.72953655526962,-104.3213851383348,96.61010109539826,70.42054223758814,62.39156499562958,-88.3341487060831,17.26154036832217,-19.58308667667105,-139.30672945183176,249.6558159440637,38.8401014918848,127.81601898885567,53.345250970434236,211.12247002389967,36.805724625385,-98.1785785889286,-82.48191927235166,-61.30665322035923,18.84785679270522,81.15100160627377,38.24419836245933,105.47216464625377,184.26849299175296,-50.178893053414384,-105.31550164566877,-376.5294865313343,182.76810214270887,56.81211997485871,24.951131993418834,151.38533370227407,-262.0818561123214,-80.77057145708334,-88.36510734583601,3.1081598842941824,-7.437508245188355,-69.84959281891965,230.21369362673386,60.314824709759776,-23.899609066056726,26.410161433260665,-159.13538677468247,6.152350319222161,-23.614337182368573,124.07149522942076,-37.92173968760882,88.70422915891805,165.48725200286958,181.51450598613576,-22.026263783520577,339.7850091510752,216.54468564837265,17.122349619860035,-32.70355001533905,171.1039950333207,-11.403017852967162,104.59765652311572,-35.456577693670006,-94.01166370410428,-85.95946303958077,152.4153874092724,12.812769379542974,164.02618288092438,-68.13926589893616,162.4375231824591,10.625314110514074,3.303795783994027,93.47856832922513,-96.46195896713367,23.838153873862847,22.803242846274728,-46.13343947175833,-63.486652873302,86.6957188382247,0.1839614631221518,1.4793281514647778,57.343711684810856,49.396431778702116,15.860987683467801,-7.128397315420948,-93.7913186384583,-17.82512551560606,19.669695725534446,-16.14491272915311,24.63271072567214,-50.589907681627906,-86.78710788360083,36.830197042791426,-22.66370107236118,-2.7976773757468654,-37.21990291441816,5.228045420079102,-5.425908662777749,-7.036741478395775,-0.9810443908031657,26.079277048557415,62.522995725709194,80.56446218034577,85.75676516371966,-109.44925173655075,-119.72256343291176,36.41574622396691,112.41353097211964,-36.45878340977539,6.820244718971629,-106.75552167916973,-179.29982402594408,59.30649707030178,-0.9445050035223538,83.06393111728087,-200.20050103488273,-14.300411162952425,-32.05009925049327,57.70946700321883,-95.97375658075548,-5.906084573152755,11.959064796267173,-48.89055535792962,-50.6226746591116,-100.57316424112872,-52.64442691234081,-20.92199135823658,4.366936102525677,-35.32360579312217,66.10997425575786,44.944265858481415,45.015683052645976,-90.21443840449146,28.232871921825648,211.88003743306248,-98.40697823315847,-2.7798703152526794,179.8889152798929,31.87489297595585,123.1902214023911,-54.355180123833314,78.9053072770025,16.455358420539138,59.74539303182408,-192.3323697282161,-95.2742306258282,5.151992977741466,100.20913405531275,-108.89923373504953,10.477367481666654,78.6753447217539,71.6419062879308,113.8038493280332,-52.12506331220337,11.005547256744157,-2.9580249230592037,99.41537315386626,-104.28228233104426,64.33141851406775,-49.647938458789724,-58.80854725542393,39.01742456519621,54.59529579886423,34.297802050399355,-74.8200772928049,13.680632666338983,34.175516550997884,-7.878772297677557,171.33494363223545,54.78191055147659,53.28987445316313,-78.99523027124145,-73.17687385723985,85.84357658475409,129.72798733141633,35.90282813857018,-32.50087693445503,35.842749158644565,30.480411739823992,42.35042949665707,-116.53638982423665,44.34786425624308,74.90542542909608,334.90712689796464,158878.6358796517,1090686104.5155082
14,-7.935005599516636,-86.15526579961204,9.60795783565135,25.210080614500217,-86.77280209272355,41.8656049650721,-103.19067022449937,-69.74555667132611,-42.689497973983585,-94.99177038749478,-31.652915426591054,-169.4301866508724,311.07570651347805,-194.88160148571467,-29.681178854178274,138.50536078375052,-10.05485192794239,73.69858704867477,-60.72148892947094,25.385088860038895,193.34214466755685,14.489590951818542,-96.99956817689294,208.20842905364142,-121.52822813951774,112.54456397055351,82.0331838291087,72.68484874258334,-102.90146103106723,20.110812593191504,-22.810993291901763,-162.28271978499959,290.8393873408176,45.24459605365887,148.8976445467634,62.144919572151565,245.9401491785481,42.87630106267076,-114.37380233455141,-96.08644377007201,-71.41830670861764,21.95703109322079,94.53423162245532,44.55016526740378,122.87310462410002,214.65578647271502,-58.455849793584285,-122.67906201431555,-438.63403759540023,212.90977736439967,66.18798004873554,29.06515102602512,176.35745431526118,-305.2971629731507,-94.09006315920439,-102.937686075202,3.6228181560613897,-8.66745513539924,-81.37058040807008,268.19054070311455,70.26153819243567,-27.8413340575805,30.76434013327997,-185.38266907277884,7.164461710800826,-27.507445898312874,144.53400114495489,-44.177988907463074,103.3338005367037,192.7822139128852,211.45447506568354,-25.657282577689035,395.83425094893295,252.25765239898473,19.945733202974385,-38.0998912547628,199.33065543967004,-13.287099471557433,121.84645199575138,-41.305797929122164,-109.51446254211933,-100.14014462311269,177.55319964571044,14.926514191276329,191.0829151232847,-79.37681777434823,189.22825624072388,12.377176390925255,3.849290921597266,108.8941712680326,-112.37471991258325,27.767153710250696,26.56432076473494,-53.74469192752347,-73.95705381165855,100.9991984304271,0.2158956294457442,1.722222891185243,66.79948420559258,57.54093201436146,18.475464942976753,-8.302827267236893,-109.26029489582213,-20.76428870498521,22.91227395165673,-18.806875475259844,28.69889202490315,-58.93308022374669,-101.10043692031896,42.90646044755356,-26.401303391434748,-3.2561484744760345,-43.360145702175956,6.092253638904488,-6.324343789549793,-8.201894262245395,-1.1436950029464805,30.377812826973294,72.83421536838436,93.84658194400764,99.8995321117689,-127.49929419295741,-139.4679868831959,42.4187686677008,130.95140033315738,-42.46933681059349,7.945159688006761,-124.36421995518138,-208.86531618704035,69.08709814858139,-1.1011506128399295,96.75925605252682,-233.21480921143728,-16.660581584878944,-37.33594922502939,67.22846586750872,-111.80165906848917,-6.881120161027911,13.93041206159054,-56.95656702369456,-58.972864922216516,-117.16166565032024,-61.325905980854884,-24.37187180137006,5.089904720346516,-41.15223938533914,77.01535545405197,52.36053114303318,52.438560231912014,-105.09368312448261,32.89069370035957,246.8236614619327,-114.63917471850365,-3.238619757909852,209.55964960014086,37.13351947760698,143.5107850975797,-63.314411151283544,91.91918915843065,19.166680951195072,69.59772140208136,-224.05701314460913,-110.98540317098119,6.002156829225965,116.73824925830006,-126.85903072480093,12.205442889260487,91.64801668629298,83.45238075511777,132.56821900468987,-60.713523242418816,12.822791982331383,-3.449965257312168,115.80988701765976,-121.4829023975361,74.94195656973471,-57.8368408755511,-68.50820807671835,45.458235432984324,63.60113914623316,39.952060732921886,-87.16275330578796,15.932348437132873,39.817929792643945,-9.179130814781196,199.59036235110253,63.822059286943805,62.07984954014214,-92.02621905380882,-85.24505596974122,99.99990005537472,151.12601179587816,41.82569313923196,-37.85789994581758,41.75847186306062,35.50842135885812,49.33389592208077,-135.75237443387266,51.65726733691829,87.25869998303376,390.1346551193355,185078.50829329877,1008710062.6334398
15,-9.143106508826527,-99.28235621013292,11.073266982697296,29.051509856892803,-99.99611583451616,48.2466354143553,-118.92276092444986,-80.3765812330897,-49.1952600540957,-109.47161257732603,-36.47878487423942,-195.24990496369142,358.4780020448369,-224.58277238431444,-34.20496452779314,159.61149736415794,-11.586368359811706,84.92210578914518,-69.97645390555735,29.25372103003576,222.80454594600144,16.70022849049788,-111.78496192297283,239.93804958352942,-140.04886165134653,129.6956310935076,94.53228575238711,83.7642356094092,-118.58083017744318,23.177798868627928,-26.28519535347522,-187.0128868409289,335.167835453264,52.13795221865674,171.58887743060262,71.61653380446909,283.4158712328014,49.410368747918945,-131.805697776775,-110.72970393547884,-82.30198948082716,25.303629847473736,108.93916495557434,51.33745250585063,141.60298366107415,247.36276830037644,-67.36480710909231,-141.3678225445522,-505.48040710439193,245.3525296809773,76.28011414786589,33.49317666080666,203.23645905874884,-351.8111084233017,-108.426315664446,-118.62273596371514,4.176925065883609,-9.991557189392994,-93.77122345189049,309.06742772207167,80.9675840023433,-32.08399827005593,35.450824364429586,-213.6339570943462,8.253646535730716,-31.69766197687582,166.55872812824376,-50.912028390134644,119.08027576050566,222.16117469737318,243.68050865628172,-29.565385737749835,456.1633816767214,290.69709204372714,22.984629547807522,-43.908426546994946,229.7128564864985,-15.31528591684937,140.41196388373996,-47.601698172568796,-126.20067105461206,-115.40374998352551,204.6102245990404,17.201679772555313,220.20566842830328,-91.47228180185186,218.06439642598744,14.26274573199445,4.436479460859668,125.48658242247652,-129.50263768126877,31.995922690235737,30.612559382204225,-61.93723591191554,-85.22681226241986,116.3950820152801,0.2503901262635668,1.9835784234620562,76.9770365990876,66.30705892737294,21.28943875165223,-9.566825975610376,-125.91029169498113,-23.927794232615497,26.402297488898085,-21.67201056822472,33.07578645461449,-67.9131881369735,-116.50652139262209,49.446775842824266,-30.4242387881288,-3.749396626408932,-49.96930257055886,7.0225915653024025,-7.291643945946735,-9.456355412942353,-1.3188285559875907,35.00432384404399,83.93262058809037,108.14235022806776,115.12198437883124,-146.92730885764584,-160.720898162193,48.879876689766256,150.90440430416038,-48.93858396499565,9.155963430440488,-143.3174196228505,-240.6875761306836,79.61436390550254,-1.2698223769679775,111.49985102752596,-268.74932263212526,-19.201068823206036,-43.02534897121226,77.47429435227868,-128.83790688528632,-7.930670018782214,16.052186061065104,-65.63859219705603,-67.96065000304145,-135.01673722335735,-70.67010762687859,-28.085082989034554,5.868279778507161,-47.4260843537429,88.75348159825342,60.343288783889015,60.42803827647859,-121.10893921384125,37.90423541149289,284.43502056905635,-132.11081221101463,-3.7324141085423164,241.49580653530697,42.79374573252432,165.38299419802635,-72.9572328958523,105.92665473145598,22.084803035818965,80.20214009595193,-258.2040141838499,-127.89590486277979,6.917263053195885,134.5294508014982,-146.18994581545172,14.065456358752794,105.61087431462126,96.1641430638741,152.76480093515858,-69.95703942916276,14.77894040473095,-3.979776450781417,133.45592798534204,-139.99685527434545,86.36261340920946,-66.65098399544986,-78.94844494487089,52.39122272532669,73.29466947408967,46.03781967728131,-100.44796507300372,18.355622724671125,45.891577168377914,-10.57883885627665,230.00280180490608,73.55278466361895,71.5409871345377,-106.05227210164782,-98.23455000305314,115.23688543696741,174.15788109208606,48.200864161015545,-43.623663284419116,48.12616748892015,40.92037559453306,56.850428074958415,-156.4351230185748,59.52435234735604,100.55505278033147,449.57801774601165,213278.37848528553,913256436.7439798
16,-10.436822209876738,-113.34043949039663,12.642596909954923,33.16539915082534,-114.1573986188524,55.08037166526879,-135.77126388479795,-91.7618736746405,-56.162517039637734,-124.97884075126905,-41.64712993440071,-222.90110991500734,409.2425017887467,-256.390960099009,-39.04968344064515,182.21470488547482,-13.226466958826201,96.94121425424215,-79.88801594571285,33.39678079226004,254.35673040691438,19.067855964388453,-127.61938566568826,273.9183981449354,-159.88328567382283,148.06330246426148,107.91784800742377,95.62972559610807,-135.37225614521128,26.46249919463195,-30.005692861391587,-213.49723061962104,382.64116028140614,59.520169986878344,195.88971764037484,81.76009366738732,323.54963618666164,56.40792768112975,-150.4742649156005,-126.41169976857317,-93.95770153698852,28.887653055464355,124.3658016056313,58.60606007779995,161.66180175717764,282.38943847473854,-76.90576499993901,-161.3817832363788,-577.0685950583133,280.09635909244315,87.08852227225084,38.23520889776353,232.02234793273897,-401.62369246277575,-123.77932897280886,-135.42025701137592,4.770480613761141,-11.40981440716997,-107.0515219503816,352.8443546836083,92.43296213948324,-36.627601703483336,40.469614126709395,-243.889250839386,9.419904794011387,-36.184985418057316,190.14567617928859,-58.123858135624175,135.94365483032502,253.62413435633522,278.19260675793237,-33.750573263703174,520.7724013344449,331.86300458260183,26.239038654359337,-50.129155892035996,262.2505981738086,-17.487577188843776,160.29419218708225,-54.344278424010334,-144.07028924158283,-131.7502791208205,233.58646226926354,19.63826612338017,251.39444279598217,-104.42565798144769,248.9459437382515,16.282022133721675,5.0653614017813124,143.25580179255732,-147.84571227319145,36.52446081381772,34.94795869868283,-70.71107142493526,-97.29592822558632,132.88336959278507,0.28744495357585625,2.263394748295116,87.87636886529616,75.69481251773666,24.302909109494035,-10.920393440541227,-143.7413090359362,-27.315642098496966,30.13976633725847,-24.74031800804776,37.76339401480687,-77.5302314213088,-133.00536130051083,56.451143228603996,-34.732507262443555,-4.2774218315448636,-57.047373519567216,8.01905919927313,-8.327809131969067,-10.80012493048727,-1.506445049926717,39.95881009976943,95.81821138482752,123.45176703252598,131.42412196490727,-167.73329573061687,-183.4812972699041,55.79907029016306,172.27254288512924,-55.866524872981884,10.452655946272882,-163.61512068217837,-274.76660385687455,90.88829434106562,-1.4505202959066597,127.28571604227827,-306.80404129694824,-21.921872877933986,-49.118298489042125,88.44695245752939,-147.08250003114736,-9.054734146415795,18.324386794690678,-74.93663087801477,-77.58602990158731,-154.13837896024097,-80.67703185041208,-32.0616249212302,6.702061277007706,-54.145140698333826,101.32435268836304,68.89253878104957,68.98411718634583,-138.2602066725681,43.27349705522613,324.7141147544351,-150.8218907106926,-4.261253367149933,275.69738608539313,48.85557174070849,188.80684870373258,-83.2836453575395,120.92770399607936,25.209724674410516,91.55864911343603,-294.7733728459403,-146.0057357012243,7.897311649651318,153.5827386849082,-166.89197900700282,16.057407890143658,120.56391760673912,109.77719321419977,174.39359511943962,-79.8556118724343,16.873992523943073,-4.547458503467554,152.35349605691354,-159.8241409614735,98.59338903249251,-76.09036781848647,-90.12925785988197,59.81638644222441,83.67588678243425,52.555078883477464,-114.6757125944534,20.95045552895291,52.39645867820085,-12.077896422164073,262.5722619936474,83.9740866815033,81.67328723635045,-121.07338941475935,-112.14535595717624,131.55453272953278,198.82359522004134,55.028341203921286,-49.79816695025959,54.94583603622426,46.71627444684951,64.90002595529064,-178.5846355783437,67.94911928755614,114.79448382098975,513.2372147779947,243478.24645561402,803298883.917798
17,-11.816152702679046,-128.3295156405292,14.31594761743833,37.55174849633475,-129.2566504458586,62.36681371787355,-153.7361791056922,-103.90143399607987,-63.59126893067216,-141.51345490946147,-47.157950607120526,-252.38380150506651,463.36920574566193,-290.30616463008164,-44.21533559277758,206.3149833479031,-14.975147725000951,109.75591244407525,-90.45617505002552,37.81426814674885,287.9986980505774,21.59247337351094,-144.50283940518017,310.14947473816255,-181.03150020712286,167.6475780829791,122.18987059433867,108.28131870278527,-153.27573893452228,29.964913571232447,-33.972485815684145,-241.73575112131246,433.25936182566613,67.39124935838998,221.8001651762966,92.57559916099676,366.34144404048715,63.868977862365874,-170.37950375119414,-143.13243126949476,-106.38544287720558,32.70910071722443,140.81414157276436,66.35598798331705,183.04955891258854,319.7357969961149,-87.07872346620934,-182.72094408997555,-653.3986014578029,317.1412655991081,98.61320442198587,43.291247736938296,262.71512093748765,-454.73491509201983,-140.14910308443038,-153.3302492183348,5.403484799698865,-12.922226788742407,-121.21147590366185,399.5213215881137,104.65767260395792,-41.47214435790315,45.820709420164675,-276.1485503081683,10.663236485654098,-40.96941622189799,215.2948452983001,-65.81347814399554,153.92393774631208,287.17109289005197,314.9907693709431,-38.212845155586635,589.6613099226782,375.7553900159767,29.70896052265929,-56.76207928994111,296.94388050188934,-19.80397328755894,181.493136905956,-61.53353868350678,-163.12331710319202,-149.17973203514285,264.48191265663866,22.236273243772555,284.649238226599,-118.2369463132515,281.8728981777915,18.435005596125162,5.735936744367658,162.20182937843447,-167.4039436885145,41.35276808103774,39.57051871420944,-80.06619846666035,-110.16440170126593,150.4640611630882,0.32706011138233143,2.5616718656872246,99.49748100431607,85.70419278553705,27.515876016529496,-12.363529662042042,-162.7533469188464,-30.92783230265998,34.12468049677162,-28.011797794756607,42.761714705521364,-87.78421007683852,-150.59695664413292,63.91956260495511,-39.32610881441752,-4.840224089889592,-64.59435854926419,9.081656540825039,-9.432839347625285,-12.233202814891088,-1.7065444847652198,45.24127159419447,108.49098775870225,139.77483235752058,148.80594487014275,-189.91725481205646,-207.74918420653276,63.17634946895395,195.0558160762556,-63.25315953461452,11.835237235515663,-185.2573231333457,-311.1023993659189,102.90888945537134,-1.6432443696573538,144.11685109692596,-347.37896520624656,-24.82299374908679,-55.614797778573546,100.14644018335856,-166.53543850623603,-10.253312543938613,20.747014262488005,-84.85068306665323,-87.84900461793957,-174.52659086114184,-91.3466786515452,-36.301497597992615,7.591249215855117,-61.30940841917165,114.7279687244928,78.00828113459069,78.10679696159052,-156.54748550081652,48.99847863160676,367.660944018429,-170.77241021770422,-4.825137533737598,312.16438825070435,55.31899750221285,213.7823486149068,-94.2936485364385,136.92233695243436,28.54144586699843,103.66724845463557,-333.7650891312065,-165.3148956864772,8.942302618600895,173.89811290869994,-188.96513029963924,18.18129748345092,136.50714656278083,124.29153120621763,197.45460155772747,-90.4092405723242,19.107948339986198,-5.153011415374652,172.50259123254364,-180.96475945909697,111.63428343969316,-86.15499234474514,-102.05064682185167,67.73372658374242,94.74479107135978,59.50383835156931,-129.84599587026304,23.716846850002685,59.33257432216959,-13.676303512456728,297.2987429176177,95.08596534068845,92.47674984567067,-137.0895709932773,-126.97747383223464,148.95284193321677,225.12315417996373,62.308124268010076,-56.38141094339488,62.21747750503237,52.89611791585857,73.48268956314908,-202.20091211337783,76.93156815759514,129.976993105136,581.1122462158544,275678.1122045537,677810751.9689971
18,-13.281097986865024,-144.24958465656823,16.09331910471076,42.21055789226264,-145.29387131155238,70.10596157025208,-172.81750658242268,-116.79526219421591,-71.48151572524051,-159.07545504755873,-53.01124689095484,-283.6979797260937,520.8581139012947,-326.32838596859983,-49.701920982830636,231.912332745083,-16.832410657871478,123.36620035523318,-101.68093121571454,42.50618309233773,323.73044886811294,24.27408071721005,-162.4353231370101,348.6312793536574,-203.4935052456725,188.44845794449634,137.34835350935924,121.71901492611593,-172.2912785406461,33.68504199751506,-38.18557421529875,-271.72844833855436,487.0224400727234,75.75119033110951,249.3202200315366,104.06305028245009,411.79129478297847,71.79351928965978,-191.52141427831572,-160.89189843383588,-119.58521349820138,36.767972831748416,158.28418485263018,74.5872362203506,205.76625512168727,359.4018438546364,-97.88368250522372,-205.38530509968768,-734.4704262827397,356.48724919119024,110.85416059405478,48.661293176992366,295.3147780649154,-511.14477629698223,-157.53563799498392,-172.35271257986096,6.075937623538154,-14.528794333724687,-136.2510853079988,449.0983284233064,117.64171539253834,-46.61762623203728,51.50411024337703,-310.4118554921878,11.983641610319975,-46.05095438712895,242.00623547864137,-73.9808884132278,173.02112450372206,322.8020502896784,354.07499648561804,-42.95220141221583,662.8301074232841,422.37424833226555,33.39439515178937,-63.80719673897097,333.79270346161553,-22.2644742123981,204.0087980347588,-69.16947894916716,-183.35975463440266,-167.69210872190862,297.29657575301536,24.99570113304929,319.9700547113973,-132.9061467936171,316.84525973592133,20.721696118634505,6.448205488444328,182.3246651751021,-188.177331922092,46.48084449061119,44.48023942756519,-90.0026170346333,-123.83223268606203,169.13715672157142,0.3692355996793419,2.8784097755550575,111.84037301307366,96.33519972812338,30.928339471904923,-13.896234639726705,-182.94640533869645,-34.764364844148616,38.35703996637983,-31.486449927484767,48.07074852545401,-98.67512410085514,-169.2813074188455,71.85203396991497,-44.20504344283759,-5.43780340128223,-72.61025765766506,10.210383589685996,-10.606734592638517,-13.75558906579476,-1.919126860453955,50.85170832591434,121.95094970636856,157.11154619872295,167.26745308994788,-213.47918609610682,-233.52455896567514,71.01171422418007,219.2542238715186,-71.09848794793439,13.303707297804186,-208.24402697064963,-349.6949626482047,115.67614924524534,-1.8479945981728705,161.99325618701056,-390.4740943492972,-27.90443143590574,-62.51484683809199,112.57275752668396,-187.19672230541576,-11.526405211038265,23.320068463813524,-95.38074876036647,-98.74957414939506,-196.1813729206854,-102.6790480274584,-40.80470101820013,8.535843594826291,-68.91888751437746,128.96432970311434,87.69051584212257,87.79607759979962,-175.97077569376293,55.079180139130365,413.27550834970157,-191.9623707267944,-5.424066608157523,350.8968130216275,62.184023015339044,240.30949392497217,-105.9872424296216,153.91055359630212,32.07996661269266,116.52793811635016,-375.1791630293759,-185.82338481343453,10.052235959770925,195.47557346752106,-212.40939968753412,20.437125138114418,153.440561178527,139.70715703607618,221.9478202439166,-101.61792552601273,21.480807852279586,-5.796435186360046,193.90321350690834,-203.41871076164438,125.48529662737263,-96.84485757157275,-114.71261182763642,76.1432431478158,106.50138233795181,66.88409807971334,-145.95881489644194,26.65479668707137,66.69992409847858,-15.374060126736673,334.18224456764443,106.88842063826402,103.95137495965199,-154.10081683298606,-142.73090362431222,167.43181304342212,253.05655796492385,70.0402133513672,-63.3733952620744,69.94109189344398,59.4599059999339,82.59841889626429,-227.2839526174292,86.47169895508284,146.1025806287614,653.2031120416502,309877.97572359454,535765058.13288736
19,-14.831656293172818,-161.1006275044625,17.974709273489072,47.14182177395401,-162.2690420829296,78.29780601109039,-193.01522368267803,-130.4433429342948,-79.83324801588724,-177.66482029137345,-59.20701184667377,-316.84360722368547,581.7091576198522,-364.4575811994444,-55.509433077955464,259.0067225247509,-18.798253527207013,137.7720616069524,-113.56227108238,47.47252003521232,361.5519402103388,27.112674845798036,-181.41681553691782,389.36376609504555,-227.26927400953662,210.46591724017486,153.39327863037798,135.9427982910557,-192.41885224264584,37.622880079676584,-42.64495299590528,-303.4752864867999,543.9303310242572,84.59998290280991,278.4498493872967,116.22243335272758,459.89913413044434,80.1815425114797,-213.8999713213885,-179.690080086188,-133.55699765678136,41.06426456757375,176.77591058067304,83.29979493560158,229.8118633837075,401.3875316416191,-109.3206292429416,-229.37483910418314,-820.2839728671826,398.13426287752,123.81137629545404,54.34533878772017,329.8212804972594,-570.8532085793815,-175.93891292036173,-192.48762436991098,6.787838322165512,-16.229515188552007,-152.17033223165214,501.57531618307644,131.38507499323887,-52.064041185590135,57.51980978311368,-346.67912552956545,13.381118542354972,-51.429593819473986,270.2798148368595,-82.62607923313315,193.2351923078093,360.5169640627411,395.4452415206638,-47.96863634440104,740.2787066960212,471.7195238723646,37.29533813256797,-71.2644998820443,372.7970232103966,-24.869077092896788,227.84114865973433,-77.25209013624045,-204.7795776400267,-187.28738715776623,332.03041240288644,27.916546509060318,357.35685018093744,-148.43324190661073,353.8629866822455,23.142090961790533,7.202166795704091,203.62428513702417,-210.16585225082247,51.90868387293907,49.67711498325209,-100.52031532031614,-138.29940486285685,188.9026340795351,0.41397139888514395,3.213608078940728,124.90503012690735,107.58782061322219,34.54029537528554,-15.518506520552425,-204.3204602007575,-38.82523513104156,42.836839666202394,-35.164270244477414,53.6904892076422,-110.20296048639406,-189.05839132156484,80.24854789443229,-49.369305319978096,-6.070158995698599,-81.09506131046082,11.405239036661369,-11.849493534725621,-15.367281955192912,-2.144191939744746,56.79011354809258,136.19808115396714,175.46188776611805,186.8086245749242,-238.41906144131787,-260.80739078418566,79.3051551482099,244.86773734923162,-79.40250070177034,14.85806438199367,-232.5752047957371,-390.5442475311352,129.19005846103406,-2.0647707539117954,180.91490989726924,-436.0893772132436,-31.16618229264138,-69.81843743124816,125.72588967940014,-209.06632675546982,-12.874010646983471,26.043546307919407,-106.52681544288714,-110.2877255087422,-219.1026993192658,-114.67412643382389,-45.57122979351398,9.535843339551166,-76.97356895672999,144.03341867342957,97.93923142048551,98.05194750965063,-196.5300540791582,61.515594348847074,461.5577532874279,-214.391746991596,-6.058039880851584,391.8946142149543,69.45064011770302,268.38825303599566,-118.36441297667982,171.89233365804213,35.825282638001596,130.14070272466643,-419.01554518854357,-207.53117856501535,11.227110357345373,218.3150946465325,-237.22475917873345,22.82488816337146,171.36414118636264,156.0240522051743,247.87322185044243,-113.48165319461408,23.992568270107657,-6.47772912750329,216.55533730497598,-227.18596810308958,140.14641207549258,-108.15995075290935,-128.1151377761703,85.04492620975522,118.94564658216659,74.6958492139765,-163.0141504975563,29.764301445036462,74.49849932945382,-17.17116425687261,373.222722879303,119.38143858755059,116.09714890386158,-172.10710668078605,-159.40562651944902,186.99142397525662,282.62377328334816,78.2245992554216,-70.77411149888536,78.11667006639638,66.40763088419166,92.247203051065,-253.8337270771983,96.56950020232168,163.171227133963,729.5097260677181,346077.7961286628,376134467.54106313
20,-16.467821950748814,-178.88258297322938,19.960111347659584,52.34552224050266,-180.18210118723178,86.94231737389363,-214.32925743157716,-144.84562681586158,-88.64643552180058,-197.28148338195754,-65.74522309612354,-351.82056378117494,645.9221160740428,-404.69361215107926,-61.637850840901,287.59805437991054,-20.872669171271664,152.97344363585253,-126.10015162119127,52.71326096959472,401.46303484731516,30.108245570425844,-201.44724790616434,432.3467872465613,-252.35872029784423,233.69987612417003,170.32458767768176,150.95261732749228,-213.65838695825457,41.778413630477345,-47.35060590010204,-336.976150408547,603.98282857245,93.93759491530416,309.18894761349594,129.05370432323494,510.66478745447876,89.03301710858351,-237.5150938113153,-199.52690806802212,-148.30074468420813,45.597960364731144,196.28925163532625,92.49363245492782,255.1862966988236,445.6927078802187,-121.38952223115906,-254.68945882406686,-910.8389300670735,442.0821554869005,137.48480476764306,60.34336390091778,366.234503233847,-633.859994931978,-195.35886101827325,-213.73491148636893,7.53918439809982,-18.024383321021894,-168.96915895593818,556.9520948272724,145.8877015091646,-57.81136945987326,63.86778614818472,-384.95022890450133,14.855662103727015,-57.10531494054143,300.1154807841049,-91.74901931894863,214.5660678136772,400.31569744482636,439.10135452016397,-53.262131680657106,822.0068271485624,523.7910375610201,41.41177528877145,-79.13396177390153,413.95669852951767,-27.617772622316927,252.99010222357668,-85.7813429819025,-227.3827083122164,-207.9654964018078,368.6832966052113,30.9987987987444,396.80948917586227,-164.8181752994876,392.9259447298122,25.69618132165766,7.997817956203537,226.1006119228873,-233.36942504809176,57.63626642831744,55.161126535267044,-111.61925527334778,-153.56586573241924,209.76042173588777,0.4612674133497208,3.567265514300253,138.6914048726338,119.46201451878511,38.35173056230297,-17.23033936712616,-226.87543396864854,-43.110428401612246,47.56406328092282,-39.04524537004211,59.620916513002996,-122.36767738975414,-209.92813659048278,89.10907399759145,-54.818875698796035,-6.737288455799517,-90.04873879410772,12.666218628806458,-13.161111813866599,-17.06827582832742,-2.381738941688236,63.056465605158365,151.2323303901768,194.82579026797825,207.42938839269502,-264.7367903176771,-289.59758067485564,88.05664202953113,271.89626349078935,-88.16516756435809,16.498302851784327,-258.2507684094745,-433.65010556319993,143.45056804615402,-2.2935720868352285,200.88174340402273,-484.2246481274435,-34.608234554278305,-77.52554305681012,139.60578896885247,-232.14417247953423,-14.296124002883085,28.9174378707676,-118.28884278566284,-122.46341688248398,-243.29048694937163,-127.33187030909114,-50.60106660035145,10.591244936691979,-85.4734236409606,159.9351810495763,108.75439084290431,108.87436942227636,-218.22524608483738,68.30769796984606,512.5075036124539,-238.06045772950105,-6.727055063111781,435.1576431787787,77.11882251205574,298.01852420824724,-131.42511504576652,190.8676119092375,39.7773802453703,144.50549283675565,-465.2740767270255,-230.43819809458523,12.466921568002482,242.4165936621933,-263.4111187145794,25.34457789936108,190.2778214317001,173.2421572963025,275.23071211002355,-126.00038018512683,26.643220569816265,-7.196890937947791,240.45888036876696,-252.26644532283044,155.61757661517922,-120.10023086232937,-142.25817606459827,94.43874371546929,132.07753872221332,82.93906331323147,-181.01194091350973,33.045349650138604,82.7282719701014,-19.067609421969767,414.4200361120428,132.56497407743527,128.91402765574065,-191.10837531463628,-177.00158199248895,207.63160369765046,313.824692962055,86.86125235006953,-78.5835326674099,86.74418254144723,73.73926740216966,102.42900696813037,-281.8501389996052,107.22493506447935,181.18287066678127,810.0318111231385,384277.4419366722,197890295.95077753
