,xi_0,xi_1,ui_0,xf_0,xf_1,uf_0
0,11.0,19.0,5.441927799,-0.526870076,-2.581840774,0.051064205
1,-0.526870076,-2.581840774,0.051064205,-0.097868211,-0.010975928,-1.140648374
2,-0.097868211,-0.010975928,-1.140648374,-0.149162976,0.010537371,0.619595638
3,-0.149162976,0.010537371,0.619595638,-0.226257757,-0.018293065,-1.079927423
4,-0.226257757,-0.018293065,-1.079927423,0.507212447,-0.076373915,-0.899510776
6,-13.0,38.0,-6.47230732,0.028642018,-6.445575349,0.585674979
7,0.028642018,-6.445575349,0.585674979,-0.947449563,-1.018525909,-1.817103981
8,-0.947449563,-1.018525909,-1.817103981,-0.221158638,-0.242817117,-0.81492851
9,-0.221158638,-0.242817117,-0.81492851,-0.112121348,-0.065685021,-0.341736677
10,-0.112121348,-0.065685021,-0.341736677,0.203391277,-0.030386874,-0.188132175
12,-35.0,76.0,-17.23981327,1.824004183,-15.01956826,10.68862564
13,1.824004183,-15.01956826,10.68862564,-0.020703644,0.15328103,0.058633934
14,-0.020703644,0.15328103,0.058633934,0.168538701,0.011901302,0.903183866
15,0.168538701,0.011901302,0.903183866,0.217610796,0.014717141,1.108099512
16,0.217610796,0.014717141,1.108099512,0.428932043,0.025783692,1.279494167
18,-57.0,39.0,-26.31004956,11.91265494,-7.520728824,12.18546087
19,11.91265494,-7.520728824,12.18546087,-0.152715854,-0.042908292,-1.589277941
20,-0.152715854,-0.042908292,-1.589277941,-1.378565428,-0.03799118,-1.869571967
21,-1.378565428,-0.03799118,-1.869571967,0.619540708,0.000176285,1.540585643
22,0.619540708,0.000176285,1.540585643,1.96914138,0.072975226,2.012949625
24,86.0,51.0,39.29409187,-12.68326051,-9.633086176,16.23597308
25,-12.68326051,-9.633086176,16.23597308,2.857191925,-1.698186354,-13.39613253
26,2.857191925,-1.698186354,-13.39613253,0.053366091,-2.81892302,-14.45367302
27,0.053366091,-2.81892302,-14.45367302,2.681859325,-0.161194363,11.52414707
28,2.681859325,-0.161194363,11.52414707,11.44528951,-3.12288101,-12.69393815
30,-17.0,87.0,-8.451672113,-0.857818295,-14.94854419,-0.585400896
31,-0.857818295,-14.94854419,-0.585400896,-0.769334417,-0.092027809,-1.59350437
32,-0.769334417,-0.092027809,-1.59350437,-2.050172007,-0.038079089,-2.531677403
33,-2.050172007,-0.038079089,-2.531677403,1.709555562,-0.010206665,2.354640372
34,1.709555562,-0.010206665,2.354640372,2.120857865,0.015267433,2.275079284
36,61.0,63.0,29.33426094,-1.412815669,-2.078029343,-0.390010979
37,-1.412815669,-2.078029343,-0.390010979,-0.415486831,-0.205079218,-0.99720788
38,-0.415486831,-0.205079218,-0.99720788,0.515976037,-0.041546345,0.717978743
39,0.515976037,-0.041546345,0.717978743,0.712555651,-0.009218824,0.460607065
40,0.712555651,-0.009218824,0.460607065,0.062555244,-0.001329399,0.131210495
42,-42.0,26.0,-20.3697018,5.865042622,-5.955833112,5.439186755
43,5.865042622,-5.955833112,5.439186755,0.335111388,0.137247299,-1.671112588
44,0.335111388,0.137247299,-1.671112588,0.565641931,-0.257749296,-4.509559794
45,0.565641931,-0.257749296,-4.509559794,0.442360299,-0.658914959,-4.888486387
46,0.442360299,-0.658914959,-4.888486387,2.085202171,-0.413657458,2.042102685
48,9.0,69.0,4.49776623,-2.033693711,-15.36059673,17.32158052
49,-2.033693711,-15.36059673,17.32158052,1.960593667,-0.561081808,2.173428205
50,1.960593667,-0.561081808,2.173428205,1.079999176,-0.133919188,1.705689888
51,1.079999176,-0.133919188,1.705689888,-1.426008401,-0.045660255,-2.585061654
52,-1.426008401,-0.045660255,-2.585061654,-1.345360467,-0.009598995,-0.54278734
54,-42.0,20.0,-20.63694734,3.681848815,-3.040036715,2.99424092
55,3.681848815,-3.040036715,2.99424092,-0.360461067,-0.005448914,-0.851292508
56,-0.360461067,-0.005448914,-0.851292508,-0.400362506,-0.026925449,-0.72793035
57,-0.400362506,-0.026925449,-0.72793035,0.577940949,-0.003765295,1.644995181
58,0.577940949,-0.003765295,1.644995181,0.532315212,-0.004397529,-1.357735628
60,-16.0,10.0,-7.90745544,2.713656876,-2.277040595,-6.436892948
61,2.713656876,-2.277040595,-6.436892948,-1.016812731,-0.174275749,-0.512930597
62,-1.016812731,-0.174275749,-0.512930597,-0.961551089,0.268607453,-1.284812424
63,-0.961551089,0.268607453,-1.284812424,0.093419652,-0.799797143,-0.659376955
64,0.093419652,-0.799797143,-0.659376955,2.000731624,1.5425715,6.36979938
66,-79.0,49.0,-37.21993568,15.89040107,-14.24669245,4.264597022
67,15.89040107,-14.24669245,4.264597022,-3.184744282,3.036247356,-0.955963783
68,-3.184744282,3.036247356,-0.955963783,0.634794146,-0.691255814,0.200699224
69,0.634794146,-0.691255814,0.200699224,-0.12615772,0.140432359,-0.047869524
70,-0.12615772,0.140432359,-0.047869524,0.025397985,-0.038032313,0.007645579
72,-13.0,32.0,-6.4273085,0.273619643,-8.731471547,8.526535399
73,0.273619643,-8.731471547,8.526535399,1.057872703,0.068606912,-10.00824298
74,1.057872703,0.068606912,-10.00824298,-1.745791406,-0.52033182,-3.622490445
75,-1.745791406,-0.52033182,-3.622490445,-3.004224328,-0.536786699,-2.483416292
76,-3.004224328,-0.536786699,-2.483416292,-0.249059667,-2.549658983,8.415814674
78,-73.0,6.0,-20.90071515,15.25950568,-2.619438473,0.443272135
79,15.25950568,-2.619438473,0.443272135,-3.183448804,0.6038849,-0.169623957
80,-3.183448804,0.6038849,-0.169623957,0.661859083,-0.185432238,0.03772867
81,0.661859083,-0.185432238,0.03772867,-0.137545458,0.035437251,-0.014055309
82,-0.137545458,0.035437251,-0.014055309,0.029060373,-0.015791068,0.000926297
84,-64.0,23.0,-29.43996599,-27.1810227,-158.1413205,-13.08713988
85,-27.1810227,-158.1413205,-13.08713988,-61.28197588,-88.59317444,94.43596112
86,-61.28197588,-88.59317444,94.43596112,50.25202841,-132.214598,39.08737107
87,50.25202841,-132.214598,39.08737107,8.251728966,-3.182321601,7.290225125
88,8.251728966,-3.182321601,7.290225125,-35.22313812,-100.9010924,10.01607845
90,88.0,-83.0,5.940279835,-17.4516197,1.500000014,-17.57959245
91,-17.4516197,1.500000014,-17.57959245,3.652466665,-0.510352689,0.100420393
92,3.652466665,-0.510352689,0.100420393,-0.762255976,0.147666943,-0.034168371
93,-0.762255976,0.147666943,-0.034168371,0.158781715,-0.039417581,0.009868901
94,0.158781715,-0.039417581,0.009868901,-0.033746677,0.010248466,-0.002522456
96,17.0,47.0,8.416938009,-1.701846818,-6.746419717,17.07112818
97,-1.701846818,-6.746419717,17.07112818,1.568767699,-1.141183346,1.94532625
98,1.568767699,-1.141183346,1.94532625,1.254529282,-0.253852949,1.717475701
99,1.254529282,-0.253852949,1.717475701,-2.086944501,-0.056584943,-2.107964625
100,-2.086944501,-0.056584943,-2.107964625,-1.709095222,-0.083146667,-1.82085391
102,59.0,35.0,28.01909017,-12.89606518,-7.050962248,7.251632643
103,-12.89606518,-7.050962248,7.251632643,1.535535659,-0.487832324,1.275740789
104,1.535535659,-0.487832324,1.275740789,0.894084449,1.228461233,8.593333058
105,0.894084449,1.228461233,8.593333058,-1.700176647,0.506844775,4.164693186
106,-1.700176647,0.506844775,4.164693186,1.168730039,-0.025033768,1.650639923
108,-39.0,79.0,-19.18099324,3.425052597,-15.92670224,9.972248731
109,3.425052597,-15.92670224,9.972248731,0.090693279,0.434510211,0.461733824
110,0.090693279,0.434510211,0.461733824,0.098579129,0.048719297,0.059436089
111,0.098579129,0.048719297,0.059436089,-0.10259833,0.034904638,0.455603808
112,-0.10259833,0.034904638,0.455603808,-0.063257978,0.012798487,0.425846712
114,-17.0,6.0,-8.342226569,3.520490674,-0.862773092,-1.442678109
115,3.520490674,-0.862773092,-1.442678109,-0.710244142,-0.034793313,2.226420084
116,-0.710244142,-0.034793313,2.226420084,0.339596774,-0.058791135,-3.954745878
117,0.339596774,-0.058791135,-3.954745878,-0.388235155,0.312986594,4.625068739
118,-0.388235155,0.312986594,4.625068739,-0.030943006,0.417096138,-0.341641875
120,29.0,5.0,13.48531675,-57.50964559,-29.18367768,-39.77694884
121,-57.50964559,-29.18367768,-39.77694884,-26.1208081,-17.23827959,-34.08642271
122,-26.1208081,-17.23827959,-34.08642271,58.51910479,-52.64081986,12.74394667
123,58.51910479,-52.64081986,12.74394667,63.79837266,-50.54895075,-118.2526513
124,63.79837266,-50.54895075,-118.2526513,-117.9282001,17.65768554,-477.4899921
126,46.0,7.0,21.26012921,-9.773221208,-1.542174934,0.485538701
127,-9.773221208,-1.542174934,0.485538701,2.067669852,0.094918028,-0.096475118
128,2.067669852,0.094918028,-0.096475118,-0.436552894,-0.019905967,0.003628062
129,-0.436552894,-0.019905967,0.003628062,0.091790911,-0.011521841,-0.002991226
130,0.091790911,-0.011521841,-0.002991226,-0.019796524,-0.003114336,-0.002078953
132,91.0,94.0,45.38894736,-0.358882903,-34.92313146,27.84877162
133,-0.358882903,-34.92313146,27.84877162,-1.752350314,-4.378390581,-6.652844441
134,-1.752350314,-4.378390581,-6.652844441,0.259445469,-2.311888479,3.405831975
135,0.259445469,-2.311888479,3.405831975,4.736227339,-0.378561173,3.63729968
136,4.736227339,-0.378561173,3.63729968,-2.031663523,-0.725418113,-19.8562436
138,31.0,27.0,15.25300072,-7.695418243,-7.152438777,6.115668388
139,-7.695418243,-7.152438777,6.115668388,0.926043191,-0.711192342,0.439528947
140,0.926043191,-0.711192342,0.439528947,0.979521278,-1.246078447,0.17573034
141,0.979521278,-1.246078447,0.17573034,-0.73725454,-0.336794751,-3.155624619
142,-0.73725454,-0.336794751,-3.155624619,1.099748103,-0.174238304,3.619152238
144,-90.0,35.0,-40.75342734,18.77653902,-10.02793021,3.18650748
145,18.77653902,-10.02793021,3.18650748,-3.996972961,0.561038217,-3.295441513
146,-3.996972961,0.561038217,-3.295441513,0.712057814,-0.01489084,0.122429944
147,0.712057814,-0.01489084,0.122429944,-0.141251386,-0.118040008,0.898070736
148,-0.141251386,-0.118040008,0.898070736,-1.709056579,0.484232234,-2.597522337
150,91.0,20.0,35.6790606,-18.58055496,-4.28553289,-1.812245058
151,-18.58055496,-4.28553289,-1.812245058,0.567752295,-5.356158667,-14.13139266
152,0.567752295,-5.356158667,-14.13139266,-1.817347987,-1.912696515,-1.606906392
153,-1.817347987,-1.912696515,-1.606906392,2.712688002,-0.255454087,-9.077757711
154,2.712688002,-0.255454087,-9.077757711,-0.056557048,-0.51960196,-5.241185277
156,88.0,28.0,42.78177814,-18.89821693,-6.389819651,2.310325876
157,-18.89821693,-6.389819651,2.310325876,4.04108665,1.003381733,-0.424157206
158,4.04108665,1.003381733,-0.424157206,-0.86170341,-0.186392267,0.06449776
159,-0.86170341,-0.186392267,0.06449776,0.183151664,0.018299585,-0.014121327
160,0.183151664,0.018299585,-0.014121327,-0.039818637,-0.008405354,-0.000170505
162,69.0,16.0,33.3735023,-14.72957301,-3.43519816,1.247770926
163,-14.72957301,-3.43519816,1.247770926,3.131185616,0.433978459,-0.224432849
164,3.131185616,0.433978459,-0.224432849,-0.663984868,-0.078326113,0.026346276
165,-0.663984868,-0.078326113,0.026346276,0.140319109,-0.001947879,-0.006896883
166,0.140319109,-0.001947879,-0.006896883,-0.030359512,-0.004589461,-0.001466263
168,-35.0,64.0,-16.519937,2.058781078,-17.17381046,1.93993089
169,2.058781078,-17.17381046,1.93993089,0.218727028,-0.016396785,-2.509950577
170,0.218727028,-0.016396785,-2.509950577,-0.293175354,0.027128032,1.723947335
171,-0.293175354,0.027128032,1.723947335,-0.011677645,0.546432501,-2.605701872
172,-0.011677645,0.546432501,-2.605701872,-0.398685985,0.261894944,5.020228138
174,-34.0,-68.0,-2.941219192,8.003962969,1.500000014,-13.4221648
175,8.003962969,1.500000014,-13.4221648,-1.699746072,-0.220958016,0.10047008
176,-1.699746072,-0.220958016,0.10047008,0.359883118,0.026629675,-0.014799561
177,0.359883118,0.026629675,-0.014799561,-0.076049432,-0.001448439,0.001780532
178,-0.076049432,-0.001448439,0.001780532,0.016397319,-0.000576781,-9.27e-05
180,33.0,12.0,16.23527779,-0.147344067,-7.168207669,11.78403221
181,-0.147344067,-7.168207669,11.78403221,-1.775773298,-4.737890334,-20.51559859
182,-1.775773298,-4.737890334,-20.51559859,-2.801699294,-0.687986722,-4.020238718
183,-2.801699294,-0.687986722,-4.020238718,-0.982185949,-3.653765412,-9.720228965
184,-0.982185949,-3.653765412,-9.720228965,0.513344664,0.550537331,3.488602393
186,26.0,64.0,12.81777573,-3.104818083,-4.008467677,9.291156861
187,-3.104818083,-4.008467677,9.291156861,3.764245667,-0.823813422,3.121887849
188,3.764245667,-0.823813422,3.121887849,1.425436178,-0.273472976,1.305768546
189,1.425436178,-0.273472976,1.305768546,1.849215634,-0.097291629,1.615604966
190,1.849215634,-0.097291629,1.615604966,-1.808564839,-0.049995092,-2.155972449
192,-46.0,50.0,-22.17075214,6.582707915,-12.37832916,7.633308718
193,6.582707915,-12.37832916,7.633308718,-0.685050168,-0.605853777,3.226561096
194,-0.685050168,-0.605853777,3.226561096,1.673573405,-0.086460336,-0.332933886
195,1.673573405,-0.086460336,-0.332933886,-4.715526926,1.952520146,5.257178792
196,-4.715526926,1.952520146,5.257178792,-2.606350153,-0.795601843,-2.256819398
198,-96.0,13.0,-35.89806619,72.37637162,-116.4679531,-9.651635116
199,72.37637162,-116.4679531,-9.651635116,7.696560571,-28.35910646,-0.820894623
200,7.696560571,-28.35910646,-0.820894623,-60.08704186,-492.8837165,-17.31540867
201,-60.08704186,-492.8837165,-17.31540867,155.2881471,-537.8518858,11.8537503
202,155.2881471,-537.8518858,11.8537503,-316.1669512,-29.44226613,-3.051461311
204,41.0,6.0,17.70090473,-8.709041968,-1.371894737,0.40184461
205,-8.709041968,-1.371894737,0.40184461,1.841993028,0.07142844,-0.084971163
206,1.841993028,0.07142844,-0.084971163,-0.388836738,-0.017586349,0.002054137
207,-0.388836738,-0.017586349,0.002054137,0.081721301,-0.011461752,-0.002836102
208,0.081721301,-0.011461752,-0.002836102,-0.017628278,-0.003244378,-0.002075106
210,58.0,20.0,28.27171959,-13.72086105,-1.662201829,-0.024000368
211,-13.72086105,-1.662201829,-0.024000368,1.690470669,-0.101326798,1.474179868
212,1.690470669,-0.101326798,1.474179868,-0.104214802,-0.0379408,0.016405931
213,-0.104214802,-0.0379408,0.016405931,0.055911777,-0.017944359,0.026526527
214,0.055911777,-0.017944359,0.026526527,-0.500436152,-0.01759859,-3.410761475
216,-10.0,48.0,-4.933643441,-0.52282452,-8.799961781,19.97445526
217,-0.52282452,-8.799961781,19.97445526,0.277513677,-1.312760437,5.440840109
218,0.277513677,-1.312760437,5.440840109,-0.928959602,-1.60831858,-14.09746484
219,-0.928959602,-1.60831858,-14.09746484,0.614126722,-1.082855487,-16.23460872
220,0.614126722,-1.082855487,-16.23460872,1.70093941,-0.660373392,-14.43433534
222,82.0,40.0,38.23490444,-18.94235616,-8.000797865,8.155072312
223,-18.94235616,-8.000797865,8.155072312,2.062777509,-0.007283148,-0.688032214
224,2.062777509,-0.007283148,-0.688032214,-0.190990797,0.113974128,-1.182396042
225,-0.190990797,0.113974128,-1.182396042,-2.096604589,-0.518837298,-1.950254264
226,-2.096604589,-0.518837298,-1.950254264,0.28266729,0.754298826,1.401422353
228,-97.0,-25.0,-26.17489407,20.7022586,1.500000013,-3.674619002
229,20.7022586,1.500000013,-3.674619002,-4.369650765,-0.076596001,0.100494865
230,-4.369650765,-0.076596001,0.100494865,0.919652427,-0.033748711,-0.005137599
231,0.919652427,-0.033748711,-0.005137599,-0.193192903,0.017492136,-0.002254281
232,-0.193192903,0.017492136,-0.002254281,0.041411214,-0.005976862,0.001119377
234,24.0,81.0,11.78430791,-0.827765686,-8.834663748,40.18534211
235,-0.827765686,-8.834663748,40.18534211,0.099914613,0.085369573,0.542648491
236,0.099914613,0.085369573,0.542648491,0.288326476,0.017851369,1.269927477
237,0.288326476,0.017851369,1.269927477,0.290943943,0.01738689,1.279083228
238,0.290943943,0.01738689,1.279083228,0.698852834,0.01167561,0.462847829
240,25.0,90.0,12.35236815,-0.891858332,-15.50361509,20.289966
241,-0.891858332,-15.50361509,20.289966,-1.557512042,-0.137770101,-3.136729509
242,-1.557512042,-0.137770101,-3.136729509,1.329158008,-0.03307733,1.497934461
243,1.329158008,-0.03307733,1.497934461,-2.654249091,-0.026860685,-3.441497327
244,-2.654249091,-0.026860685,-3.441497327,1.551805533,0.003323649,2.076078251
246,-86.0,50.0,-40.35141937,0.72949658,-9.634795012,9.547504036
247,0.72949658,-9.634795012,9.547504036,2.999549699,-5.793884236,-14.76401568
248,2.999549699,-5.793884236,-14.76401568,-5.347580307,-7.891330649,-7.640549791
249,-5.347580307,-7.891330649,-7.640549791,6.325596453,-0.556493487,-22.50110839
250,6.325596453,-0.556493487,-22.50110839,-5.042762347,-2.156073361,-12.36113301
252,54.0,73.0,25.93471958,-5.103594968,-16.04300312,18.31137004
253,-5.103594968,-16.04300312,18.31137004,-0.328582335,-0.652196377,1.094339924
254,-0.328582335,-0.652196377,1.094339924,1.288348562,-0.169760457,1.789677551
255,1.288348562,-0.169760457,1.789677551,-2.014818847,-0.074979702,-4.283052978
256,-2.014818847,-0.074979702,-4.283052978,1.935598122,-0.017562019,1.336676102
258,-68.0,13.0,-31.60268504,15.98305368,-3.406587414,2.187247227
259,15.98305368,-3.406587414,2.187247227,-2.825418286,0.169707551,0.732007635
260,-2.825418286,0.169707551,0.732007635,0.504180631,-0.072448987,-0.212816475
261,0.504180631,-0.072448987,-0.212816475,-0.09686579,0.095915064,-3.28709897
262,-0.09686579,0.095915064,-3.28709897,-0.000171435,-0.766131578,-1.071118517
264,47.0,-23.0,11.47362969,-9.593409521,1.500000012,-4.333425744
265,-9.593409521,1.500000012,-4.333425744,2.000223496,-0.421015737,0.100435731
266,2.000223496,-0.421015737,0.100435731,-0.415848472,0.110302397,-0.028189165
267,-0.415848472,0.110302397,-0.028189165,0.086288678,-0.0276964,0.007371999
268,0.086288678,-0.0276964,0.007371999,-0.018267084,0.006906682,-0.001772381
270,23.0,2.0,11.30479832,-4.864260563,-0.32603312,0.129493242
271,-4.864260563,-0.32603312,0.129493242,1.025387829,-0.012262285,-0.019853563
272,1.025387829,-0.012262285,-0.019853563,-0.215611567,0.009467957,-0.001365604
273,-0.215611567,0.009467957,-0.001365604,0.045211989,-0.006565668,0.000300625
274,0.045211989,-0.006565668,0.000300625,-0.009694396,0.000597202,-0.000688445
276,70.0,-61.0,6.440329925,-13.9466513,1.500000014,-12.70020863
277,-13.9466513,1.500000014,-12.70020863,2.915522761,-0.470506059,0.100427234
278,2.915522761,-0.470506059,0.100427234,-0.607749119,0.131001373,-0.031501488
279,-0.607749119,0.131001373,-0.031501488,0.126447914,-0.034189626,0.008755217
280,0.126447914,-0.034189626,0.008755217,-0.026842371,0.008757943,-0.002187903
282,-82.0,88.0,-39.25754864,4.534877976,-13.50464396,37.71103812
283,4.534877976,-13.50464396,37.71103812,-3.875022323,0.14990225,-3.322560965
284,-3.875022323,0.14990225,-3.322560965,0.70426653,-0.085295146,-0.065116958
285,0.70426653,-0.085295146,-0.065116958,-1.230215669,0.015496506,-1.442254435
286,-1.230215669,0.015496506,-1.442254435,-1.951371426,-0.030230672,-1.695432483
288,-100.0,35.0,-47.62634687,20.20310838,-8.595684033,1.297234885
289,20.20310838,-8.595684033,1.297234885,-2.089225445,-0.015937487,-2.338230776
290,-2.089225445,-0.015937487,-2.338230776,-0.20547919,-0.017851938,-0.996216894
291,-0.20547919,-0.017851938,-0.996216894,1.350190618,-0.167492783,-0.705895787
292,1.350190618,-0.167492783,-0.705895787,0.827118213,-0.062264583,-1.307075881
294,36.0,54.0,17.37569361,-0.914903992,-11.81192635,1.20143359
295,-0.914903992,-11.81192635,1.20143359,-0.065121488,0.023696162,-0.206712769
296,-0.065121488,0.023696162,-0.206712769,0.1458384,-0.009444978,0.798942698
297,0.1458384,-0.009444978,0.798942698,0.091786616,-0.007560801,0.25569002
298,0.091786616,-0.007560801,0.25569002,0.345615596,-0.002979195,-0.42070446
300,-25.0,-97.0,-1.498401638,6.479605612,1.500000014,-19.74260249
301,6.479605612,1.500000014,-19.74260249,-1.379239369,-0.238287845,0.100467104
302,-1.379239369,-0.238287845,0.100467104,0.292686031,0.033877754,-0.015959424
303,0.292686031,0.033877754,-0.015959424,-0.061987032,-0.003722147,0.002264888
304,-0.061987032,-0.003722147,0.002264888,0.013394544,7.15e-05,-0.000238192
306,23.0,20.0,11.20289172,-5.552972238,-3.316137245,0.158067373
307,-5.552972238,-3.316137245,0.158067373,0.863133732,-0.630363928,0.07860883
308,0.863133732,-0.630363928,0.07860883,-0.207602448,-0.681708124,-3.737844962
309,-0.207602448,-0.681708124,-3.737844962,0.545270899,-0.391924171,4.343173953
310,0.545270899,-0.391924171,4.343173953,0.404511429,-0.801260155,-0.968505024
312,81.0,50.0,39.78012602,-8.414326974,-6.460627098,2.106583362
313,-8.414326974,-6.460627098,2.106583362,-0.021069314,-0.027931502,-0.106158563
314,-0.021069314,-0.027931502,-0.106158563,-0.150162393,-0.008133544,-0.096606362
315,-0.150162393,-0.008133544,-0.096606362,-0.015952877,-0.006982698,-0.007098407
316,-0.015952877,-0.006982698,-0.007098407,0.010858592,-0.008480071,0.002015781
318,-83.0,3.0,-27.17729508,-2.579423979,-42.13474124,40.96484464
319,-2.579423979,-42.13474124,40.96484464,-7.654900289,-35.29201062,118.4847004
320,-7.654900289,-35.29201062,118.4847004,61.43090523,-1.458921726,-190.0694274
321,61.43090523,-1.458921726,-190.0694274,-39.41907489,2.172236222,-26.85802326
322,-39.41907489,2.172236222,-26.85802326,-75.49380246,-19.9838265,312.1082862
324,14.0,-16.0,5.18365548,-2.746314566,1.500000013,-2.555103844
325,-2.746314566,1.500000013,-2.555103844,0.560574311,-0.34317376,0.100449096
326,0.560574311,-0.34317376,0.100449096,-0.114013192,0.077745544,-0.022979302
327,-0.114013192,0.077745544,-0.022979302,0.023123313,-0.017483382,0.005196372
328,0.023123313,-0.017483382,0.005196372,-0.004779249,0.003994884,-0.001118817
330,-61.0,-85.0,-4.23673241,13.89510123,1.500000014,-16.88293846
331,13.89510123,1.500000014,-16.88293846,-2.938398733,-0.153983943,0.100481579
332,-2.938398733,-0.153983943,0.100481579,0.619577685,-0.001381755,-0.010317074
333,0.619577685,-0.001381755,-0.010317074,-0.130395968,0.007338689,-9.13e-05
334,-0.130395968,0.007338689,-9.13e-05,0.02800205,-0.003082048,0.000469626
336,84.0,80.0,39.89632753,-19.80855801,-20.76455742,2.013985341
337,-19.80855801,-20.76455742,2.013985341,2.479700304,0.077939992,0.699626538
338,2.479700304,0.077939992,0.699626538,-0.035903927,0.005835484,0.340788499
339,-0.035903927,0.005835484,0.340788499,0.072632281,0.014295052,0.955421336
340,0.072632281,0.014295052,0.955421336,0.540248267,0.028738423,1.606806848
342,-70.0,33.0,-32.93977664,12.17339347,-4.489291119,13.45639904
343,12.17339347,-4.489291119,13.45639904,-1.035160663,0.036520628,0.45008195
344,-1.035160663,0.036520628,0.45008195,0.052262193,-0.012894302,-0.220639355
345,0.052262193,-0.012894302,-0.220639355,0.879559716,0.010494468,0.827581513
346,0.879559716,0.010494468,0.827581513,0.347781787,0.03391678,1.715580243
348,-46.0,-83.0,-3.256678743,10.71659539,1.500000014,-16.56528622
349,10.71659539,1.500000014,-16.56528622,-2.270095846,-0.190119147,0.100475374
350,-2.270095846,-0.190119147,0.100475374,0.47946203,0.013731537,-0.012735556
351,0.47946203,0.013731537,-0.012735556,-0.101073828,0.00259768,0.000918608
352,-0.101073828,0.00259768,0.000918608,0.021740831,-0.001730356,0.000166234
354,-89.0,3.0,-40.91226553,-12.71044693,-101.8753988,-28.51081318
355,-12.71044693,-101.8753988,-28.51081318,45.09870464,-56.41888045,-71.38969768
356,45.09870464,-56.41888045,-71.38969768,6.004887676,-158.5642689,21.03548985
357,6.004887676,-158.5642689,21.03548985,46.5026806,-223.1599783,27.47071885
358,46.5026806,-223.1599783,27.47071885,7.045827246,-200.5816589,476.9981811
360,-80.0,9.0,-32.68768319,16.69234992,-3.396913439,0.688958822
361,16.69234992,-3.396913439,0.688958822,-3.475925481,0.782462064,-0.222224245
362,-3.475925481,0.782462064,-0.222224245,0.721349734,-0.225892163,0.04969368
363,0.721349734,-0.225892163,0.04969368,-0.149612103,0.04453725,-0.016759977
364,-0.149612103,0.04453725,-0.016759977,0.031554641,-0.017870702,0.001508666
366,-42.0,67.0,-20.28764767,3.543818395,-10.52883113,5.348117369
367,3.543818395,-10.52883113,5.348117369,0.394151488,0.078688854,0.713907217
368,0.394151488,0.078688854,0.713907217,1.387412895,0.011054759,1.532603184
369,1.387412895,0.011054759,1.532603184,1.136839068,0.026534584,1.496029332
370,1.136839068,0.026534584,1.496029332,1.34639165,0.04264073,0.801789046
372,-100.0,31.0,-44.21395167,20.12525253,-8.098771907,3.533393216
373,20.12525253,-8.098771907,3.533393216,-1.657527209,0.137205199,1.388908615
374,-1.657527209,0.137205199,1.388908615,0.396922573,0.028681682,2.346397898
375,0.396922573,0.028681682,2.346397898,-0.390954201,-0.005959286,-0.017424537
376,-0.390954201,-0.005959286,-0.017424537,1.206510202,-0.12512838,-2.829303702
378,-43.0,33.0,-20.8787549,5.947685808,-5.61506332,11.29259939
379,5.947685808,-5.61506332,11.29259939,0.774645883,-0.756654883,-0.60437021
380,0.774645883,-0.756654883,-0.60437021,0.987971963,-0.218709322,-2.070001983
381,0.987971963,-0.218709322,-2.070001983,1.638399995,-0.044329572,0.094422857
382,1.638399995,-0.044329572,0.094422857,-0.397053614,-0.029255925,-2.325662931
384,32.0,-74.0,2.471038086,-5.793891735,1.500000014,-15.21533039
385,-5.793891735,1.500000014,-15.21533039,1.201348539,-0.377820489,0.100443148
386,1.201348539,-0.377820489,0.100443148,-0.248357219,0.092236291,-0.025298163
387,-0.248357219,0.092236291,-0.025298163,0.051237619,-0.0220291,0.006164723
388,0.051237619,-0.0220291,0.006164723,-0.010782557,0.005290898,-0.001409712
390,-72.0,25.0,-33.76734105,15.35096503,-6.432043401,7.163215818
391,15.35096503,-6.432043401,7.163215818,-1.605171935,-0.068826442,3.498696961
392,-1.605171935,-0.068826442,3.498696961,-0.776085785,-0.326318764,-2.859000924
393,-0.776085785,-0.326318764,-2.859000924,0.306636544,0.17564736,6.366944654
394,0.306636544,0.17564736,6.366944654,-0.217601948,-0.338309345,-4.312525802
396,63.0,-54.0,6.557582041,-12.56389337,1.500000014,-11.13804356
397,-12.56389337,1.500000014,-11.13804356,2.62478832,-0.45478602,0.100429933
398,2.62478832,-0.45478602,0.100429933,-0.546794053,0.124426578,-0.030449366
399,-0.546794053,0.124426578,-0.030449366,0.113691788,-0.032127127,0.008315854
400,0.113691788,-0.032127127,0.008315854,-0.024118528,0.008169911,-0.002055917
402,89.0,34.0,39.35469555,-19.63151329,-4.108329094,11.52627986
403,-19.63151329,-4.108329094,11.52627986,2.066698809,-0.078643707,-0.201884282
404,2.066698809,-0.078643707,-0.201884282,-0.634034318,-0.009259732,0.016356078
405,-0.634034318,-0.009259732,0.016356078,0.852257673,-0.028047065,1.284509172
406,0.852257673,-0.028047065,1.284509172,0.423169533,0.052183325,0.614191925
408,46.0,-8.0,23.0,-9.577982135,1.500000008,-1.012331312
409,-9.577982135,1.500000008,-1.012331312,1.996979781,-0.420840346,0.100435761
410,1.996979781,-0.420840346,0.100435761,-0.415168399,0.110229042,-0.028177426
411,-0.415168399,0.110229042,-0.028177426,0.086146358,-0.027673389,0.007367097
412,0.086146358,-0.027673389,0.007367097,-0.018236694,0.006900121,-0.001770908
414,23.0,-71.0,1.858077795,-3.940017832,1.500000014,-14.50041438
415,-3.940017832,1.500000014,-14.50041438,0.811558698,-0.356744514,0.100446766
416,0.811558698,-0.356744514,0.100446766,-0.166634306,0.083421414,-0.023887575
417,-0.166634306,0.083421414,-0.023887575,0.034135385,-0.019263891,0.005575665
418,0.034135385,-0.019263891,0.005575665,-0.00713068,0.004502519,-0.001232758
420,-30.0,48.0,-14.49357194,5.064961311,-12.2519388,7.235630361
421,5.064961311,-12.2519388,7.235630361,0.469477122,0.116814162,2.396472454
422,0.469477122,0.116814162,2.396472454,-1.020922517,0.02802113,-1.396172146
423,-1.020922517,0.02802113,-1.396172146,-0.964784878,0.129367398,4.923876127
424,-0.964784878,0.129367398,4.923876127,1.468161392,-0.394333345,1.791398235
426,-99.0,58.0,-45.22289178,19.13338048,-16.18208917,8.447934333
427,19.13338048,-16.18208917,8.447934333,-1.875875777,0.123767211,-2.23953811
428,-1.875875777,0.123767211,-2.23953811,-0.226948798,0.03012318,-0.463764501
429,-0.226948798,0.03012318,-0.463764501,0.31947022,-0.043158131,-1.893269872
430,0.31947022,-0.043158131,-1.893269872,-1.468209877,-0.083067632,-1.718958796
432,7.0,82.0,3.498420639,-0.232055698,-18.13579638,31.94635259
433,-0.232055698,-18.13579638,31.94635259,2.173988653,-0.476323105,2.271978508
434,2.173988653,-0.476323105,2.271978508,2.701791068,-0.140446222,2.601305241
435,2.701791068,-0.140446222,2.601305241,1.327260535,-0.008333921,1.784138765
436,1.327260535,-0.008333921,1.784138765,2.128317749,0.017597108,0.866708962
438,-71.0,-37.0,-11.95093458,15.38886859,1.500000013,-6.458588544
439,15.38886859,1.500000013,-6.458588544,-3.252473678,-0.137001879,0.100484494
440,-3.252473678,-0.137001879,0.100484494,0.685426296,-0.008484383,-0.009180486
441,0.685426296,-0.008484383,-0.009180486,-0.144176171,0.009566768,-0.000565981
442,-0.144176171,0.009566768,-0.000565981,0.030944567,-0.003717288,0.000612208
444,-23.0,29.0,-11.22535068,1.227910658,-3.256146143,8.918392571
445,1.227910658,-3.256146143,8.918392571,-1.171964795,-0.966420812,-4.321628799
446,-1.171964795,-0.966420812,-4.321628799,-0.636519293,-1.05395829,-8.168436565
447,-0.636519293,-1.05395829,-8.168436565,1.685838887,-0.753841499,1.810443391
448,1.685838887,-0.753841499,1.810443391,0.776409933,-0.805053161,-10.02114521
450,-48.0,96.0,-23.58486676,7.370360366,-26.14592723,17.17077775
451,7.370360366,-26.14592723,17.17077775,-2.454988954,-0.277909977,-3.510507511
452,-2.454988954,-0.277909977,-3.510507511,1.619604248,-0.105885888,1.744155459
453,1.619604248,-0.105885888,1.744155459,0.511423926,0.002174318,1.050989154
454,0.511423926,0.002174318,1.050989154,2.857518372,-0.086838709,3.778460856
456,-17.0,65.0,-8.437506347,-0.102939631,-8.11261618,30.29863183
457,-0.102939631,-8.11261618,30.29863183,-0.476849446,0.214128665,-1.430472757
458,-0.476849446,0.214128665,-1.430472757,-0.402306702,0.027427753,-1.092810985
459,-0.402306702,0.027427753,-1.092810985,0.173116735,0.001560752,0.374946827
460,0.173116735,0.001560752,0.374946827,-0.501191313,-0.01321146,-0.982765684
462,42.0,64.0,20.34913153,-7.218313621,-11.80485543,3.675027477
463,-7.218313621,-11.80485543,3.675027477,0.809608452,-0.666204761,1.205175275
464,0.809608452,-0.666204761,1.205175275,2.509366754,-0.208786895,1.659501687
465,2.509366754,-0.208786895,1.659501687,-2.973929191,-0.08010988,-4.818496342
466,-2.973929191,-0.08010988,-4.818496342,7.342358393,-0.036849065,7.067260313
468,74.0,75.0,35.53592847,-14.27468805,-20.46537847,1.787862503
469,-14.27468805,-20.46537847,1.787862503,0.817354188,-1.605662788,-5.229619426
470,0.817354188,-1.605662788,-5.229619426,-1.674734901,-3.632263724,-14.28560529
471,-1.674734901,-3.632263724,-14.28560529,3.711849669,-1.341362631,3.513970034
472,3.711849669,-1.341362631,3.513970034,-0.485638327,-1.090062339,7.485863427
474,4.0,25.0,1.984103403,-0.633208603,-3.366978478,1.678692351
475,-0.633208603,-3.366978478,1.678692351,-0.654581318,-0.476516022,-4.957198482
476,-0.654581318,-0.476516022,-4.957198482,-2.209365832,-1.74959222,-1.948049501
477,-2.209365832,-1.74959222,-1.948049501,-0.765512671,0.464154381,8.255926075
478,-0.765512671,0.464154381,8.255926075,-2.727328791,0.492966021,1.2673856
480,8.0,-53.0,0.874396756,-1.014986266,1.500000014,-10.50612686
481,-1.014986266,1.500000014,-10.50612686,0.196550533,-0.323490961,0.100452476
482,0.196550533,-0.323490961,0.100452476,-0.037692363,0.069513352,-0.021661958
483,-0.037692363,0.069513352,-0.021661958,0.007151579,-0.01490096,0.004646253
484,0.007151579,-0.01490096,0.004646253,-0.00136877,0.003258619,-0.00095356
486,54.0,51.0,25.77471914,-8.775749746,-14.34949087,-7.094177258
487,-8.775749746,-14.34949087,-7.094177258,0.422855091,-0.000623838,4.211068903
488,0.422855091,-0.000623838,4.211068903,1.69786368,-0.693118939,-0.600405875
489,1.69786368,-0.693118939,-0.600405875,0.000964452,-0.687501823,11.437589
490,0.000964452,-0.687501823,11.437589,1.198243122,-0.887887549,14.62640004
492,40.0,79.0,19.86849504,-1.942072779,-8.576386731,32.00834681
493,-1.942072779,-8.576386731,32.00834681,-1.39690021,0.02487195,-2.380586219
494,-1.39690021,0.02487195,-2.380586219,-1.623406035,0.049588994,-0.982119023
495,-1.623406035,0.049588994,-0.982119023,1.818697521,0.134665553,0.679200924
496,1.818697521,0.134665553,0.679200924,-2.568417322,0.133173933,-3.654605384
498,-17.0,23.0,-8.346037919,0.415298221,-0.81216969,1.057415202
499,0.415298221,-0.81216969,1.057415202,0.925094559,-0.025147271,1.688522757
500,0.925094559,-0.025147271,1.688522757,-0.979347675,0.075804321,-1.260268085
501,-0.979347675,0.075804321,-1.260268085,-1.324542807,0.043853632,-1.839111994
502,-1.324542807,0.043853632,-1.839111994,-0.943756078,-0.161077307,-2.135609412
504,-74.0,86.0,-35.14827637,3.891324359,-22.90266962,7.443854704
505,3.891324359,-22.90266962,7.443854704,0.166245934,-0.201651031,0.051264885
506,0.166245934,-0.201651031,0.051264885,-0.132618505,-0.042021966,-0.075482471
507,-0.132618505,-0.042021966,-0.075482471,-1.043823256,-0.020453774,-1.766983031
508,-1.043823256,-0.020453774,-1.766983031,-1.242393376,-0.019913826,-1.692115238
510,-66.0,26.0,-31.2933772,13.17969955,-4.486099323,11.33449017
511,13.17969955,-4.486099323,11.33449017,-1.606001319,-0.00867685,-1.86986827
512,-1.606001319,-0.00867685,-1.86986827,0.656858404,0.025264652,2.375024087
513,0.656858404,0.025264652,2.375024087,-0.087240177,0.132303581,1.38807861
514,-0.087240177,0.132303581,1.38807861,-0.280014583,-0.008311204,-0.200373353
516,-63.0,47.0,-30.54561134,15.36758034,-10.1571603,14.4663652
517,15.36758034,-10.1571603,14.4663652,-1.487501202,0.125130513,-1.895721961
518,-1.487501202,0.125130513,-1.895721961,-0.943790035,0.232454633,-1.782550991
519,-0.943790035,0.232454633,-1.782550991,1.41562426,0.019648528,1.483447866
520,1.41562426,0.019648528,1.483447866,-3.449364944,0.301204772,15.18436358
522,17.0,-28.0,3.528727,-3.223724143,1.500000012,-5.184327204
523,-3.223724143,1.500000012,-5.184327204,0.660952984,-0.348601247,0.100448164
524,0.660952984,-0.348601247,0.100448164,-0.135058476,0.080015551,-0.023342557
525,-0.135058476,0.080015551,-0.023342557,0.02752748,-0.018195479,0.005348067
526,0.02752748,-0.018195479,0.005348067,-0.00571968,0.004197908,-0.001164386
528,16.0,-71.0,1.296346862,-2.468543909,1.500000014,-14.44742823
529,-2.468543909,1.500000014,-14.44742823,0.502171104,-0.340015896,0.100449638
530,0.502171104,-0.340015896,0.100449638,-0.10176844,0.076424788,-0.022767951
531,-0.10176844,0.076424788,-0.022767951,0.020560842,-0.017069064,0.005108112
532,0.020560842,-0.017069064,0.005108112,-0.004232079,0.00387676,-0.001092304
534,-75.0,76.0,-36.17712788,2.980483462,-11.47915466,19.85816097
535,2.980483462,-11.47915466,19.85816097,-0.521552783,0.074101256,-0.547403801
536,-0.521552783,0.074101256,-0.547403801,-0.016953452,-0.001688973,0.240349536
537,-0.016953452,-0.001688973,0.240349536,0.098523852,-0.004152185,-0.013812571
538,0.098523852,-0.004152185,-0.013812571,0.025966907,-0.005982336,-0.087850864
540,-50.0,61.0,-20.7882364,9.603634815,-17.41424953,5.397321884
541,9.603634815,-17.41424953,5.397321884,-1.827135051,3.624848012,-1.170135956
542,-1.827135051,3.624848012,-1.170135956,0.342716537,-0.798235971,0.240140114
543,0.342716537,-0.798235971,0.240140114,-0.063476249,0.159379858,-0.055021507
544,-0.063476249,0.159379858,-0.055021507,0.011678578,-0.041340121,0.008858178
546,59.0,-68.0,4.901054786,-11.54561915,1.500000014,-14.1261236
547,-11.54561915,1.500000014,-14.1261236,2.410689104,-0.443209653,0.100431921
548,2.410689104,-0.443209653,0.100431921,-0.501906245,0.119584845,-0.029674575
549,-0.501906245,0.119584845,-0.029674575,0.104298072,-0.030608285,0.007992303
550,0.104298072,-0.030608285,0.007992303,-0.022112668,0.007736879,-0.001958721
552,64.0,-33.0,10.78359372,-13.04025191,1.500000013,-6.618076268
553,-13.04025191,1.500000013,-6.618076268,2.724946005,-0.460201556,0.100429003
554,2.724946005,-0.460201556,0.100429003,-0.567793004,0.126691588,-0.030811821
555,-0.567793004,0.126691588,-0.030811821,0.118086259,-0.032837655,0.008467214
556,0.118086259,-0.032837655,0.008467214,-0.025056889,0.008372487,-0.002101386
558,41.0,88.0,-89.43550409,-9.959487542,-24.32450943,7.964914598
559,-9.959487542,-24.32450943,7.964914598,2.364158547,4.841485283,-1.637322176
560,2.364158547,4.841485283,-1.637322176,-0.552246814,-1.003601665,0.321658187
561,-0.552246814,-1.003601665,0.321658187,0.127210378,0.191948205,-0.068751183
562,0.127210378,0.191948205,-0.068751183,-0.029769408,-0.04606066,0.01094244
564,-95.0,75.0,-34.66688563,18.8425843,-22.03692617,6.727802205
565,18.8425843,-22.03692617,6.727802205,-3.717515738,4.691818192,-1.483132566
566,-3.717515738,4.691818192,-1.483132566,0.728207392,-1.041603885,0.311628331
567,0.728207392,-1.041603885,0.311628331,-0.141877958,0.214431404,-0.071290147
568,-0.141877958,0.214431404,-0.071290147,0.02793176,-0.05398395,0.012381286
570,-6.0,58.0,-2.820975341,0.022206737,-12.13494085,11.36594595
571,0.022206737,-12.13494085,11.36594595,-0.04276141,0.209610299,-1.202666794
572,-0.04276141,0.209610299,-1.202666794,0.007954757,0.021404505,0.077803888
573,0.007954757,0.021404505,0.077803888,-0.001940462,0.00710004,0.007132331
574,-0.001940462,0.00710004,0.007132331,-5.49e-05,-0.003809784,-0.001147867
576,97.0,-28.0,18.54995889,-20.04056897,1.500000013,-5.78988316
577,-20.04056897,1.500000013,-5.78988316,4.1968112,-0.539785452,0.10041534
578,4.1968112,-0.539785452,0.10041534,-0.876382658,0.159976987,-0.036138267
579,-0.876382658,0.159976987,-0.036138267,0.182665118,-0.043279217,0.010691526
580,0.182665118,-0.043279217,0.010691526,-0.038846551,0.011349444,-0.002769574
582,-15.0,-79.0,-1.104254391,4.149373169,1.500000014,-15.93755121
583,4.149373169,1.500000014,-15.93755121,-0.889291843,-0.264779356,0.100462556
584,-0.889291843,-0.264779356,0.100462556,0.189964166,0.04495764,-0.017732467
585,0.189964166,0.04495764,-0.017732467,-0.040490326,-0.007197884,0.003005306
586,-0.040490326,-0.007197884,0.003005306,0.008804307,0.001062422,-0.000460615
588,45.0,80.0,-156.7743049,-10.67288174,-21.91915564,7.202325456
589,-10.67288174,-21.91915564,7.202325456,2.487000194,4.332952757,-1.474526645
590,2.487000194,4.332952757,-1.474526645,-0.572360845,-0.896453471,0.287585843
591,-0.572360845,-0.896453471,0.287585843,0.130238489,0.16941382,-0.061588431
592,0.130238489,0.16941382,-0.061588431,-0.03016208,-0.041222831,0.009500279
594,29.0,10.0,11.71900949,-52.87192831,-101.0659861,-216.5376077
595,-52.87192831,-101.0659861,-216.5376077,183.8981891,17.31992902,171.1720445
596,183.8981891,17.31992902,171.1720445,-8.827485996,2.339649174,-3.130791415
597,-8.827485996,2.339649174,-3.130791415,8.345667274,-6.095202115,14.36916319
598,8.345667274,-6.095202115,14.36916319,1.632566774,-1.381994412,24.05080386
600,14.0,-45.0,1.799690861,-2.377639335,1.500000013,-8.826767651
601,-2.377639335,1.500000013,-8.826767651,0.483057788,-0.338982437,0.100449816
602,0.483057788,-0.338982437,0.100449816,-0.097761162,0.075992552,-0.022698783
603,-0.097761162,0.075992552,-0.022698783,0.019722235,-0.016933472,0.005079228
604,0.019722235,-0.016933472,0.005079228,-0.004053009,0.003838101,-0.001083627
606,-71.0,21.0,-12.13582439,14.6350548,-6.301575895,1.698922088
607,14.6350548,-6.301575895,1.698922088,-3.010532134,1.36537042,-0.418640199
608,-3.010532134,1.36537042,-0.418640199,0.616942441,-0.341820147,0.088750101
609,0.616942441,-0.341820147,0.088750101,-0.126331692,0.067483213,-0.024509867
610,-0.126331692,0.067483213,-0.024509867,0.026275851,-0.022489278,0.002977121
612,72.0,35.0,-99.49132537,-15.64035428,-8.521477105,2.953199531
613,-15.64035428,-8.521477105,2.953199531,3.380168952,1.485111369,-0.568341686
614,3.380168952,1.485111369,-0.568341686,-0.728154063,-0.294082112,0.096774926
615,-0.728154063,-0.294082112,0.096774926,0.156253158,0.042237306,-0.021320342
616,0.156253158,0.042237306,-0.021320342,-0.03430078,-0.013819421,0.001361394
618,6.0,58.0,2.769553814,-1.073946678,-10.6054838,5.920751219
619,-1.073946678,-10.6054838,5.920751219,1.105479299,0.157061241,-0.571583517
620,1.105479299,0.157061241,-0.571583517,-1.137340797,0.017887639,-1.531665672
621,-1.137340797,0.017887639,-1.531665672,0.074284895,-0.010978242,-0.997624989
622,0.074284895,-0.010978242,-0.997624989,-0.089327464,-0.060027119,-0.807710972
624,-93.0,57.0,-21.29309543,18.70796396,-16.73322947,5.019353325
625,18.70796396,-16.73322947,5.019353325,-3.749070513,3.586202556,-1.124232769
626,-3.749070513,3.586202556,-1.124232769,0.747267384,-0.812040499,0.237551732
627,0.747267384,-0.812040499,0.237551732,-0.148465369,0.166849763,-0.055948612
628,-0.148465369,0.166849763,-0.055948612,0.029897876,-0.043919362,0.009336472
630,-38.0,14.0,-14.08229289,7.794901592,-4.136761541,1.095630321
631,7.794901592,-4.136761541,1.095630321,-1.596811198,0.835979466,-0.272151396
632,-1.596811198,0.835979466,-0.272151396,0.325634644,-0.21566328,0.053280082
633,0.325634644,-0.21566328,0.053280082,-0.066435313,0.037904486,-0.016076639
634,-0.066435313,0.037904486,-0.016076639,0.013715198,-0.015489066,0.001084189
636,30.0,-68.0,2.523330571,-5.449512895,1.500000014,-13.90660956
637,-5.449512895,1.500000014,-13.90660956,1.1289405,-0.373905379,0.10044382
638,1.1289405,-0.373905379,0.10044382,-0.233176229,0.090598824,-0.02503613
639,-0.233176229,0.090598824,-0.02503613,0.048060679,-0.02151543,0.006055299
640,0.048060679,-0.02151543,0.006055299,-0.010104178,0.005144447,-0.001376841
642,-51.0,-86.0,-3.487312357,11.80566934,1.500000014,-17.17422994
643,11.80566934,1.500000014,-17.17422994,-2.499081192,-0.177737886,0.1004775
644,-2.499081192,-0.177737886,0.1004775,0.527470848,0.008553163,-0.011906894
645,0.527470848,0.008553163,-0.011906894,-0.11112068,0.004222125,0.00057256
646,-0.11112068,0.004222125,0.00057256,0.023886157,-0.002193496,0.000270187
648,-2.0,-69.0,-0.168073515,1.289898751,1.500000014,-13.87998417
649,1.289898751,1.500000014,-13.87998417,-0.288067522,-0.297287616,0.100456974
650,-0.288067522,-0.297287616,0.100456974,0.06391213,0.058553989,-0.019908202
651,0.06391213,0.058553989,-0.019908202,-0.014111293,-0.011463031,0.003913888
652,-0.014111293,-0.011463031,0.003913888,0.003171536,0.002278443,-0.000733556
654,-22.0,81.0,-9.690078969,3.398266774,-22.97517185,7.298313657
655,3.398266774,-22.97517185,7.298313657,-0.45964915,4.712101134,-1.546299814
656,-0.45964915,4.712101134,-1.546299814,0.04295906,-1.008791689,0.312988429
657,0.04295906,-1.008791689,0.312988429,0.001986991,0.199802636,-0.069097511
658,0.001986991,0.199802636,-0.069097511,-0.002887224,-0.049191495,0.011445166
660,95.0,-75.0,7.063611945,-19.02448333,1.500000014,-15.90780269
661,-19.02448333,1.500000014,-15.90780269,3.983172148,-0.528233968,0.100417323
662,3.983172148,-0.528233968,0.100417323,-0.831591327,0.155145661,-0.035365142
663,-0.831591327,0.155145661,-0.035365142,0.173291592,-0.04176364,0.01036867
664,0.173291592,-0.04176364,0.01036867,-0.036845002,0.010917343,-0.002672588
666,59.0,33.0,1.573274833,-12.8764846,-8.106480994,2.769535436
667,-12.8764846,-8.106480994,2.769535436,2.794361694,1.4298936,-0.540318072
668,2.794361694,1.4298936,-0.540318072,-0.604358818,-0.28925973,0.093074465
669,-0.604358818,-0.28925973,0.093074465,0.130142241,0.042643866,-0.020997529
670,0.130142241,0.042643866,-0.020997529,-0.028681142,-0.01421024,0.001387473
672,-26.0,21.0,-10.79919107,5.173630501,-5.792896035,1.694953453
673,5.173630501,-5.792896035,1.694953453,-1.026947346,1.151896096,-0.384112711
674,-1.026947346,1.151896096,-0.384112711,0.202245383,-0.27487866,0.074450959
675,0.202245383,-0.27487866,0.074450959,-0.039783174,0.048817969,-0.020040082
676,-0.039783174,0.048817969,-0.020040082,0.007845035,-0.017502572,0.001782463
678,-64.0,-40.0,-9.84265717,13.95541581,1.500000013,-7.158365654
679,13.95541581,1.500000013,-7.158365654,-2.951080292,-0.15329825,0.100481696
680,-2.951080292,-0.15329825,0.100481696,0.622236487,-0.001668541,-0.010271181
681,0.622236487,-0.001668541,-0.010271181,-0.130952378,0.007428653,-0.00011051
682,-0.130952378,0.007428653,-0.00011051,0.028120862,-0.003107698,0.000475383
684,69.0,-26.0,14.57276123,-14.18002071,1.500000012,-5.146744599
685,-14.18002071,1.500000012,-5.146744599,2.964590297,-0.473159145,0.100426779
686,2.964590297,-0.473159145,0.100426779,-0.618036566,0.132111008,-0.031679055
687,-0.618036566,0.132111008,-0.031679055,0.128600778,-0.034537716,0.008829369
688,0.128600778,-0.034537716,0.008829369,-0.027302077,0.008857185,-0.002210178
690,-20.0,2.0,-8.514800822,4.176749555,-0.802929309,0.137824241
691,4.176749555,-0.802929309,0.137824241,-0.870169095,0.18977576,-0.051870973
692,-0.870169095,0.18977576,-0.051870973,0.180689272,-0.054100232,0.012162334
693,0.180689272,-0.054100232,0.012162334,-0.037487839,0.011178402,-0.003947815
694,-0.037487839,0.011178402,-0.003947815,0.007914268,-0.004146883,0.000447071
696,39.0,67.0,214.3135134,-9.204296554,-18.16233356,5.96534348
697,-9.204296554,-18.16233356,5.96534348,2.13582225,3.567477336,-1.220389538
698,2.13582225,3.567477336,-1.220389538,-0.489915606,-0.741261396,0.236297471
699,-0.489915606,-0.741261396,0.236297471,0.111138985,0.138043651,-0.051213751
700,0.111138985,0.138043651,-0.051213751,-0.0256868,-0.034760629,0.007492714
702,-42.0,77.0,-9.806481043,7.667167182,-22.0236749,6.917565954
703,7.667167182,-22.0236749,6.917565954,-1.36795271,4.562475758,-1.481991941
704,-1.36795271,4.562475758,-1.481991941,0.235626776,-0.98800049,0.30296297
705,0.235626776,-0.98800049,0.30296297,-0.038800446,0.19766681,-0.067707366
706,-0.038800446,0.19766681,-0.067707366,0.005922533,-0.049211422,0.011308394
708,55.0,96.0,-153.2740221,-9.575177932,-20.89396705,27.28755545
709,-9.575177932,-20.89396705,27.28755545,52.30928005,0.66236742,53.12973562
710,52.30928005,0.66236742,53.12973562,-63.04156909,-5.151447837,-29.6472032
711,-63.04156909,-5.151447837,-29.6472032,11.72161019,-5.422718816,31.17141997
712,11.72161019,-5.422718816,31.17141997,-8.306297383,4.775227587,36.85821819
714,-38.0,-14.0,-18.24222234,8.156909159,1.500000002,-1.689845713
715,8.156909159,1.500000002,-1.689845713,-1.731904069,-0.219219227,0.100470377
716,-1.731904069,-0.219219227,0.100470377,0.366625328,0.02590244,-0.014683187
717,0.366625328,0.02590244,-0.014683187,-0.077460381,-0.001220307,0.001731934
718,-0.077460381,-0.001220307,0.001731934,0.016698602,-0.000641823,-7.81e-05
720,-39.0,11.0,-15.99247021,8.045568254,-3.415845605,0.845631318
721,8.045568254,-3.415845605,0.845631318,-1.657664822,0.688327781,-0.223400258
722,-1.657664822,0.688327781,-0.223400258,0.340089838,-0.18564999,0.043386998
723,0.340089838,-0.18564999,0.043386998,-0.069815573,0.031820999,-0.014070257
724,-0.069815573,0.031820999,-0.014070257,0.014513374,-0.014231894,0.000694857
726,33.0,80.0,13.96542408,-8.149814758,-22.05549198,7.202458955
727,-8.149814758,-22.05549198,7.202458955,1.958045695,4.389911707,-1.48380583
728,1.958045695,4.389911707,-1.48380583,-0.461779655,-0.914310599,0.291402014
729,-0.461779655,-0.914310599,0.291402014,0.107163771,0.174389718,-0.062782045
730,0.107163771,0.174389718,-0.062782045,-0.025249223,-0.042551812,0.009818721
732,98.0,-100.0,5.492503401,-19.33827217,1.500000014,-21.32043574
733,-19.33827217,1.500000014,-21.32043574,4.049148429,-0.531801312,0.100416711
734,4.049148429,-0.531801312,0.100416711,-0.845423842,0.156637677,-0.035603899
735,-0.845423842,0.156637677,-0.035603899,0.176186336,-0.042231682,0.010468375
736,0.176186336,-0.042231682,0.010468375,-0.037463122,0.011050785,-0.002702539
738,44.0,-36.0,6.921063297,-8.798019566,1.500000013,-7.113478243
739,-8.798019566,1.500000013,-7.113478243,1.832987243,-0.411973257,0.100437284
740,1.832987243,-0.411973257,0.100437284,-0.380785902,0.106520444,-0.027583963
741,-0.380785902,0.106520444,-0.027583963,0.078951099,-0.026510009,0.007119268
742,0.078951099,-0.026510009,0.007119268,-0.016700275,0.006568434,-0.00169646
744,32.0,12.0,7.315834239,-6.89564282,-2.864629809,0.914147881
745,-6.89564282,-2.864629809,0.914147881,1.477596941,0.403734207,-0.185943863
746,1.477596941,0.403734207,-0.185943863,-0.315951944,-0.090831866,0.024319398
747,-0.315951944,-0.090831866,0.024319398,0.067204278,0.004616069,-0.007732469
748,0.067204278,0.004616069,-0.007732469,-0.014686584,-0.00683945,-0.001046182
750,29.0,2.0,11.05432618,-6.125737687,-0.260007475,0.127981985
751,-6.125737687,-0.260007475,0.127981985,1.289887882,-0.040356988,-0.015419449
752,1.289887882,-0.040356988,-0.015419449,-0.270912096,0.018314498,-0.003246228
753,-0.270912096,0.018314498,-0.003246228,0.056752474,-0.009037878,0.000892004
754,0.056752474,-0.009037878,0.000892004,-0.012151752,0.001257905,-0.00084661
756,94.0,44.0,30.45774528,-20.40532677,-10.83804863,3.79032765
757,-20.40532677,-10.83804863,3.79032765,4.408208171,1.914208642,-0.724904823
758,4.408208171,1.914208642,-0.724904823,-0.949139392,-0.371629368,0.125525756
759,-0.949139392,-0.371629368,0.125525756,0.203639659,0.055867499,-0.026504513
760,0.203639659,0.055867499,-0.026504513,-0.044664234,-0.016172216,0.002233749
762,36.0,6.0,6.438009917,-7.657776223,-1.42577902,0.404360069
763,-7.657776223,-1.42577902,0.404360069,1.621570652,0.094611094,-0.088627656
764,1.621570652,0.094611094,-0.088627656,-0.342750238,-0.024912677,0.003607395
765,-0.342750238,-0.024912677,0.003607395,0.072103236,-0.009412109,-0.003325808
766,0.072103236,-0.009412109,-0.003325808,-0.015580209,-0.003793123,-0.001943934
768,94.0,78.0,34.50521402,-20.94351576,-20.77310156,7.011230161
769,-20.94351576,-20.77310156,7.011230161,4.633539978,3.978032665,-1.396774786
770,4.633539978,3.978032665,-1.396774786,-1.019715636,-0.798247345,0.263806441
771,-1.019715636,-0.798247345,0.263806441,0.223281008,0.143870372,-0.055026107
772,0.223281008,0.143870372,-0.055026107,-0.049918353,-0.034701681,0.007865191
774,-16.0,31.0,-7.011050475,2.92297549,-8.397968873,2.590496536
775,2.92297549,-8.397968873,2.590496536,-0.52429769,1.669894566,-0.560247911
776,-0.52429769,1.669894566,-0.560247911,0.090747584,-0.376887502,0.109154619
777,0.090747584,-0.376887502,0.109154619,-0.015181274,0.06879574,-0.026854751
778,-0.015181274,0.06879574,-0.026854751,0.002319535,-0.021474856,0.003061097
780,-45.0,81.0,-18.07580153,8.234140735,-23.23650679,7.298553758
781,8.234140735,-23.23650679,7.298553758,-1.473476795,4.821242063,-1.564099467
782,-1.473476795,4.821242063,-1.564099467,0.254906368,-1.043011538,0.320300707
783,0.254906368,-1.043011538,0.320300707,-0.042239578,0.209338459,-0.071384835
784,-0.042239578,0.209338459,-0.071384835,0.006528855,-0.051738512,0.012055385
786,20.0,-14.0,8.398307998,-4.034037586,1.500000007,-2.150406005
787,-4.034037586,1.500000007,-2.150406005,0.831327004,-0.357813386,0.100446582
788,0.831327004,-0.357813386,0.100446582,-0.170778907,0.083868463,-0.023959113
789,-0.170778907,0.083868463,-0.023959113,0.03500273,-0.019404129,0.005605539
790,0.03500273,-0.019404129,0.005605539,-0.007315886,0.004542502,-0.001241732
792,35.0,-43.0,4.643813391,-6.81740853,1.500000013,-8.554532113
793,-6.81740853,1.500000013,-8.554532113,1.416550041,-0.389456456,0.10044115
794,1.416550041,-0.389456456,0.10044115,-0.293476132,0.097102952,-0.026076943
795,-0.293476132,0.097102952,-0.026076943,0.060679698,-0.023555761,0.00648994
796,0.060679698,-0.023555761,0.00648994,-0.012798744,0.005726159,-0.001507408
798,30.0,-59.0,2.908944436,-5.563576315,1.500000014,-11.96623667
799,-5.563576315,1.500000014,-11.96623667,1.152923125,-0.375202122,0.100443597
800,1.152923125,-0.375202122,0.100443597,-0.2382044,0.091141178,-0.025122919
801,-0.2382044,0.091141178,-0.025122919,0.049112929,-0.021685565,0.006091542
802,0.049112929,-0.021685565,0.006091542,-0.010328867,0.005192954,-0.001387728
804,-99.0,-2.0,-49.5,20.83580539,-0.747769727,-0.121827477
805,20.83580539,-0.747769727,-0.121827477,-4.372468918,0.392386368,-0.050037198
806,-4.372468918,0.392386368,-0.050037198,0.914974196,-0.131318403,0.026267457
807,0.914974196,-0.131318403,0.026267457,-0.191110471,0.037751962,-0.008775906
808,-0.191110471,0.037751962,-0.008775906,0.040729301,-0.01026993,0.002415868
810,32.0,39.0,13.10035043,-5.222547806,-7.104987531,4.618744273
811,-5.222547806,-7.104987531,4.618744273,0.541177835,0.045795396,0.022540911
812,0.541177835,0.045795396,0.022540911,-0.180943837,0.008683072,-0.411304582
813,-0.180943837,0.008683072,-0.411304582,-0.354077124,0.009876949,-0.341104204
814,-0.354077124,0.009876949,-0.341104204,-0.45723818,-0.018819415,-0.311936296
816,-85.0,50.0,-26.56346528,-72.19430148,-5.104915816,-45.0908733
817,-72.19430148,-5.104915816,-45.0908733,46.10522884,1.403847038,130.0103417
818,46.10522884,1.403847038,130.0103417,-5.066506169,-5.562984939,42.38265834
819,-5.066506169,-5.562984939,42.38265834,-2.326799796,4.100709026,22.60319098
820,-2.326799796,4.100709026,22.60319098,38.63099267,1.928218556,33.95492948
822,79.0,16.0,24.90164975,-16.83205898,-3.323219951,1.245773613
823,-16.83205898,-3.323219951,1.245773613,3.571979773,0.386745579,-0.216836874
824,3.571979773,0.386745579,-0.216836874,-0.756139592,-0.063495173,0.023181861
825,-0.756139592,-0.063495173,0.023181861,0.15954938,-0.006084817,-0.005905478
826,0.15954938,-0.006084817,-0.005905478,-0.034453977,-0.0034845,-0.001730982
828,24.0,52.0,9.620163437,-5.812970528,-13.94739361,4.544745342
829,-5.812970528,-13.94739361,4.544745342,1.375180308,2.72784929,-0.935382232
830,1.375180308,2.72784929,-0.935382232,-0.320538577,-0.575299429,0.180042093
831,-0.320538577,-0.575299429,0.180042093,0.073620667,0.105421666,-0.040118988
832,0.073620667,0.105421666,-0.040118988,-0.017229784,-0.028245737,0.005405029
834,-28.0,72.0,-10.60943209,4.803223286,-20.39289149,6.441592317
835,4.803223286,-20.39289149,6.441592317,-0.784196148,4.190621385,-1.371567913
836,-0.784196148,4.190621385,-1.371567913,0.117061745,-0.904036502,0.278048235
837,0.117061745,-0.904036502,0.278048235,-0.014789057,0.17883754,-0.062094515
838,-0.014789057,0.17883754,-0.062094515,0.000967477,-0.044919753,0.010103398
840,22.0,-47.0,2.692615442,-4.033976392,1.500000013,-9.318517222
841,-4.033976392,1.500000013,-9.318517222,0.831314137,-0.357812692,0.100446583
842,0.831314137,-0.357812692,0.100446583,-0.170776209,0.083868172,-0.023959067
843,-0.170776209,0.083868172,-0.023959067,0.035002165,-0.019404038,0.00560552
844,0.035002165,-0.019404038,0.00560552,-0.007315766,0.004542476,-0.001241726
846,38.0,-36.0,6.006442134,-7.536756204,1.500000013,-7.068061546
847,-7.536756204,1.500000013,-7.068061546,1.567797877,-0.397634442,0.100439746
848,1.567797877,-0.397634442,0.100439746,-0.325186588,0.100523336,-0.026624285
849,-0.325186588,0.100523336,-0.026624285,0.067315777,-0.024628729,0.006718509
850,0.067315777,-0.024628729,0.006718509,-0.01421576,0.006032069,-0.001576071
852,23.0,65.0,-1.102023785,-5.808491196,-17.75718024,5.77550009
853,-5.808491196,-17.75718024,5.77550009,1.417259647,3.521607879,-1.19304641
854,1.417259647,3.521607879,-1.19304641,-0.338304039,-0.739897068,0.233220602
855,-0.338304039,-0.739897068,0.233220602,0.079208177,0.13949066,-0.05111994
856,0.079208177,0.13949066,-0.05111994,-0.018825136,-0.035442084,0.007585515
858,86.0,86.0,32.81986268,-19.38911908,-23.22284316,7.773754602
859,-19.38911908,-23.22284316,7.773754602,4.334362205,4.505494159,-1.562559864
860,4.334362205,4.505494159,-1.562559864,-0.96273864,-0.911336577,0.299147039
861,-0.96273864,-0.911336577,0.299147039,0.212574424,0.168069843,-0.062583831
862,0.212574424,0.168069843,-0.062583831,-0.047881309,-0.039977829,0.009414255
864,12.0,29.0,1.068240352,-2.933944349,-7.525878658,2.406748347
865,-2.933944349,-7.525878658,2.406748347,0.697308806,1.421541242,-0.501196373
866,0.697308806,1.421541242,-0.501196373,-0.163323754,-0.311356515,0.092514741
867,-0.163323754,-0.311356515,0.092514741,0.037559553,0.052262164,-0.022474322
868,0.037559553,0.052262164,-0.022474322,-0.008850091,-0.017337614,0.002003001
870,-18.0,55.0,-8.01714221,-16.58931478,-136.2211991,-247.5461865
871,-16.58931478,-136.2211991,-247.5461865,57.70567612,15.36651295,-80.48454476
872,57.70567612,15.36651295,-80.48454476,-36.18167044,9.006850765,-9.250933238
873,-36.18167044,9.006850765,-9.250933238,7.722680168,-3.520046569,3.190652482
874,7.722680168,-3.520046569,3.190652482,-0.380649912,-0.37692115,-3.972966793
876,63.0,58.0,24.51906007,-14.10758452,-15.2532913,5.111103411
877,-14.10758452,-15.2532913,5.111103411,3.133902534,2.905990137,-1.023516393
878,3.133902534,2.905990137,-1.023516393,-0.692320647,-0.592463405,0.191918158
879,-0.692320647,-0.592463405,0.191918158,0.152056758,0.104870953,-0.041217407
880,0.152056758,0.104870953,-0.041217407,-0.03411697,-0.027242559,0.00537389
882,18.0,79.0,-76.89670834,92.43709843,-118.576753,185.1205707
883,92.43709843,-118.576753,185.1205707,-107.8617467,-157.4443039,-224.7022208
884,-107.8617467,-157.4443039,-224.7022208,1.125710193,2.174548488,67.53900687
885,1.125710193,2.174548488,67.53900687,29.82996988,1.355844534,-9.288872679
886,29.82996988,1.355844534,-9.288872679,1.115521874,6.979387296,8.284154145
888,-88.0,73.0,-32.9358308,17.40261177,-21.36884521,6.537441469
889,17.40261177,-21.36884521,6.537441469,-3.422300672,4.5364704,-1.437874944
890,-3.422300672,4.5364704,-1.437874944,0.667879394,-1.005943247,0.301219806
891,0.667879394,-1.005943247,0.301219806,-0.129581112,0.206320639,-0.068906288
892,-0.129581112,0.206320639,-0.068906288,0.025376488,-0.052112741,0.011862241
894,5.0,74.0,-18.89275962,-1.134663145,-20.65900635,2.282791632
895,-1.134663145,-20.65900635,2.282791632,0.291988169,3.087855124,-2.010801122
896,0.291988169,3.087855124,-2.010801122,-0.226819856,-0.619494998,0.218557435
897,-0.226819856,-0.619494998,0.218557435,-0.02217452,0.108483121,-0.116970522
898,-0.02217452,0.108483121,-0.116970522,-0.024537993,0.66584685,0.796058626
900,-66.0,2.0,-15.23952442,13.84851147,-1.317533771,0.143626769
901,13.84851147,-1.317533771,0.143626769,-2.897929281,0.40682484,-0.086418918
902,-2.897929281,0.40682484,-0.086418918,0.604619931,-0.12229335,0.026695381
903,0.604619931,-0.12229335,0.026695381,-0.125951446,0.03019983,-0.008505351
904,-0.125951446,0.03019983,-0.008505351,0.026749751,-0.009230272,0.001664329
906,-42.0,-76.0,-3.250875884,9.787037159,1.500000014,-15.08638511
907,9.787037159,1.500000014,-15.08638511,-2.074649782,-0.200686935,0.10047356
908,-2.074649782,-0.200686935,0.10047356,0.438485021,0.01815144,-0.013442844
909,0.438485021,0.01815144,-0.013442844,-0.092498529,0.001211166,0.00121397
910,-0.092498529,0.001211166,0.00121397,0.019909729,-0.001335052,7.75e-05
912,-33.0,87.0,-0.867940585,3.937321133,-24.95681052,1.956920388
913,3.937321133,-24.95681052,1.956920388,-231.1504321,16.73445726,-4.574623524
914,-231.1504321,16.73445726,-4.574623524,-194.9554326,-2.146106144,-18.19546004
915,-194.9554326,-2.146106144,-18.19546004,28.08111558,-0.111031073,0.650299485
916,28.08111558,-0.111031073,0.650299485,-7.779443933,-1.324107558,-0.022448851
918,63.0,7.0,5.189985254,-13.34739608,-1.358478109,0.477204145
919,-13.34739608,-1.358478109,0.477204145,2.817090925,0.015997827,-0.084012115
920,2.817090925,0.015997827,-0.084012115,-0.593244586,0.00502345,-0.001659544
921,-0.593244586,0.00502345,-0.001659544,0.124491601,-0.018494886,-0.001324873
922,0.124491601,-0.018494886,-0.001324873,-0.026759758,-0.001247748,-0.002525204
924,5.0,-74.0,0.39028549,-0.118206605,1.500000014,-15.01095525
925,-0.118206605,1.500000014,-15.01095525,0.007996392,-0.31329582,0.100454226
926,0.007996392,-0.31329582,0.100454226,0.001839693,0.065249306,-0.020979611
927,0.001839693,0.065249306,-0.020979611,-0.001121333,-0.013563338,0.004361306
928,-0.001121333,-0.013563338,0.004361306,0.000397762,0.002877255,-0.000867961
930,47.0,-22.0,11.98601861,-9.606083235,1.500000011,-4.117828749
931,-9.606083235,1.500000011,-4.117828749,2.002888232,-0.421159819,0.100435707
932,2.002888232,-0.421159819,0.100435707,-0.416407158,0.110362658,-0.028198808
933,-0.416407158,0.110362658,-0.028198808,0.086405595,-0.027715304,0.007376026
934,0.086405595,-0.027715304,0.007376026,-0.018292049,0.006912071,-0.00177359
936,0.0,7.0,0.0,-0.101739992,-2.04404645,0.503927504
937,-0.101739992,-2.04404645,0.503927504,0.039853373,0.309464242,-0.130528474
938,0.039853373,0.309464242,-0.130528474,-0.012582944,-0.087569736,0.018002633
939,-0.012582944,-0.087569736,0.018002633,0.003313091,0.007389252,-0.00751404
940,0.003313091,0.007389252,-0.00751404,-0.000956715,-0.008174219,-0.000868701
942,-97.0,85.0,46.84522982,19.10359981,-25.00708908,7.680205796
943,19.10359981,-25.00708908,7.680205796,-3.738884013,5.312607024,-1.684235267
944,-3.738884013,5.312607024,-1.684235267,0.725722628,-1.170942865,0.353222119
945,0.725722628,-1.170942865,0.353222119,-0.139899756,0.241329098,-0.079936437
946,-0.139899756,0.241329098,-0.079936437,0.027195836,-0.059692641,0.014102643
948,36.0,51.0,8.784212896,-8.320285836,-13.52056517,4.450152367
949,-8.320285836,-13.52056517,4.450152367,1.897542235,2.610468478,-0.906476243
950,1.897542235,2.610468478,-0.906476243,-0.429056472,-0.544955849,0.172175897
951,-0.429056472,-0.544955849,0.172175897,0.096120412,0.097869279,-0.038090709
952,0.096120412,0.097869279,-0.038090709,-0.021989107,-0.02637439,0.004921683
954,-74.0,-46.0,-9.864620928,16.13356369,1.500000013,-8.376253087
955,16.13356369,1.500000013,-8.376253087,-3.409050986,-0.128535729,0.100485948
956,-3.409050986,-0.128535729,0.100485948,0.718254124,-0.01202529,-0.008613858
957,0.718254124,-0.01202529,-0.008613858,-0.151046083,0.010677544,-0.000802604
958,-0.151046083,0.010677544,-0.000802604,0.032411513,-0.004033977,0.00068329
960,-84.0,71.0,-31.48045161,16.59346984,-20.7350226,6.34719583
961,16.59346984,-20.7350226,6.34719583,-3.259314966,4.39541511,-1.394966792
962,-3.259314966,4.39541511,-1.394966792,0.635194741,-0.974757389,0.291768995
963,0.635194741,-0.974757389,0.291768995,-0.123052325,0.199456763,-0.066821584
964,-0.123052325,0.199456763,-0.066821584,0.024049311,-0.05057377,0.011422959
966,-62.0,-18.0,-23.30756241,13.25462004,1.500000007,-2.403953001
967,13.25462004,1.500000007,-2.403953001,-2.803733124,-0.161265324,0.100480328
968,-2.803733124,-0.161265324,0.100480328,0.59134384,0.001663631,-0.010804407
969,0.59134384,0.001663631,-0.010804407,-0.124487444,0.006383357,0.000112164
970,-0.124487444,0.006383357,0.000112164,0.026740391,-0.002809677,0.000408491
972,-49.0,-8.0,-24.5,10.39363568,1.128167828,-0.542774433
973,10.39363568,1.128167828,-0.542774433,-2.198012586,-0.116461562,0.075573278
974,-2.198012586,-0.116461562,0.075573278,0.463477506,-0.000768042,-0.007802991
975,0.463477506,-0.000768042,-0.007802991,-0.097546201,0.005434442,-5.06e-05
976,-0.097546201,0.005434442,-5.06e-05,0.020948324,-0.002293791,0.000347767
978,-48.0,19.0,-4.749560808,9.827823714,-5.518216128,1.522987177
979,9.827823714,-5.518216128,1.522987177,-2.008634598,1.147363526,-0.365598001
980,-2.008634598,1.147363526,-0.365598001,0.408726984,-0.285098811,0.074143595
981,0.408726984,-0.285098811,0.074143595,-0.083143801,0.05330443,-0.020718227
982,-0.083143801,0.05330443,-0.020718227,0.017136686,-0.018965835,0.002069771
984,59.0,57.0,24.35251219,-13.25082895,-15.00666099,5.016464339
985,-13.25082895,-15.00666099,5.016464339,2.951005213,2.864253993,-1.006890785
986,2.951005213,2.864253993,-1.006890785,-0.653417019,-0.585757634,0.189180398
987,-0.653417019,-0.585757634,0.189180398,0.143803911,0.103810241,-0.040818565
988,0.143803911,0.103810241,-0.040818565,-0.03232832,-0.027085259,0.005301883
990,-71.0,80.0,-28.31120131,13.7166805,-23.23727274,7.203558832
991,13.7166805,-23.23727274,7.203558832,-2.62622805,4.883474975,-1.56426613
992,-2.62622805,4.883474975,-1.56426613,0.496591576,-1.069055987,0.324469866
993,0.496591576,-1.069055987,0.324469866,-0.092817606,0.217510203,-0.073125561
994,-0.092817606,0.217510203,-0.073125561,0.017329429,-0.054069286,0.012578336
996,-31.0,22.0,-2.609061049,6.210442346,-6.114016367,1.783234518
997,6.210442346,-6.114016367,1.783234518,-1.241325659,1.23066103,-0.405841064
998,-1.241325659,1.23066103,-0.405841064,0.246450785,-0.293699876,0.079725046
999,0.246450785,-0.293699876,0.079725046,-0.048889898,0.053247572,-0.021293502
1000,-0.048889898,0.053247572,-0.021293502,0.009759217,-0.018555362,0.002066126
1002,50.0,37.0,-51.74617395,-11.04550269,-9.336743486,3.13939414
1003,-11.04550269,-9.336743486,3.13939414,2.423281126,1.707276043,-0.623529744
1004,2.423281126,1.707276043,-0.623529744,-0.529449717,-0.351158228,0.111660179
1005,-0.529449717,-0.351158228,0.111660179,0.115071212,0.056381745,-0.025135497
1006,0.115071212,0.056381745,-0.025135497,-0.025593135,-0.017313038,0.002266628
1008,-66.0,40.0,79.54895888,13.29765702,-11.50734861,3.422374617
1009,13.29765702,-11.50734861,3.422374617,-2.670523256,2.43593739,-0.770670915
1010,-2.670523256,2.43593739,-0.770670915,0.533416497,-0.560583518,0.160480525
1011,0.533416497,-0.560583518,0.160480525,-0.106289465,0.112075244,-0.039134258
1012,-0.106289465,0.112075244,-0.039134258,0.021445215,-0.031758183,0.005830849
