,Unnamed: 0,Unnamed: 0.1,t,xi1,xi2,ui,xf1,xf2,uf
1,1,4,0.1,-5.210666418,-7.961239966,20.0,-5.871530207,-5.300376159,20.0
2,2,8,0.2,-5.871530207,-5.300376159,20.0,-6.279179327,-2.892727025,20.0
3,3,12,0.3,-6.279179327,-2.892727025,20.0,-6.457710338,-0.714196006,20.0
4,4,16,0.4,-6.457710338,-0.714196006,20.0,-6.518915113,-0.513248059,1.397431726
5,5,20,0.5,-6.518915113,-0.513248059,1.397431726,-6.567025239,-0.450008295,0.151296376
6,6,24,0.6,-6.567025239,-0.450008295,0.151296376,-6.598891061,-0.191613998,2.265284746
7,7,28,0.7,-6.598891061,-0.191613998,2.265284746,-6.599235865,0.178549555,3.698187489
8,8,32,0.8,-6.599235865,0.178549555,3.698187489,-6.56544078,0.49212674,3.473722709
9,9,36,0.9,-6.56544078,0.49212674,3.473722709,-6.525576775,0.308217992,-1.440447427
11,12,4,0.1,9.030081991,-5.961541565,-16.3557236,8.456869433,-5.510230196,-1.219011897
12,13,8,0.2,8.456869433,-5.510230196,-1.219011897,7.943003608,-4.779266981,2.170973908
13,14,12,0.3,7.943003608,-4.779266981,2.170973908,7.503353725,-4.026278397,3.133387008
14,15,16,0.4,7.503353725,-4.026278397,3.133387008,7.137690846,-3.299096861,3.615186568
15,16,20,0.5,7.137690846,-3.299096861,3.615186568,6.843199274,-2.602345175,4.022601139
16,17,24,0.6,6.843199274,-2.602345175,4.022601139,6.616980314,-1.93318483,4.429413852
17,18,28,0.7,6.616980314,-1.93318483,4.429413852,6.456169292,-1.293692048,4.786817602
18,19,32,0.8,6.456169292,-1.293692048,4.786817602,6.356105082,-0.71719877,4.764290682
19,20,36,0.9,6.356105082,-0.71719877,4.764290682,6.301128435,-0.387822857,2.743992661
21,23,4,0.1,-7.034115153,0.766871933,2.803135297,-6.985825635,0.208227616,-5.103547994
22,24,8,0.2,-6.985825635,0.208227616,-5.103547994,-6.985664538,-0.198232476,-4.062989955
23,25,12,0.3,-6.985664538,-0.198232476,-4.062989955,-7.017471055,-0.433969573,-2.675436138
24,26,16,0.4,-7.017471055,-0.433969573,-2.675436138,-7.065465809,-0.524418273,-1.384434538
25,27,20,0.5,-7.065465809,-0.524418273,-1.384434538,-7.113346113,-0.434683136,0.418548339
26,28,24,0.6,-7.113346113,-0.434683136,0.418548339,-7.145527242,-0.21263956,1.898624461
27,29,28,0.7,-7.145527242,-0.21263956,1.898624461,-7.145439453,0.207395923,4.201232725
28,30,32,0.8,-7.145439453,0.207395923,4.201232725,-7.108004881,0.53582264,3.65861289
29,31,36,0.9,-7.108004881,0.53582264,3.65861289,-7.064640565,0.334813273,-1.576450517
31,34,4,0.1,-1.879338121,-7.162301265,20.0,-2.46417284,-4.57746653,20.0
32,35,8,0.2,-2.46417284,-4.57746653,20.0,-2.803028013,-2.23861135,20.0
33,36,12,0.3,-2.803028013,-2.23861135,20.0,-2.935313879,-0.437125731,16.69199753
34,37,16,0.4,-2.935313879,-0.437125731,16.69199753,-2.983243696,-0.520088131,-1.308922167
35,38,20,0.5,-2.983243696,-0.520088131,-1.308922167,-3.031213091,-0.440623959,0.314947763
36,39,24,0.6,-3.031213091,-0.440623959,0.314947763,-3.063271991,-0.204488952,2.040761084
37,40,28,0.7,-3.063271991,-0.204488952,2.040761084,-3.063351899,0.19621353,4.006225734
38,41,32,0.8,-3.063351899,0.19621353,4.006225734,-3.040878499,0.25231952,0.785793894
39,42,36,0.9,-3.040878499,0.25231952,0.785793894,-3.020755611,0.151813071,-0.803835606
41,45,4,0.1,2.056481507,-1.424616738,-1.245297948,1.922065481,-1.26634126,0.238594524
42,46,8,0.2,1.922065481,-1.26634126,0.238594524,1.804463108,-1.088666946,0.600719418
43,47,12,0.3,1.804463108,-1.088666946,0.600719418,1.704414358,-0.915198721,0.734194743
44,48,16,0.4,1.704414358,-0.915198721,0.734194743,1.62131674,-0.749514569,0.825865342
45,49,20,0.5,1.62131674,-0.749514569,0.825865342,1.554415786,-0.591143602,0.914700128
46,50,24,0.6,1.554415786,-0.591143602,0.914700128,1.50302909,-0.439123552,1.006333539
47,51,28,0.7,1.50302909,-0.439123552,1.006333539,1.466500952,-0.293859863,1.087355517
48,52,32,0.8,1.466500952,-0.293859863,1.087355517,1.443771565,-0.16291002,1.082204551
49,53,36,0.9,1.443771565,-0.16291002,1.082204551,1.43128375,-0.088093018,0.623291872
51,56,4,0.1,4.440568412,-8.234685523,20.0,3.753682837,-5.547799942,20.0
52,57,8,0.2,3.753682837,-5.547799942,20.0,3.322488229,-3.11660539,19.99999944
53,58,12,0.3,3.322488229,-3.11660539,19.99999944,3.073501955,-1.883665658,9.839534577
54,59,16,0.4,3.073501955,-1.883665658,9.839534577,2.910014105,-1.394246962,3.259308462
55,60,20,0.5,2.910014105,-1.394246962,3.259308462,2.787061402,-1.070206852,2.010874083
56,61,24,0.6,2.787061402,-1.070206852,2.010874083,2.69431851,-0.789331467,1.88132492
57,62,28,0.7,2.69431851,-0.789331467,1.88132492,2.628710333,-0.52720021,1.965230803
58,63,32,0.8,2.628710333,-0.52720021,1.965230803,2.587940554,-0.292112833,1.943175976
59,64,36,0.9,2.587940554,-0.292112833,1.943175976,2.565549591,-0.157942225,1.117796457
61,67,4,0.1,-3.512662094,0.770024601,3.307421465,-3.464437441,0.203902257,-5.17897691
62,68,8,0.2,-3.464437441,0.203902257,-5.17897691,-3.464187352,-0.192298233,-3.959504004
63,69,12,0.3,-3.464187352,-0.192298233,-3.959504004,-3.496115964,-0.442111162,-2.817415414
64,70,16,0.4,-3.496115964,-0.442111162,-2.817415414,-3.543943208,-0.513248289,-1.189643711
65,71,20,0.5,-3.543943208,-0.513248289,-1.189643711,-3.59205333,-0.450007986,0.151301807
66,72,24,0.6,-3.59205333,-0.450007986,0.151301807,-3.623919156,-0.191614382,2.265277775
67,73,28,0.7,-3.623919156,-0.191614382,2.265277775,-3.624263953,0.178550065,3.69819651
68,74,32,0.8,-3.624263953,0.178550065,3.69819651,-3.600884382,0.28723033,1.32059836
69,75,36,0.9,-3.600884382,0.28723033,1.32059836,-3.577842062,0.175478287,-0.887097233
71,78,4,0.1,0.766168172,-0.693098758,6.484883685,0.707535897,-0.483047019,1.514194646
72,79,8,0.2,0.707535897,-0.483047019,1.514194646,0.663177668,-0.40541127,0.332775204
73,80,12,0.3,0.663177668,-0.40541127,0.332775204,0.621294433,-0.431813467,-0.682854323
74,81,16,0.4,0.621294433,-0.431813467,-0.682854323,0.57325531,-0.527376536,-1.436021916
75,82,20,0.5,0.57325531,-0.527376536,-1.436021916,0.525435869,-0.430624557,0.489325372
76,83,24,0.6,0.525435869,-0.430624557,0.489325372,0.493171221,-0.218208084,1.801518253
77,84,28,0.7,0.493171221,-0.218208084,1.801518253,0.47679298,-0.111140888,0.90688955
78,85,32,0.8,0.47679298,-0.111140888,0.90688955,0.468469054,-0.056252302,0.465646598
79,86,36,0.9,0.468469054,-0.056252302,0.465646598,0.464186241,-0.029844018,0.221254708
81,89,4,0.1,0.572574304,-6.499679888,20.0,0.050796345,-3.977901918,20.0
82,90,8,0.2,0.050796345,-3.977901918,20.0,-0.231002712,-1.696102873,19.99999988
83,91,12,0.3,-0.231002712,-1.696102873,19.99999988,-0.336868603,-0.442111335,11.48125646
84,92,16,0.4,-0.336868603,-0.442111335,11.48125646,-0.384695846,-0.513248102,-1.189640099
85,93,20,0.5,-0.384695846,-0.513248102,-1.189640099,-0.432805973,-0.45000826,0.151297158
86,94,24,0.6,-0.432805973,-0.45000826,0.151297158,-0.464671796,-0.191614063,2.265283734
87,95,28,0.7,-0.464671796,-0.191614063,2.265283734,-0.472779491,0.025836607,2.093429753
88,96,32,0.8,-0.472779491,0.025836607,2.093429753,-0.469577279,0.038004858,0.153704627
89,97,36,0.9,-0.469577279,0.038004858,0.153704627,-0.466535112,0.023087074,-0.118756165
91,100,4,0.1,-4.906634739,-4.421252809,20.0,-5.230624211,-2.097263326,20.0
92,101,8,0.2,-5.230624211,-2.097263326,20.0,-5.343658512,-0.1951198,17.89109225
93,102,12,0.3,-5.343658512,-0.1951198,17.89109225,-5.375529071,-0.438240061,-2.749908204
94,103,16,0.4,-5.375529071,-0.438240061,-2.749908204,-5.423435961,-0.518559309,-1.282261373
95,104,20,0.5,-5.423435961,-0.518559309,-1.282261373,-5.471436811,-0.442721441,0.278370183
96,105,24,0.6,-5.471436811,-0.442721441,0.278370183,-5.503452555,-0.201611278,2.090944186
97,106,28,0.7,-5.503452555,-0.201611278,2.090944186,-5.503591669,0.192265485,3.937376486
98,107,32,0.8,-5.503591669,0.192265485,3.937376486,-5.472811244,0.419555482,2.58070422
99,108,36,0.9,-5.472811244,0.419555482,2.58070422,-5.438946623,0.260389269,-1.253015917
101,111,4,0.1,-7.190062253,-11.6203618,20.0,-8.199137523,-8.611286507,20.0
102,112,8,0.2,-8.199137523,-8.611286507,20.0,-8.92186142,-5.888562593,20.0
103,113,12,0.3,-8.92186142,-5.888562593,20.0,-9.385483879,-3.424940118,20.0
104,114,16,0.4,-9.385483879,-3.424940118,20.0,-9.614661662,-1.195762324,20.0
105,115,20,0.5,-9.614661662,-1.195762324,20.0,-9.694969497,-0.423267155,6.921873337
106,116,24,0.6,-9.694969497,-0.423267155,6.921873337,-9.727385506,-0.228301896,1.625492507
107,117,28,0.7,-9.727385506,-0.228301896,1.625492507,-9.727863661,0.211411451,4.392351911
108,118,32,0.8,-9.727863661,0.211411451,4.392351911,-9.681147488,0.714528136,5.498328586
109,119,36,0.9,-9.681147488,0.714528136,5.498328586,-9.623123829,0.450347312,-2.061571655
111,122,4,0.1,-10.03214411,-6.198090353,20.0,-10.52522203,-3.705012416,20.0
112,123,8,0.2,-10.52522203,-3.705012416,20.0,-10.78105222,-1.449182216,20.0
113,124,12,0.3,-10.78105222,-1.449182216,20.0,-10.87436393,-0.433969505,9.21900994
114,125,16,0.4,-10.87436393,-0.433969505,9.21900994,-10.92235869,-0.524418359,-1.384436081
115,126,20,0.5,-10.92235869,-0.524418359,-1.384436081,-10.97023899,-0.434683026,0.418550306
116,127,24,0.6,-10.97023899,-0.434683026,0.418550306,-11.00242012,-0.212639701,1.898621934
117,128,28,0.7,-11.00242012,-0.212639701,1.898621934,-11.00233233,0.207396057,4.201235472
118,129,32,0.8,-11.00233233,0.207396057,4.201235472,-10.9547573,0.735307482,5.754864555
119,130,36,0.9,-10.9547573,0.735307482,5.754864555,-10.89408291,0.482394955,-1.922381311
121,133,4,0.1,1.408839059,-1.034025003,1.364579168,1.313463972,-0.876108232,0.625416853
122,134,8,0.2,1.313463972,-0.876108232,0.625416853,1.232520511,-0.744946659,0.502181113
123,135,12,0.3,1.232520511,-0.744946659,0.502181113,1.164012454,-0.62717698,0.492616221
124,136,16,0.4,1.164012454,-0.62717698,0.492616221,1.106367851,-0.527378126,0.421542503
125,137,20,0.5,1.106367851,-0.527378126,0.421542503,1.058548356,-0.430624068,0.489345633
126,138,24,0.6,1.058548356,-0.430624068,0.489345633,1.021899585,-0.30445384,0.895214568
127,139,28,0.7,1.021899585,-0.30445384,0.895214568,0.996714898,-0.200964423,0.783047308
128,140,32,0.8,0.996714898,-0.200964423,0.783047308,0.981192443,-0.110984099,0.744578692
129,141,36,0.9,0.981192443,-0.110984099,0.744578692,0.972687315,-0.059968583,0.425103874
131,144,4,0.1,-9.831453344,-9.812797098,20.0,-10.66851609,-6.975734333,20.0
132,145,8,0.2,-10.66851609,-6.975734333,20.0,-11.23559662,-4.408653787,20.0
133,146,12,0.3,-11.23559662,-4.408653787,20.0,-11.55838713,-2.085863257,20.0
134,147,16,0.4,-11.55838713,-2.085863257,20.0,-11.68703242,-0.513248238,14.43969738
135,148,20,0.5,-11.68703242,-0.513248238,14.43969738,-11.73514254,-0.450008048,0.151300666
136,149,24,0.6,-11.73514254,-0.450008048,0.151300666,-11.76700836,-0.191614297,2.265279257
137,150,28,0.7,-11.76700836,-0.191614297,2.265279257,-11.76735316,0.17854997,3.698194702
138,151,32,0.8,-11.76735316,0.17854997,3.698194702,-11.71953504,0.767990119,6.372582709
139,152,36,0.9,-11.71953504,0.767990119,6.372582709,-11.65589399,0.509144153,-1.952049206
141,155,4,0.1,-0.148567441,-1.649239212,19.99999989,-0.239557295,-0.194794574,13.63454784
142,156,8,0.2,-0.239557295,-0.194794574,13.63454784,-0.258909856,-0.192298251,-0.168562378
143,157,12,0.3,-0.258909856,-0.192298251,-0.168562378,-0.29083847,-0.442111174,-2.817415373
144,158,16,0.4,-0.29083847,-0.442111174,-2.817415373,-0.338665715,-0.513248295,-1.189643659
145,159,20,0.5,-0.338665715,-0.513248295,-1.189643659,-0.386775838,-0.450008005,0.151301665
146,160,24,0.6,-0.386775838,-0.450008005,0.151301665,-0.418641666,-0.191614386,2.265277918
147,161,28,0.7,-0.418641666,-0.191614386,2.265277918,-0.427071092,0.019507745,2.026927052
148,162,32,0.8,-0.427071092,0.019507745,2.026927052,-0.424407853,0.033523472,0.16678965
149,163,36,0.9,-0.424407853,0.033523472,0.16678965,-0.421714501,0.020559603,-0.102705166
151,166,4,0.1,-9.966425222,-10.49035688,20.0,-10.86796631,-7.588815777,20.0
152,167,8,0.2,-10.86796631,-7.588815777,20.0,-11.49338925,-4.963392818,20.0
153,168,12,0.3,-11.49338925,-4.963392818,20.0,-11.86897016,-2.587811889,20.0
154,169,16,0.4,-11.86897016,-2.587811889,20.0,-12.02240186,-0.515357245,19.19022945
155,170,20,0.5,-12.02240186,-0.515357245,19.19022945,-12.07046859,-0.44711456,0.20175954
156,171,24,0.6,-12.07046859,-0.44711456,0.20175954,-12.10239395,-0.195584063,2.196051394
157,172,28,0.7,-12.10239395,-0.195584063,2.196051394,-12.10265707,0.183996357,3.793172997
158,173,32,0.8,-12.10265707,0.183996357,3.793172997,-12.05464214,0.766593826,6.306123947
159,174,36,0.9,-12.05464214,0.766593826,6.306123947,-11.99077071,0.515026871,-1.876955238
161,177,4,0.1,2.941619294,-9.825789885,20.0,2.103320121,-6.987490696,20.0
162,178,8,0.2,2.103320121,-6.987490696,20.0,1.535120826,-4.419291392,20.0
163,179,12,0.3,1.535120826,-4.419291392,20.0,1.211318006,-2.095488598,19.99999975
164,180,16,0.4,1.211318006,-2.095488598,19.99999975,1.067775772,-0.796994047,11.54952317
165,181,20,0.5,1.067775772,-0.796994047,11.54952317,1.005904815,-0.446269536,2.88853553
166,182,24,0.6,1.005904815,-0.446269536,2.88853553,0.968893035,-0.296462427,1.127953294
167,183,28,0.7,0.968893035,-0.296462427,1.127953294,0.944552405,-0.192089422,0.800323761
168,184,32,0.8,0.944552405,-0.192089422,0.800323761,0.929743972,-0.105521806,0.717591825
169,185,36,0.9,0.929743972,-0.105521806,0.717591825,0.921660505,-0.056956806,0.404815332
171,188,4,0.1,-3.779954593,0.769721757,6.365230854,-3.73172371,0.204317749,-5.171731245
172,189,8,0.2,-3.73172371,0.204317749,-5.171731245,-3.731482169,-0.192868272,-3.969444803
173,190,12,0.3,-3.731482169,-0.192868272,-3.969444803,-3.763399053,-0.441329086,-2.803776979
174,191,16,0.4,-3.763399053,-0.441329086,-2.803776979,-3.811242388,-0.51432127,-1.208355185
175,192,20,0.5,-3.811242388,-0.51432127,-1.208355185,-3.859330434,-0.448535892,0.176973323
176,193,24,0.6,-3.859330434,-0.448535892,0.176973323,-3.891226548,-0.193634046,2.230057319
177,194,28,0.7,-3.891226548,-0.193634046,2.230057319,-3.891529791,0.181320979,3.74651782
178,195,32,0.8,-3.891529791,0.181320979,3.74651782,-3.867048596,0.30622159,1.493818056
179,196,36,0.9,-3.867048596,0.30622159,1.493818056,-3.842455485,0.187617039,-0.940114405
181,199,4,0.1,5.004986804,-2.777303079,-19.99999956,4.717771146,-2.963900636,-4.738132154
182,200,8,0.2,4.717771146,-2.963900636,-4.738132154,4.4374923,-2.646957794,0.366639954
183,201,12,0.3,4.4374923,-2.646957794,0.366639954,4.193217575,-2.245231018,1.574520522
184,202,16,0.4,4.193217575,-2.245231018,1.574520522,3.989151252,-1.8428015,1.983631938
185,203,20,0.5,3.989151252,-1.8428015,1.983631938,3.824623834,-1.454222096,2.240519869
186,204,24,0.6,3.824623834,-1.454222096,2.240519869,3.698203968,-1.080404484,2.473977459
187,205,28,0.7,3.698203968,-1.080404484,2.473977459,3.608329984,-0.723030435,2.675000646
188,206,32,0.8,3.608329984,-0.723030435,2.675000646,3.552405019,-0.400837841,2.662676292
189,207,36,0.9,3.552405019,-0.400837841,2.662676292,3.521678903,-0.216752076,1.533596488
191,210,4,0.1,-1.989631313,-13.94813732,20.0,-3.220223713,-10.71754491,20.0
192,211,8,0.2,-3.220223713,-10.71754491,20.0,-4.143384597,-7.794384004,20.0
193,212,12,0.3,-4.143384597,-7.794384004,20.0,-4.788369942,-5.149398643,20.0
194,213,16,0.4,-4.788369942,-5.149398643,20.0,-5.181651651,-2.756116921,20.0
195,214,20,0.5,-5.181651651,-2.756116921,20.0,-5.347182493,-0.590586083,19.99999996
196,215,24,0.6,-5.347182493,-0.590586083,19.99999996,-5.385550638,-0.183559464,3.68658474
197,216,28,0.7,-5.385550638,-0.183559464,3.68658474,-5.386061161,0.167498999,3.505479398
198,217,32,0.8,-5.386061161,0.167498999,3.505479398,-5.357175129,0.406243243,2.676302772
199,218,36,0.9,-5.357175129,0.406243243,2.676302772,-5.324328678,0.253235465,-1.201613284
201,221,4,0.1,2.434487579,-1.884986205,5.877050736,2.26387723,-1.533084808,1.812910489
202,222,8,0.2,2.26387723,-1.533084808,1.812910489,2.122949687,-1.289524722,1.026325428
203,223,12,0.3,2.122949687,-1.289524722,1.026325428,2.004735181,-1.078285451,0.930247656
204,224,16,0.4,2.004735181,-1.078285451,0.930247656,1.906888803,-0.881914417,0.985246559
205,225,20,0.5,1.906888803,-0.881914417,0.985246559,1.828181687,-0.695337003,1.078702978
206,226,24,0.6,1.828181687,-0.695337003,1.078702978,1.767739962,-0.516477995,1.184172829
207,227,28,0.7,1.767739962,-0.516477995,1.184172829,1.724777561,-0.345617221,1.278983738
208,228,32,0.8,1.724777561,-0.345617221,1.278983738,1.698044923,-0.191602036,1.272825459
209,229,36,0.9,1.698044923,-0.191602036,1.272825459,1.683357738,-0.103607983,0.73306869
211,232,4,0.1,-2.971433607,-4.181482257,20.0,-3.272605894,-1.880309962,20.0
212,233,8,0.2,-3.272605894,-1.880309962,20.0,-3.374829858,-0.192298167,15.8578783
213,234,12,0.3,-3.374829858,-0.192298167,15.8578783,-3.406758472,-0.442111251,-2.817416974
214,235,16,0.4,-3.406758472,-0.442111251,-2.817416974,-3.454585714,-0.513248168,-1.189641587
215,236,20,0.5,-3.454585714,-0.513248168,-1.189641587,-3.502695838,-0.450008152,0.151298908
216,237,24,0.6,-3.502695838,-0.450008152,0.151298908,-3.534561661,-0.191614156,2.265281732
217,238,28,0.7,-3.534561661,-0.191614156,2.265281732,-3.534906463,0.178549754,3.698191085
218,239,32,0.8,-3.534906463,0.178549754,3.698191085,-3.511839756,0.281075907,1.255928602
219,240,36,0.9,-3.511839756,0.281075907,1.255928602,-3.489302704,0.171491237,-0.870476184
221,243,4,0.1,6.061566867,-9.659090123,20.0,5.239131272,-6.83665452,20.0
222,244,8,0.2,5.239131272,-6.83665452,20.0,4.685285936,-4.282809211,19.99999972
223,245,12,0.3,4.685285936,-4.282809211,19.99999972,4.340703658,-2.636274026,13.01952908
224,246,16,0.4,4.340703658,-2.636274026,13.01952908,4.111214556,-1.964699069,4.42085854
225,247,20,0.5,4.111214556,-1.964699069,4.42085854,3.937806743,-1.511017287,2.802739695
226,248,24,0.6,3.937806743,-1.511017287,2.802739695,3.806834228,-1.11503167,2.650131025
227,249,28,0.7,3.806834228,-1.11503167,2.650131025,3.714148942,-0.744842841,2.775035422
228,250,32,0.8,3.714148942,-0.744842841,2.775035422,3.656547463,-0.412721166,2.745201967
229,251,36,0.9,3.656547463,-0.412721166,2.745201967,3.624911572,-0.223155565,1.579297096
231,254,4,0.1,-1.821083355,-4.551832762,20.0,-2.157499152,-2.215416958,20.0
232,255,8,0.2,-2.157499152,-2.215416958,20.0,-2.276199256,-0.192298155,19.04418699
233,256,12,0.3,-2.276199256,-0.192298155,19.04418699,-2.30812787,-0.442111275,-2.81741735
234,257,16,0.4,-2.30812787,-0.442111275,-2.81741735,-2.355955112,-0.513248135,-1.189641009
235,258,20,0.5,-2.355955112,-0.513248135,-1.189641009,-2.404065238,-0.450008204,0.151298047
236,259,24,0.6,-2.404065238,-0.450008204,0.151298047,-2.43593106,-0.191614086,2.265282959
237,260,28,0.7,-2.43593106,-0.191614086,2.265282959,-2.436275865,0.178549622,3.698189031
238,261,32,0.8,-2.436275865,0.178549622,3.698189031,-2.417055533,0.205409413,0.460801229
239,262,36,0.9,-2.417055533,0.205409413,0.460801229,-2.400730585,0.122471618,-0.666128466
241,265,4,0.1,9.107240345,-6.290654795,-6.193974122,8.513032822,-5.604922636,0.915246363
242,266,8,0.2,8.513032822,-5.604922636,0.915246363,7.992382142,-4.821151644,2.631203115
243,267,12,0.3,7.992382142,-4.821151644,2.631203115,7.549290096,-4.05348164,3.245779577
244,268,16,0.4,7.549290096,-4.05348164,3.245779577,7.181239273,-3.319761441,3.656693771
245,269,20,0.5,7.181239273,-3.319761441,3.656693771,6.884919474,-2.618323232,4.051184092
246,270,24,0.6,6.884919474,-2.618323232,4.051184092,6.657314708,-1.944992397,4.457260697
247,271,28,0.7,6.657314708,-1.944992397,4.457260697,6.495522046,-1.301582563,4.816171713
248,272,32,0.8,6.495522046,-1.301582563,4.816171713,6.394847609,-0.721571413,4.793367138
249,273,36,0.9,6.394847609,-0.721571413,4.793367138,6.339535788,-0.390187165,2.760724258
251,276,4,0.1,1.322060278,-3.578646173,20.0,1.078255409,-1.33484171,19.99999594
252,277,8,0.2,1.078255409,-1.33484171,19.99999594,0.976232205,-0.715935763,5.168827429
253,278,12,0.3,0.976232205,-0.715935763,5.168827429,0.913858022,-0.534570159,1.189914204
254,279,16,0.4,0.913858022,-0.534570159,1.189914204,0.860766673,-0.527376677,-0.45897866
255,280,20,0.5,0.860766673,-0.527376677,-0.45897866,0.812947233,-0.430624406,0.4893283
256,281,24,0.6,0.812947233,-0.430624406,0.4893283,0.778909416,-0.253090337,1.434962518
257,282,28,0.7,0.778909416,-0.253090337,1.434962518,0.758466918,-0.157354939,0.752929011
258,283,32,0.8,0.758466918,-0.157354939,0.752929011,0.746389734,-0.085387998,0.598897566
259,284,36,0.9,0.746389734,-0.085387998,0.598897566,0.739854396,-0.045975527,0.328771329
261,287,4,0.1,8.854694515,-6.512745761,8.662388608,8.254018388,-5.517363711,3.947059229
262,288,8,0.2,8.254018388,-5.517363711,3.947059229,7.744392748,-4.688953616,3.187844563
263,289,12,0.3,7.744392748,-4.688953616,3.187844563,7.314036009,-3.930814703,3.277821738
264,290,16,0.4,7.314036009,-3.930814703,3.277821738,6.957241181,-3.216977171,3.570427033
265,291,20,0.5,6.957241181,-3.216977171,3.570427033,6.670119246,-2.536795996,3.930592399
266,292,24,0.6,6.670119246,-2.536795996,3.930592399,6.449605952,-1.884342297,4.31940406
267,293,28,0.7,6.449605952,-1.884342297,4.31940406,6.29285923,-1.2609798,4.666157743
268,294,32,0.8,6.29285923,-1.2609798,4.666157743,6.195325448,-0.699059605,4.643864137
269,295,36,0.9,6.195325448,-0.699059605,4.643864137,6.141739275,-0.378013724,2.674597077
271,298,4,0.1,0.207679273,-12.19951369,20.0,-0.856509587,-9.135324808,20.0
272,299,8,0.2,-0.856509587,-9.135324808,20.0,-1.629102321,-6.362732057,20.0
273,300,12,0.3,-1.629102321,-6.362732057,20.0,-2.13784797,-3.853986395,20.0
274,301,16,0.4,-2.13784797,-3.853986395,20.0,-2.407854906,-1.583979461,19.99999999
275,302,20,0.5,-2.407854906,-1.583979461,19.99999999,-2.50783049,-0.434683954,10.49319923
276,303,24,0.6,-2.50783049,-0.434683954,10.49319923,-2.540011603,-0.212638439,1.898644016
277,304,28,0.7,-2.540011603,-0.212638439,1.898644016,-2.53992384,0.207394313,4.201205154
278,305,32,0.8,-2.53992384,0.207394313,4.201205154,-2.518613534,0.218624666,0.32540659
279,306,36,0.9,-2.518613534,0.218624666,0.32540659,-2.501290685,0.12932047,-0.719813469
281,309,4,0.1,4.659217815,-3.308611974,0.176900288,4.34999628,-2.882912528,1.164779111
282,310,8,0.2,4.34999628,-2.882912528,1.164779111,4.082856495,-2.466816954,1.489557886
283,311,12,0.3,4.082856495,-2.466816954,1.489557886,3.856274989,-2.071402304,1.688331446
284,312,16,0.4,3.856274989,-2.071402304,1.688331446,3.668221257,-1.695929177,1.87419395
285,313,20,0.5,3.668221257,-1.695929177,1.87419395,3.516849027,-1.337488442,2.070685046
286,314,24,0.6,3.516849027,-1.337488442,2.070685046,3.400585283,-0.993518318,2.277063799
287,315,28,0.7,3.400585283,-0.993518318,2.277063799,3.317940427,-0.664855598,2.460178641
288,316,32,0.8,3.317940427,-0.664855598,2.460178641,3.266515394,-0.368582132,2.448484331
289,317,36,0.9,3.266515394,-0.368582132,2.448484331,3.238261854,-0.199309419,1.410191724
291,320,4,0.1,1.191815443,-13.87597429,20.0,-0.031909737,-10.6522491,20.0
292,321,8,0.2,-0.031909737,-10.6522491,20.0,-0.948856903,-7.735301912,20.0
293,322,12,0.3,-0.948856903,-7.735301912,20.0,-1.588219844,-5.095938957,20.0
294,323,16,0.4,-1.588219844,-5.095938957,20.0,-1.976414191,-2.707744601,20.0
295,324,20,0.5,-1.976414191,-2.707744601,20.0,-2.1373418,-0.546817037,19.99999956
296,325,24,0.6,-2.1373418,-0.546817037,19.99999956,-2.17355796,-0.183559447,3.2704143
297,326,28,0.7,-2.17355796,-0.183559447,3.2704143,-2.174068491,0.167498834,3.505477495
298,327,32,0.8,-2.174068491,0.167498834,3.505477495,-2.156427837,0.185022239,0.351640592
299,328,36,0.9,-2.156427837,0.185022239,0.351640592,-2.141743294,0.109920112,-0.604175845
301,331,4,0.1,0.31199614,-2.214731106,19.99999993,0.17764854,-0.500781969,15.79601536
302,332,8,0.2,0.17764854,-0.500781969,15.79601536,0.142877563,-0.19965551,2.663554823
303,333,12,0.3,0.142877563,-0.19965551,2.663554823,0.111100185,-0.432019949,-2.641418167
304,334,16,0.4,0.111100185,-0.432019949,-2.641418167,0.063065317,-0.527093119,-1.431080384
305,335,20,0.5,0.063065317,-0.527093119,-1.431080384,0.015240044,-0.431013397,0.482544492
306,336,24,0.6,0.015240044,-0.431013397,0.482544492,-0.017016591,-0.217674363,1.81082399
307,337,28,0.7,-0.017016591,-0.217674363,1.81082399,-0.029797404,-0.040887859,1.640056906
308,338,32,0.8,-0.029797404,-0.040887859,1.640056906,-0.032141276,-0.006561582,0.319824055
309,339,36,0.9,-0.032141276,-0.006561582,0.319824055,-0.032556575,-0.001823365,0.043229175
311,342,4,0.1,-1.130600891,0.644188535,8.260512216,-1.088563199,0.203902197,-3.982486452
312,343,8,0.2,-1.088563199,0.203902197,-3.982486452,-1.088313109,-0.192298158,-3.959502655
313,344,12,0.3,-1.088313109,-0.192298158,-3.959502655,-1.120241724,-0.442111287,-2.81741744
314,345,16,0.4,-1.120241724,-0.442111287,-2.81741744,-1.168068965,-0.513248124,-1.189640778
315,346,20,0.5,-1.168068965,-0.513248124,-1.189640778,-1.216179092,-0.450008232,0.151297648
316,347,24,0.6,-1.216179092,-0.450008232,0.151297648,-1.248044914,-0.191614057,2.265283538
317,348,28,0.7,-1.248044914,-0.191614057,2.265283538,-1.250677479,0.133544339,3.225258298
318,349,32,0.8,-1.250677479,0.133544339,3.225258298,-1.238302721,0.114271986,-0.068975945
319,350,36,0.9,-1.238302721,0.114271986,-0.068975945,-1.229324194,0.066101271,-0.391921881
321,353,4,0.1,3.794425486,-5.652756466,20.0,3.353242942,-3.211574004,19.99999919
322,354,8,0.2,3.353242942,-3.211574004,19.99999919,3.089896258,-2.074310915,8.739164042
323,355,12,0.3,3.089896258,-2.074310915,8.739164042,2.906338727,-1.604665813,2.86087571
324,356,16,0.4,2.906338727,-1.604665813,2.86087571,2.762064697,-1.28612296,1.742688221
325,357,20,0.5,2.762064697,-1.28612296,1.742688221,2.647549334,-1.008805481,1.628021168
326,358,24,0.6,2.647549334,-1.008805481,1.628021168,2.559910636,-0.748309356,1.72857427
327,359,28,0.7,2.559910636,-0.748309356,1.72857427,2.497672898,-0.500573648,1.854979696
328,360,32,0.8,2.497672898,-0.500573648,1.854979696,2.458956174,-0.277478457,1.843784673
329,361,36,0.9,2.458956174,-0.277478457,1.843784673,2.437686314,-0.150042324,1.061662733
331,364,4,0.1,7.798349402,-1.661432362,-20.0,7.543494849,-3.406577785,-19.99999975
332,365,8,0.2,7.543494849,-3.406577785,-19.99999975,7.172687974,-3.999676405,-9.639054965
333,366,12,0.3,7.172687974,-3.999676405,-9.639054965,6.794085629,-3.579374347,0.41699714
334,367,16,0.4,6.794085629,-3.579374347,0.41699714,6.466864658,-2.975114409,2.770389665
335,368,20,0.5,6.466864658,-2.975114409,2.770389665,6.200867787,-2.355153958,3.539635799
336,369,24,0.6,6.200867787,-2.355153958,3.539635799,5.996055137,-1.75116386,3.991774483
337,370,28,0.7,5.996055137,-1.75116386,3.991774483,5.850370739,-1.172172358,4.333071038
338,371,32,0.8,5.850370739,-1.172172358,4.333071038,5.759703548,-0.649874971,4.31630196
339,372,36,0.9,5.759703548,-0.649874971,4.31630196,5.709887343,-0.351422497,2.48636269
341,375,4,0.1,-1.892816838,-3.899297147,20.0,-2.167135662,-1.62497832,20.0
342,376,8,0.2,-2.167135662,-1.62497832,20.0,-2.256805783,-0.192298139,13.43010059
343,377,12,0.3,-2.256805783,-0.192298139,13.43010059,-2.288734398,-0.442111294,-2.817417697
344,378,16,0.4,-2.288734398,-0.442111294,-2.817417697,-2.336561639,-0.513248111,-1.189640577
345,379,20,0.5,-2.336561639,-0.513248111,-1.189640577,-2.384671765,-0.450008235,0.151297493
346,380,24,0.6,-2.384671765,-0.450008235,0.151297493,-2.416537587,-0.191614047,2.26528367
347,381,28,0.7,-2.416537587,-0.191614047,2.26528367,-2.416882393,0.178549566,3.69818807
348,382,32,0.8,-2.416882393,0.178549566,3.69818807,-2.397729962,0.204073706,0.446765708
349,383,36,0.9,-2.397729962,0.204073706,0.446765708,-2.381514673,0.1216063,-0.662521174
351,386,4,0.1,6.43515856,-4.596664325,1.241177814,6.006514263,-3.986391127,1.816289018
352,387,8,0.2,6.006514263,-3.986391127,1.816289018,5.637317901,-3.407187908,2.100068564
353,388,12,0.3,5.637317901,-3.407187908,2.100068564,5.324401401,-2.860256095,2.340153128
354,389,16,0.4,5.324401401,-2.860256095,2.340153128,5.064739036,-2.341633472,2.589602588
355,390,20,0.5,5.064739036,-2.341633472,2.589602588,4.855735272,-1.846689494,2.859402134
356,391,24,0.6,4.855735272,-1.846689494,2.859402134,4.695208558,-1.371758977,3.144038035
357,392,28,0.7,4.695208558,-1.371758977,3.144038035,4.581100176,-0.917970547,3.396800479
358,393,32,0.8,4.581100176,-0.917970547,3.396800479,4.5100973,-0.508903631,3.380640396
359,394,36,0.9,4.5100973,-0.508903631,3.380640396,4.471087463,-0.275187726,1.947060682
361,397,4,0.1,-10.83673408,-9.873408027,20.0,-11.67956472,-7.03057737,20.0
362,398,8,0.2,-11.67956472,-7.03057737,20.0,-12.25186425,-4.458277819,20.0
363,399,12,0.3,-12.25186425,-4.458277819,20.0,-12.57937712,-2.130764937,20.0
364,400,16,0.4,-12.57937712,-2.130764937,20.0,-12.71023007,-0.513248156,14.86663833
365,401,20,0.5,-12.71023007,-0.513248156,14.86663833,-12.75834019,-0.45000816,0.151298708
366,402,24,0.6,-12.75834019,-0.45000816,0.151298708,-12.79020601,-0.191614143,2.26528195
367,403,28,0.7,-12.79020601,-0.191614143,2.26528195,-12.79055081,0.178549759,3.698191006
368,404,32,0.8,-12.79055081,0.178549759,3.698191006,-12.7427327,0.76799022,6.372585788
369,405,36,0.9,-12.7427327,0.76799022,6.372585788,-12.67809808,0.528689797,-1.74665806
371,408,4,0.1,-5.039221035,-3.105566381,20.0,-5.238006389,-0.906781018,20.0
372,409,8,0.2,-5.238006389,-0.906781018,20.0,-5.292365048,-0.192298221,6.601241381
373,410,12,0.3,-5.292365048,-0.192298221,6.601241381,-5.32429366,-0.442111173,-2.817415644
374,411,16,0.4,-5.32429366,-0.442111173,-2.817415644,-5.372120904,-0.513248276,-1.189643459
375,412,20,0.5,-5.372120904,-0.513248276,-1.189643459,-5.420231026,-0.450008,0.151301534
376,413,24,0.6,-5.420231026,-0.450008,0.151301534,-5.452096852,-0.191614364,2.265278096
377,414,28,0.7,-5.452096852,-0.191614364,2.265278096,-5.452441649,0.178550054,3.698196212
378,415,32,0.8,-5.452441649,0.178550054,3.698196212,-5.422661524,0.413143201,2.643732717
379,416,36,0.9,-5.422661524,0.413143201,2.643732717,-5.389281949,0.257049425,-1.227142005
381,419,4,0.1,0.194754121,-2.635760042,20.0,0.038842022,-0.517775799,19.62072144
382,420,8,0.2,0.038842022,-0.517775799,19.62072144,0.003361509,-0.197176878,2.85118409
383,421,12,0.3,0.003361509,-0.197176878,2.85118409,-0.028466736,-0.435418001,-2.700693684
384,422,16,0.4,-0.028466736,-0.435418001,-2.700693684,-0.07643169,-0.522431103,-1.349780561
385,423,20,0.5,-0.07643169,-0.522431103,-1.349780561,-0.124352881,-0.437409519,0.371003922
386,424,24,0.6,-0.124352881,-0.437409519,0.371003922,-0.156477918,-0.20889909,1.963853924
387,425,28,0.7,-0.156477918,-0.20889909,1.963853924,-0.167763974,-0.019970312,1.776427225
388,426,32,0.8,-0.167763974,-0.019970312,1.776427225,-0.168372363,0.007347318,0.267092406
389,427,36,0.9,-0.168372363,0.007347318,0.267092406,-0.16770889,0.005945486,-0.007383598
391,430,4,0.1,-0.755872426,-13.79260948,20.0,-1.971664395,-10.5768175,20.0
392,431,8,0.2,-1.971664395,-10.5768175,20.0,-2.881433295,-7.667048577,20.0
393,432,12,0.3,-2.881433295,-7.667048577,20.0,-3.514301072,-5.034180784,20.0
394,433,16,0.4,-3.514301072,-5.034180784,20.0,-3.896618352,-2.651863493,20.0
395,434,20,0.5,-3.896618352,-2.651863493,20.0,-4.052228169,-0.496253691,19.99999985
396,435,24,0.6,-4.052228169,-0.496253691,19.99999985,-4.085958292,-0.183559462,2.789641061
397,436,28,0.7,-4.085958292,-0.183559462,2.789641061,-4.086468816,0.167498986,3.505479244
398,437,32,0.8,-4.086468816,0.167498986,3.505479244,-4.06213273,0.316735855,1.73572954
399,438,36,0.9,-4.06213273,0.316735855,1.73572954,-4.0366347,0.195249181,-0.959886438
401,441,4,0.1,-7.555522914,0.766871925,14.4927685,-7.507233396,0.208227627,-5.103547805
402,442,8,0.2,-7.507233396,0.208227627,-5.103547805,-7.5070723,-0.198232489,-4.062990194
403,443,12,0.3,-7.5070723,-0.198232489,-4.062990194,-7.538878817,-0.433969555,-2.675435828
404,444,16,0.4,-7.538878817,-0.433969555,-2.675435828,-7.586873571,-0.524418296,-1.384434952
405,445,20,0.5,-7.586873571,-0.524418296,-1.384434952,-7.634753874,-0.434683103,0.418548897
406,446,24,0.6,-7.634753874,-0.434683103,0.418548897,-7.666935004,-0.212639603,1.898623708
407,447,28,0.7,-7.666935004,-0.212639603,1.898623708,-7.666847213,0.207395982,4.201233746
408,448,32,0.8,-7.666847213,0.207395982,4.201233746,-7.627587161,0.571733773,4.035978429
409,449,36,0.9,-7.627587161,0.571733773,4.035978429,-7.581274596,0.35807787,-1.673433376
411,452,4,0.1,-8.110561423,-12.83904872,20.0,-9.235610087,-9.714000036,20.0
412,453,8,0.2,-9.235610087,-9.714000036,20.0,-10.06327105,-6.886339055,20.0
413,454,12,0.3,-10.06327105,-6.886339055,20.0,-10.62184449,-4.327765595,20.0
414,455,16,0.4,-10.62184449,-4.327765595,20.0,-10.93693748,-2.012672595,20.0
415,456,20,0.5,-10.93693748,-2.012672595,20.0,-11.05741019,-0.423267325,14.68932559
416,457,24,0.6,-11.05741019,-0.423267325,14.68932559,-11.0898262,-0.228301662,1.625496574
417,458,28,0.7,-11.0898262,-0.228301662,1.625496574,-11.09030434,0.211411392,4.392349068
418,459,32,0.8,-11.09030434,0.211411392,4.392349068,-11.04281193,0.729798596,5.65879621
419,460,36,0.9,-11.04281193,0.729798596,5.65879621,-10.9824269,0.482030725,-1.873828437
421,463,4,0.1,1.271418389,-1.971137082,19.99999944,1.125524303,-0.963535217,8.617077788
422,464,8,0.2,1.125524303,-0.963535217,8.617077788,1.043927476,-0.673238784,2.086996059
423,465,12,0.3,1.043927476,-0.673238784,2.086996059,0.982859694,-0.550167693,0.620033092
424,466,16,0.4,0.982859694,-0.550167693,0.620033092,0.929001465,-0.527376668,-0.310672036
425,467,20,0.5,0.929001465,-0.527376668,-0.310672036,0.881182023,-0.43062445,0.489327755
426,468,24,0.6,0.881182023,-0.43062445,0.489327755,0.846418805,-0.267360518,1.285007146
427,469,28,0.7,0.846418805,-0.267360518,1.285007146,0.824658798,-0.169470855,0.761296557
428,470,32,0.8,0.824658798,-0.169470855,0.761296557,0.811624422,-0.092499302,0.639371776
429,471,36,0.9,0.811624422,-0.092499302,0.639371776,0.804541822,-0.049863185,0.355535169
431,474,4,0.1,-9.535541077,0.650536436,20.0,-9.492971402,0.208227652,-3.997391087
432,475,8,0.2,-9.492971402,0.208227652,-3.997391087,-9.492810305,-0.198232518,-4.062990736
433,476,12,0.3,-9.492810305,-0.198232518,-4.062990736,-9.524616822,-0.433969523,-2.675435219
434,477,16,0.4,-9.524616822,-0.433969523,-2.675435219,-9.572611576,-0.524418335,-1.384435668
435,478,20,0.5,-9.572611576,-0.524418335,-1.384435668,-9.620491879,-0.434683054,0.418549784
436,479,24,0.6,-9.620491879,-0.434683054,0.418549784,-9.65267301,-0.212639664,1.898622603
437,480,28,0.7,-9.65267301,-0.212639664,1.898622603,-9.652585219,0.207396045,4.201234989
438,481,32,0.8,-9.652585219,0.207396045,4.201234989,-9.606373007,0.708497893,5.473140601
439,482,36,0.9,-9.606373007,0.708497893,5.473140601,-9.548832309,0.446678984,-2.042782106
441,485,4,0.1,3.408848224,-7.448171274,20.0,2.796809376,-4.83613242,20.0
442,486,8,0.2,2.796809376,-4.83613242,20.0,2.433338885,-2.472662007,19.99999922
443,487,12,0.3,2.433338885,-2.472662007,19.99999922,2.23991284,-1.413508514,8.657274481
444,488,16,0.4,2.23991284,-1.413508514,8.657274481,2.118384748,-1.023551518,2.684289041
445,489,20,0.5,2.118384748,-1.023551518,2.684289041,2.028375306,-0.780684438,1.52857638
446,490,24,0.6,2.028375306,-0.780684438,1.52857638,1.960772099,-0.574810371,1.382708596
447,491,28,0.7,1.960772099,-0.574810371,1.382708596,1.913003686,-0.383741828,1.433001309
448,492,32,0.8,1.913003686,-0.383741828,1.433001309,1.883329316,-0.212597496,1.414699616
449,493,36,0.9,1.883329316,-0.212597496,1.414699616,1.867033493,-0.114946212,0.813554618
451,496,4,0.1,-0.425154242,-8.072507147,20.0,-1.096606503,-5.40105487,20.0
452,497,8,0.2,-1.096606503,-5.40105487,20.0,-1.513836469,-2.983824895,20.0
453,498,12,0.3,-1.513836469,-2.983824895,20.0,-1.70103659,-0.796624795,19.99999978
454,499,16,0.4,-1.70103659,-0.796624795,19.99999978,-1.766294121,-0.51324799,2.18119274
455,500,20,0.5,-1.766294121,-0.51324799,2.18119274,-1.81440425,-0.450008398,0.151294637
456,501,24,0.6,-1.81440425,-0.450008398,0.151294637,-1.846270075,-0.191613964,2.26528608
457,502,28,0.7,-1.846270075,-0.191613964,2.26528608,-1.84661489,0.178549312,3.698184617
458,503,32,0.8,-1.84661489,0.178549312,3.698184617,-1.829459014,0.164797369,0.034039331
459,504,36,0.9,-1.829459014,0.164797369,0.034039331,-1.816468252,0.096161614,-0.556449933
461,507,4,0.1,2.928801701,-3.842416354,19.99999985,2.632426991,-2.113881952,14.32159692
462,508,8,0.2,2.632426991,-2.113881952,14.32159692,2.449332169,-1.557289478,3.734976526
463,509,12,0.3,2.449332169,-1.557289478,3.734976526,2.308894751,-1.256471676,1.603803839
464,510,16,0.4,2.308894751,-1.256471676,1.603803839,2.19535017,-1.018387348,1.245397472
465,511,20,0.5,2.19535017,-1.018387348,1.245397472,2.10455695,-0.801097941,1.264961864
466,512,24,0.6,2.10455695,-0.801097941,1.264961864,2.034940004,-0.5946807,1.368002954
467,513,28,0.7,2.034940004,-0.5946807,1.368002954,1.985475669,-0.397885362,1.473310037
468,514,32,0.8,1.985475669,-0.397885362,1.473310037,1.954700716,-0.220568488,1.465419207
469,515,36,0.9,1.954700716,-0.220568488,1.465419207,1.937793172,-0.119270429,0.843905138
471,518,4,0.1,-3.664059419,-1.062457823,20.0,-3.705712203,0.208227597,12.29032637
472,519,8,0.2,-3.705712203,0.208227597,12.29032637,-3.705551105,-0.198232448,-4.062989475
473,520,12,0.3,-3.705551105,-0.198232448,-4.062989475,-3.737357624,-0.433969622,-2.675436923
474,521,16,0.4,-3.737357624,-0.433969622,-2.675436923,-3.785352376,-0.524418206,-1.384433369
475,522,20,0.5,-3.785352376,-0.524418206,-1.384433369,-3.833232682,-0.434683236,0.41854664
476,523,24,0.6,-3.833232682,-0.434683236,0.41854664,-3.865413809,-0.212639423,1.898626865
477,524,28,0.7,-3.865413809,-0.212639423,1.898626865,-3.865326023,0.207395715,4.201229237
478,525,32,0.8,-3.865326023,0.207395715,4.201229237,-3.839375325,0.309909963,1.284649457
479,526,36,0.9,-3.839375325,0.309909963,1.284649457,-3.814558096,0.188458467,-0.96634267
481,529,4,0.1,-10.84427896,-13.88732429,20.0,-12.06908424,-10.66251899,20.0
482,530,8,0.2,-12.06908424,-10.66251899,20.0,-12.98700871,-7.744594497,20.0
483,531,12,0.3,-12.98700871,-7.744594497,20.0,-13.62725596,-5.104347232,20.0
484,532,16,0.4,-13.62725596,-5.104347232,20.0,-14.01625046,-2.715352716,20.0
485,533,20,0.5,-14.01625046,-2.715352716,20.0,-14.17790208,-0.553701091,20.0
486,534,24,0.6,-14.17790208,-0.553701091,20.0,-14.2144567,-0.18355946,3.33587003
487,535,28,0.7,-14.2144567,-0.18355946,3.33587003,-14.21496723,0.167499004,3.50547941
488,536,32,0.8,-14.21496723,0.167499004,3.50547941,-14.16754842,0.770823377,6.507431791
489,537,36,0.9,-14.16754842,0.770823377,6.507431791,-14.10133746,0.556959685,-1.476527295
491,540,4,0.1,8.458570988,-3.934999259,-19.99999992,8.017073261,-4.879220879,-13.85719347
492,541,8,0.2,8.017073261,-4.879220879,-13.85719347,7.549923867,-4.470576611,-0.585051272
493,542,12,0.3,7.549923867,-4.470576611,-0.585051272,7.136234883,-3.814141818,2.427458096
494,543,16,0.4,7.136234883,-3.814141818,2.427458096,6.789348154,-3.134911383,3.323437062
495,544,20,0.5,6.789348154,-3.134911383,3.323437062,6.509415357,-2.474745487,3.802330987
496,545,24,0.6,6.509415357,-2.474745487,3.802330987,6.29426983,-1.838762995,4.208369658
497,546,28,0.7,6.29426983,-1.838762995,4.208369658,6.141309885,-1.230570757,4.552322927
498,547,32,0.8,6.141309885,-1.230570757,4.552322927,6.046127451,-0.682215653,4.531726699
499,548,36,0.9,6.046127451,-0.682215653,4.531726699,5.993832368,-0.36890694,2.610136304
501,551,4,0.1,0.612628852,-9.211251953,20.0,-0.167189305,-6.43143378,20.0
502,552,8,0.2,-0.167189305,-6.43143378,20.0,-0.682472788,-3.916150285,20.0
503,553,12,0.3,-0.682472788,-3.916150285,20.0,-0.9583954,-1.64022768,19.99999993
504,554,16,0.4,-0.9583954,-1.64022768,19.99999993,-1.065130195,-0.513248092,10.20244793
505,555,20,0.5,-1.065130195,-0.513248092,10.20244793,-1.113240322,-0.450008269,0.151296956
506,556,24,0.6,-1.113240322,-0.450008269,0.151296956,-1.145106144,-0.191614022,2.265284256
507,557,28,0.7,-1.145106144,-0.191614022,2.265284256,-1.148458162,0.119391111,3.076531144
508,558,32,0.8,-1.148458162,0.119391111,3.076531144,-1.137288714,0.104250152,-0.039715109
509,559,36,0.9,-1.137288714,0.104250152,-0.039715109,-1.129090251,0.060449015,-0.356026737
511,562,4,0.1,0.229754718,-0.304479173,7.356555828,0.207564902,-0.142024285,1.402650717
512,563,8,0.2,0.207564902,-0.142024285,1.402650717,0.190500235,-0.198330761,-0.733711426
513,564,12,0.3,0.190500235,-0.198330761,-0.733711426,0.158695731,-0.433834918,-2.673086618
514,565,16,0.4,0.158695731,-0.433834918,-2.673086618,0.110698205,-0.52460305,-1.387656587
515,566,20,0.5,0.110698205,-0.52460305,-1.387656587,0.0628217,-0.434429681,0.422968649
516,567,24,0.6,0.0628217,-0.434429681,0.422968649,0.030635353,-0.212987344,1.892559906
517,568,28,0.7,0.030635353,-0.212987344,1.892559906,0.017799252,-0.046508867,1.536423748
518,569,32,0.8,0.017799252,-0.046508867,1.536423748,0.014952179,-0.011023897,0.326378985
519,570,36,0.9,0.014952179,-0.011023897,0.326378985,0.014187495,-0.004380506,0.058787059
521,573,4,0.1,6.018290029,-9.471993551,20.0,5.213659028,-6.667362542,20.0
522,574,8,0.2,5.213659028,-6.667362542,20.0,4.675923952,-4.129627501,19.99999965
523,575,12,0.3,4.675923952,-4.129627501,19.99999965,4.340453438,-2.605185919,11.88971067
524,576,16,0.4,4.340453438,-2.605185919,11.88971067,4.112786238,-1.958927249,4.185914713
525,577,20,0.5,4.112786238,-1.958927249,4.185914713,3.939695089,-1.51037044,2.754656589
526,578,24,0.6,3.939695089,-1.51037044,2.754656589,3.808740646,-1.115301803,2.641141941
527,579,28,0.7,3.808740646,-1.115301803,2.641141941,3.716026027,-0.745158604,2.774285797
528,580,32,0.8,3.716026027,-0.745158604,2.774285797,3.65839907,-0.412916969,2.74614679
529,581,36,0.9,3.65839907,-0.412916969,2.74614679,3.626748056,-0.223263667,1.580022884
531,584,4,0.1,4.373171393,-7.9315375,20.0,3.715134167,-5.27350026,20.0
532,585,8,0.2,3.715134167,-5.27350026,20.0,3.310042626,-2.868408741,19.99999978
533,586,12,0.3,3.310042626,-2.868408741,19.99999978,3.075764622,-1.834382251,7.997484854
534,587,16,0.4,3.075764622,-1.834382251,7.997484854,2.915118833,-1.386005224,2.877312387
535,588,20,0.5,2.915118833,-1.386005224,2.877312387,2.792577907,-1.070077877,1.933864203
536,589,24,0.6,2.792577907,-1.070077877,1.933864203,2.699783977,-0.790460242,1.868237052
537,590,28,0.7,2.699783977,-0.790460242,1.868237052,2.634070709,-0.528175798,1.965711757
538,591,32,0.8,2.634070709,-0.528175798,1.965711757,2.59322375,-0.292687522,1.946413174
539,592,36,0.9,2.59322375,-0.292687522,1.946413174,2.570788551,-0.158256601,1.119957225
541,595,4,0.1,-0.51480276,0.014505121,16.66307827,-0.503724597,0.203902053,2.004750951
542,596,8,0.2,-0.503724597,0.203902053,2.004750951,-0.503474513,-0.192298143,-3.959501118
543,597,12,0.3,-0.503474513,-0.192298143,-3.959501118,-0.535403128,-0.442111304,-2.817417765
544,598,16,0.4,-0.535403128,-0.442111304,-2.817417765,-0.58323037,-0.51324812,-1.189640574
545,599,20,0.5,-0.58323037,-0.51324812,-1.189640574,-0.631340497,-0.450008237,0.151297554
546,600,24,0.6,-0.631340497,-0.450008237,0.151297554,-0.66320632,-0.191614071,2.265283439
547,601,28,0.7,-0.66320632,-0.191614071,2.265283439,-0.669926421,0.053133605,2.380275743
548,602,32,0.8,-0.669926421,0.053133605,2.380275743,-0.664399558,0.057333661,0.09726919
549,603,36,0.9,-0.664399558,0.057333661,0.09726919,-0.659852906,0.0339884,-0.187986092
551,606,4,0.1,-2.549025227,0.176394432,19.99999985,-2.529937061,0.20489396,0.475876934
552,607,8,0.2,-2.529937061,0.20489396,0.475876934,-2.529707376,-0.193658811,-3.983230853
553,608,12,0.3,-2.529707376,-0.193658811,-3.983230853,-2.561607996,-0.440244506,-2.784863148
554,609,16,0.4,-2.561607996,-0.440244506,-2.784863148,-2.609473645,-0.515809276,-1.234304196
555,610,20,0.5,-2.609473645,-0.515809276,-1.234304196,-2.657531076,-0.446494407,0.212574382
556,611,24,0.6,-2.657531076,-0.446494407,0.212574382,-2.689469193,-0.196434894,2.181213955
557,612,28,0.7,-2.689469193,-0.196434894,2.181213955,-2.689714811,0.185163621,3.813528978
558,613,32,0.8,-2.689714811,0.185163621,3.813528978,-2.669211158,0.224257985,0.595980172
559,614,36,0.9,-2.669211158,0.224257985,0.595980172,-2.651358731,0.134289769,-0.721157888
561,617,4,0.1,4.57552491,-12.95171781,20.0,3.439754364,-9.81594725,20.0
562,618,8,0.2,3.439754364,-9.81594725,20.0,2.602391841,-6.978584712,20.0
563,619,12,0.3,2.602391841,-6.978584712,20.0,2.035040062,-4.411232926,20.0
564,620,16,0.4,2.035040062,-4.411232926,20.0,1.712004106,-2.088197007,19.99999963
565,621,20,0.5,1.712004106,-2.088197007,19.99999963,1.565229249,-0.867639363,10.73782788
566,622,24,0.6,1.565229249,-0.867639363,10.73782788,1.497421739,-0.494725056,3.051067965
567,623,28,0.7,1.497421739,-0.494725056,3.051067965,1.457637756,-0.30413065,1.508104229
568,624,32,0.8,1.457637756,-0.30413065,1.508104229,1.434324428,-0.164463313,1.163540083
569,625,36,0.9,1.434324428,-0.164463313,1.163540083,1.421740086,-0.08848953,0.633894422
571,628,4,0.1,1.16935408,-9.554178795,20.0,0.356902119,-6.741726818,20.0
572,629,8,0.2,0.356902119,-6.741726818,20.0,-0.18790965,-4.196915036,20.0
573,630,12,0.3,-0.18790965,-4.196915036,20.0,-0.490550561,-1.894274132,19.99999994
574,631,16,0.4,-0.490550561,-1.894274132,19.99999994,-0.609776017,-0.513248247,12.61800429
575,632,20,0.5,-0.609776017,-0.513248247,12.61800429,-0.657886142,-0.450008073,0.151300495
576,633,24,0.6,-0.657886142,-0.450008073,0.151300495,-0.689751967,-0.19161428,2.265279675
577,634,28,0.7,-0.689751967,-0.19161428,2.265279675,-0.696286548,0.056783388,2.418630874
578,635,32,0.8,-0.696286548,0.056783388,2.418630874,-0.690448863,0.059918068,0.08972364
579,636,36,0.9,-0.690448863,0.059918068,0.08972364,-0.68570105,0.035445991,-0.197242637
581,639,4,0.1,8.614711167,-5.73343089,-13.89575173,8.065197222,-5.264659565,-0.807426207
582,640,8,0.2,8.065197222,-5.264659565,-0.807426207,7.574571633,-4.55960124,2.144327358
583,641,12,0.3,7.574571633,-4.55960124,2.144327358,7.155197141,-3.839881911,3.003448376
584,642,16,0.4,7.155197141,-3.839881911,3.003448376,6.806476316,-3.146095777,3.450653081
585,643,20,0.5,6.806476316,-3.146095777,3.450653081,6.525644994,-2.481603684,3.83660771
586,644,24,0.6,6.525644994,-2.481603684,3.83660771,6.309922479,-1.84348023,4.224009391
587,645,28,0.7,6.309922479,-1.84348023,4.224009391,6.156573583,-1.233659664,4.564716711
588,646,32,0.8,6.156573583,-1.233659664,4.564716711,6.06115276,-0.683917652,4.543211884
589,647,36,0.9,6.06115276,-0.683917652,4.543211884,6.008727268,-0.369826173,2.61665987
591,650,4,0.1,-3.920227178,-7.225292684,20.0,-4.511056324,-4.634463522,20.0
592,651,8,0.2,-4.511056324,-4.634463522,20.0,-4.855335477,-2.290184358,20.0
593,652,12,0.3,-4.855335477,-2.290184358,20.0,-4.989996584,-0.433969528,17.21553724
594,653,16,0.4,-4.989996584,-0.433969528,17.21553724,-5.037991338,-0.524418331,-1.38443558
595,654,20,0.5,-5.037991338,-0.524418331,-1.38443558,-5.085871641,-0.434683066,0.41854963
596,655,24,0.6,-5.085871641,-0.434683066,0.41854963,-5.118052772,-0.212639653,1.898622824
597,656,28,0.7,-5.118052772,-0.212639653,1.898622824,-5.117964982,0.207396022,4.201234641
598,657,32,0.8,-5.117964982,0.207396022,4.201234641,-5.087628706,0.396183569,2.191238239
599,658,36,0.9,-5.087628706,0.396183569,2.191238239,-5.055728546,0.244349767,-1.199336423
601,661,4,0.1,3.048069914,-3.913293863,19.99999985,2.744579222,-2.185314841,14.24488329
602,662,8,0.2,2.744579222,-2.185314841,14.24488329,2.554764985,-1.620383835,3.751167692
603,663,12,0.3,2.554764985,-1.620383835,3.751167692,2.408511838,-1.309853741,1.642769479
604,664,16,0.4,2.408511838,-1.309853741,1.642769479,2.290116813,-1.062174075,1.292846405
605,665,20,0.5,2.290116813,-1.062174075,1.292846405,2.195414539,-0.835646248,1.318255526
606,666,24,0.6,2.195414539,-0.835646248,1.318255526,2.122794258,-0.620347094,1.426788729
607,667,28,0.7,2.122794258,-0.620347094,1.426788729,2.071194861,-0.415061693,1.536860045
608,668,32,0.8,2.071194861,-0.415061693,1.536860045,2.039091354,-0.230090775,1.528674112
609,669,36,0.9,2.039091354,-0.230090775,1.528674112,2.021453881,-0.124419579,0.880337224
611,672,4,0.1,4.822868513,-8.620907443,20.0,4.099229063,-5.897267986,20.0
612,673,8,0.2,4.099229063,-5.897267986,20.0,3.634778174,-3.432817138,19.99999959
613,674,12,0.3,3.634778174,-3.432817138,19.99999959,3.361033494,-2.064871742,10.94200717
614,675,16,0.4,3.361033494,-2.064871742,10.94200717,3.181959572,-1.525593184,3.602046351
615,676,20,0.5,3.181959572,-1.525593184,3.602046351,3.047455004,-1.17041679,2.206718264
616,677,24,0.6,3.047455004,-1.17041679,2.206718264,2.946034157,-0.863120911,2.058750313
617,678,28,0.7,2.946034157,-0.863120911,2.058750313,2.874293808,-0.576462901,2.149176617
618,679,32,0.8,2.874293808,-0.576462901,2.149176617,2.829714587,-0.319405108,2.124785712
619,680,36,0.9,2.829714587,-0.319405108,2.124785712,2.805231641,-0.172698499,1.222236636
621,683,4,0.1,-2.46970632,-2.051901591,20.0,-2.568222214,0.046614283,19.9999998
622,684,8,0.2,-2.568222214,0.046614283,19.9999998,-2.575705466,-0.192298114,-2.463956488
623,685,12,0.3,-2.575705466,-0.192298114,-2.463956488,-2.607634081,-0.442111324,-2.81741825
624,686,16,0.4,-2.607634081,-0.442111324,-2.81741825,-2.655461322,-0.513248081,-1.189639976
625,687,20,0.5,-2.655461322,-0.513248081,-1.189639976,-2.703571448,-0.450008272,0.151296821
626,688,24,0.6,-2.703571448,-0.450008272,0.151296821,-2.73543727,-0.19161401,2.265284404
627,689,28,0.7,-2.73543727,-0.19161401,2.265284404,-2.735782075,0.178549534,3.698187383
628,690,32,0.8,-2.735782075,0.178549534,3.698187383,-2.715513161,0.226037417,0.677567977
629,691,36,0.9,-2.715513161,0.226037417,0.677567977,-2.697494685,0.135835227,-0.721837136
631,694,4,0.1,-4.185752218,-3.796174513,20.0,-4.450257625,-1.531669097,20.0
632,695,8,0.2,-4.450257625,-1.531669097,20.0,-4.535340036,-0.192298244,12.54288441
633,696,12,0.3,-4.535340036,-0.192298244,12.54288441,-4.567268648,-0.442111143,-2.817415101
634,697,16,0.4,-4.567268648,-0.442111143,-2.817415101,-4.615095892,-0.513248316,-1.18964418
635,698,20,0.5,-4.615095892,-0.513248316,-1.18964418,-4.663206013,-0.450007945,0.151302496
636,699,24,0.6,-4.663206013,-0.450007945,0.151302496,-4.695071841,-0.191614439,2.265276794
637,700,28,0.7,-4.695071841,-0.191614439,2.265276794,-4.695416636,0.178550152,3.698197956
638,701,32,0.8,-4.695416636,0.178550152,3.698197956,-4.668286893,0.361004312,2.095839029
639,702,36,0.9,-4.668286893,0.361004312,2.095839029,-4.639187842,0.223271868,-1.086333932
641,705,4,0.1,-4.559133746,-8.79910415,20.0,-5.299730854,-6.058507024,20.0
642,706,8,0.2,-5.299730854,-6.058507024,20.0,-5.779525664,-3.578712199,20.0
643,707,12,0.3,-5.779525664,-3.578712199,20.0,-6.023336796,-1.334901058,20.0
644,708,16,0.4,-6.023336796,-1.334901058,20.0,-6.115059656,-0.513248079,7.299301187
645,709,20,0.5,-6.115059656,-0.513248079,7.299301187,-6.163169782,-0.450008267,0.15129686
646,710,24,0.6,-6.163169782,-0.450008267,0.15129686,-6.195035604,-0.191614015,2.265284307
647,711,28,0.7,-6.195035604,-0.191614015,2.265284307,-6.195380407,0.178549577,3.69818788
648,712,32,0.8,-6.195380407,0.178549577,3.69818788,-6.162999241,0.464311838,3.181434274
649,713,36,0.9,-6.162999241,0.464311838,3.181434274,-6.125418798,0.29019844,-1.365329538
651,716,4,0.1,3.914541849,-1.657539279,-19.99999942,3.719684626,-2.230064687,-7.673826316
652,717,8,0.2,3.719684626,-2.230064687,-7.673826316,3.504900052,-2.068322057,-0.530419437
653,718,12,0.3,3.504900052,-2.068322057,-0.530419437,3.313264061,-1.769379302,1.073067643
654,719,16,0.4,3.313264061,-1.769379302,1.073067643,3.152295371,-1.455229462,1.531811501
655,720,20,0.5,3.152295371,-1.455229462,1.531811501,3.02234075,-1.148966484,1.763083572
656,721,24,0.6,3.02234075,-1.148966484,1.763083572,2.922451887,-0.853730559,1.953470611
657,722,28,0.7,2.922451887,-0.853730559,1.953470611,2.851432847,-0.571355708,2.113558112
658,723,32,0.8,2.851432847,-0.571355708,2.113558112,2.80723946,-0.316754671,2.104076507
659,724,36,0.9,2.80723946,-0.316754671,2.104076507,2.782958699,-0.171284656,1.211892528
661,727,4,0.1,0.754613068,-14.00446494,20.0,-0.481339613,-10.76851224,20.0
662,728,8,0.2,-0.481339613,-10.76851224,20.0,-1.40935068,-7.840501153,20.0
663,729,12,0.3,-1.40935068,-7.840501153,20.0,-2.058724652,-5.191127165,20.0
664,730,16,0.4,-2.058724652,-5.191127165,20.0,-2.455977355,-2.793874453,20.0
665,731,20,0.5,-2.455977355,-2.793874453,20.0,-2.625101302,-0.624750533,19.99999973
666,732,24,0.6,-2.625101302,-0.624750533,19.99999973,-2.665149204,-0.183559458,4.011431726
667,733,28,0.7,-2.665149204,-0.183559458,4.011431726,-2.66565973,0.167498941,3.505478738
668,734,32,0.8,-2.66565973,0.167498941,3.505478738,-2.646297981,0.218879841,0.707426488
669,735,36,0.9,-2.646297981,0.218879841,0.707426488,-2.628833781,0.131854344,-0.695612963
671,738,4,0.1,-1.279800484,0.609527933,13.41177485,-1.239466943,0.203902197,-3.652921944
672,739,8,0.2,-1.239466943,0.203902197,-3.652921944,-1.239216853,-0.192298155,-3.959502622
673,740,12,0.3,-1.239216853,-0.192298155,-3.959502622,-1.271145468,-0.44211129,-2.817417497
674,741,16,0.4,-1.271145468,-0.44211129,-2.817417497,-1.318972709,-0.513248118,-1.189640698
675,742,20,0.5,-1.318972709,-0.513248118,-1.189640698,-1.367082836,-0.450008238,0.151297536
676,743,24,0.6,-1.367082836,-0.450008238,0.151297536,-1.398948658,-0.191614047,2.2652837
677,744,28,0.7,-1.398948658,-0.191614047,2.2652837,-1.400526541,0.154292238,3.443284017
678,745,32,0.8,-1.400526541,0.154292238,3.443284017,-1.386384856,0.128963532,-0.111870211
679,746,36,0.9,-1.386384856,0.128963532,-0.111870211,-1.376262791,0.074387222,-0.444542456
681,749,4,0.1,1.717188468,-1.001691502,-7.997581335,1.615821506,-1.025255076,-1.249305363
682,750,8,0.2,1.615821506,-1.025255076,-1.249305363,1.519239003,-0.908343206,0.203293665
683,751,12,0.3,1.519239003,-0.908343206,0.203293665,1.435484614,-0.769065469,0.55523349
684,752,16,0.4,1.435484614,-0.769065469,0.55523349,1.365599587,-0.630936837,0.682436046
685,753,20,0.5,1.365599587,-0.630936837,0.682436046,1.30927167,-0.497839421,0.767694987
686,754,24,0.6,1.30927167,-0.497839421,0.767694987,1.265993555,-0.369855585,0.847057216
687,755,28,0.7,1.265993555,-0.369855585,0.847057216,1.235227036,-0.247513492,0.915755741
688,756,32,0.8,1.235227036,-0.247513492,0.915755741,1.216082376,-0.137217671,0.911511603
689,757,36,0.9,1.216082376,-0.137217671,0.911511603,1.205563994,-0.074200096,0.524991925
691,760,4,0.1,5.887231364,-6.777777631,20.0,5.338988896,-4.22953536,19.99999803
692,761,8,0.2,5.338988896,-4.22953536,19.99999803,4.970995474,-3.148349834,7.131921049
693,762,12,0.3,4.970995474,-3.148349834,7.131921049,4.686684958,-2.54786687,3.161724472
694,763,16,0.4,4.686684958,-2.54786687,3.161724472,4.456357898,-2.066692562,2.508472489
695,764,20,0.5,4.456357898,-2.066692562,2.508472489,4.272087744,-1.626053286,2.563691211
696,765,24,0.6,4.272087744,-1.626053286,2.563691211,4.130777434,-1.207133743,2.776092336
697,766,28,0.7,4.130777434,-1.207133743,2.776092336,4.030369928,-0.807672945,2.990532916
698,767,32,0.8,4.030369928,-0.807672945,2.990532916,3.967899342,-0.447736715,2.97465644
699,768,36,0.9,3.967899342,-0.447736715,2.97465644,3.933578344,-0.24210978,1.713059376
701,771,4,0.1,3.933869593,-5.490470803,20.0,3.508130568,-3.064731941,19.99999837
702,772,8,0.2,3.508130568,-3.064731941,19.99999837,3.249753285,-2.118580274,6.877743848
703,773,12,0.3,3.249753285,-2.118580274,6.877743848,3.060371273,-1.676427954,2.527703072
704,774,16,0.4,3.060371273,-1.676427954,2.527703072,2.909227491,-1.351856304,1.734278687
705,775,20,0.5,2.909227491,-1.351856304,1.734278687,2.788774625,-1.062030634,1.693728036
706,776,24,0.6,2.788774625,-1.062030634,1.693728036,2.696495698,-0.788112449,1.816392582
707,777,28,0.7,2.696495698,-0.788112449,1.816392582,2.630944545,-0.527257473,1.953038225
708,778,32,0.8,2.630944545,-0.527257473,1.953038225,2.590163516,-0.292278774,1.941976699
709,779,36,0.9,2.590163516,-0.292278774,1.941976699,2.567759102,-0.158046328,1.118280329
711,782,4,0.1,-9.380530625,-7.921929642,20.0,-10.03765354,-5.264806707,20.0
712,783,8,0.2,-10.03765354,-5.264806707,20.0,-10.44191778,-2.860542452,20.0
713,784,12,0.3,-10.44191778,-2.860542452,20.0,-10.61738602,-0.685074196,20.0
714,785,16,0.4,-10.61738602,-0.685074196,20.0,-10.67715897,-0.513248081,1.120531654
715,786,20,0.5,-10.67715897,-0.513248081,1.120531654,-10.7252691,-0.450008263,0.151296916
716,787,24,0.6,-10.7252691,-0.450008263,0.151296916,-10.75713492,-0.19161402,2.26528422
717,788,28,0.7,-10.75713492,-0.19161402,2.26528422,-10.75747973,0.178549589,3.698188055
718,789,32,0.8,-10.75747973,0.178549589,3.698188055,-10.70966165,0.767989543,6.372580283
719,790,36,0.9,-10.70966165,0.767989543,6.372580283,-10.64700127,0.48985286,-2.154763042
721,793,4,0.1,8.168464165,-5.448257592,-12.73815542,7.646731272,-4.993970465,-0.67445767
722,794,8,0.2,7.646731272,-4.993970465,-0.67445767,7.181418627,-4.323455797,2.052020241
723,795,12,0.3,7.181418627,-4.323455797,2.052020241,6.78378134,-3.640667849,2.851506614
724,796,16,0.4,6.78378134,-3.640667849,2.851506614,6.453155754,-2.982806417,3.272358449
725,797,20,0.5,6.453155754,-2.982806417,3.272358449,6.186900898,-2.35278924,3.637623213
726,798,24,0.6,6.186900898,-2.35278924,3.637623213,5.982376185,-1.747786702,4.004778258
727,799,28,0.7,5.982376185,-1.747786702,4.004778258,5.836987528,-1.169620942,4.327771021
728,800,32,0.8,5.836987528,-1.169620942,4.327771021,5.74651996,-0.64841572,4.307376542
729,801,36,0.9,5.74651996,-0.64841572,4.307376542,5.696815858,-0.350628615,2.480830024
731,804,4,0.1,-1.406253426,0.770023082,10.26033305,-1.35802885,0.2039022,-5.178963063
732,805,8,0.2,-1.35802885,0.2039022,-5.178963063,-1.35777876,-0.192298157,-3.959502677
733,806,12,0.3,-1.35777876,-0.192298157,-3.959502677,-1.389707375,-0.442111288,-2.817417461
734,807,16,0.4,-1.389707375,-0.442111288,-2.817417461,-1.437534617,-0.513248119,-1.189640719
735,808,20,0.5,-1.437534617,-0.513248119,-1.189640719,-1.485644743,-0.450008238,0.151297547
736,809,24,0.6,-1.485644743,-0.450008238,0.151297547,-1.517510565,-0.191614045,2.26528371
737,810,28,0.7,-1.517510565,-0.191614045,2.26528371,-1.518259837,0.170592828,3.614576013
738,811,32,0.8,-1.518259837,0.170592828,3.614576013,-1.502729951,0.140506248,-0.145566944
739,812,36,0.9,-1.502729951,0.140506248,-0.145566944,-1.491709441,0.080897275,-0.485884627
741,815,4,0.1,-3.112980354,-0.311048647,20.0,-3.117730893,0.207398519,5.136966261
742,816,8,0.2,-3.117730893,0.207398519,5.136966261,-3.117552737,-0.197094975,-4.043153384
743,817,12,0.3,-3.117552737,-0.197094975,-4.043153384,-3.149382658,-0.435530188,-2.702651343
744,818,16,0.4,-3.149382658,-0.435530188,-2.702651343,-3.197345303,-0.522277155,-1.347096106
745,819,20,0.5,-3.197345303,-0.522277155,-1.347096106,-3.245269659,-0.437620679,0.367321198
746,820,24,0.6,-3.245269659,-0.437620679,0.367321198,-3.277390349,-0.208609341,1.968906472
747,821,28,0.7,-3.277390349,-0.208609341,1.968906472,-3.27738548,0.201866596,4.10480806
748,822,32,0.8,-3.27738548,0.201866596,4.10480806,-3.253824252,0.268251727,0.899463595
749,823,36,0.9,-3.253824252,0.268251727,0.899463595,-3.232410415,0.161798942,-0.850389477
751,826,4,0.1,5.321813128,-4.459892243,19.99999742,4.929223344,-3.409408586,6.578938729
752,827,8,0.2,4.929223344,-3.409408586,6.578938729,4.618234279,-2.820191364,2.78228157
753,828,12,0.3,4.618234279,-2.820191364,2.78228157,4.360199801,-2.348360722,2.137961642
754,829,16,0.4,4.360199801,-2.348360722,2.137961642,4.147205005,-1.918695091,2.166708363
755,830,20,0.5,4.147205005,-1.918695091,2.166708363,3.975989772,-1.512380368,2.350994888
756,831,24,0.6,3.975989772,-1.512380368,2.350994888,3.844530947,-1.123280046,2.576414971
757,832,28,0.7,3.844530947,-1.123280046,2.576414971,3.751093379,-0.751663884,2.781785945
758,833,32,0.8,3.751093379,-0.751663884,2.781785945,3.692954141,-0.416702635,2.768220112
759,834,36,0.9,3.692954141,-0.416702635,2.768220112,3.661011963,-0.22532995,1.594305062
761,837,4,0.1,-7.200793623,-2.574977259,20.0,-7.349086746,-0.426684125,20.0
762,838,8,0.2,-7.349086746,-0.426684125,20.0,-7.379946973,-0.194391316,2.014325826
763,839,12,0.3,-7.379946973,-0.194391316,2.014325826,-7.411832521,-0.439239516,-2.76733748
764,840,16,0.4,-7.411832521,-0.439239516,-2.76733748,-7.459718848,-0.517188092,-1.258349032
765,841,20,0.5,-7.459718848,-0.517188092,-1.258349032,-7.50774791,-0.444602701,0.245563299
766,842,24,0.6,-7.50774791,-0.444602701,0.245563299,-7.539724948,-0.199030252,2.135954104
767,843,28,0.7,-7.539724948,-0.199030252,2.135954104,-7.539917165,0.188724409,3.875624442
768,844,32,0.8,-7.539917165,0.188724409,3.875624442,-7.502219475,0.559058183,4.080314637
769,845,36,0.9,-7.502219475,0.559058183,4.080314637,-7.456891207,0.350974654,-1.627552614
771,848,4,0.1,9.049765758,-1.700206923,-20.0,8.791221317,-3.441662478,-19.99999996
772,849,8,0.2,8.791221317,-3.441662478,-19.99999996,8.389750053,-4.568977341,-15.28786126
773,850,12,0.3,8.389750053,-4.568977341,-15.28786126,7.953276075,-4.167197444,-0.346940814
774,851,16,0.4,7.953276075,-4.167197444,-0.346940814,7.571563191,-3.478536016,3.06948544
775,852,20,0.5,7.571563191,-3.478536016,3.06948544,7.260409397,-2.756570619,4.10811603
776,853,24,0.6,7.260409397,-2.756570619,4.10811603,7.020659891,-2.050190527,4.66630586
777,854,28,0.7,7.020659891,-2.050190527,4.66630586,6.850093528,-1.372430862,5.071933017
778,855,32,0.8,6.850093528,-1.372430862,5.071933017,6.74393562,-0.760917474,5.053554805
779,856,36,0.9,6.74393562,-0.760917474,5.053554805,6.685607363,-0.411470815,2.911184013
781,859,4,0.1,5.556174954,-4.519341956,19.99998973,5.154221475,-3.536112057,5.812764191
782,860,8,0.2,5.154221475,-3.536112057,5.812764191,4.830715775,-2.943870995,2.687353617
783,861,12,0.3,4.830715775,-2.943870995,2.687353617,4.561163161,-2.455322392,2.189959895
784,862,16,0.4,4.561163161,-2.455322392,2.189959895,4.338425906,-2.006895263,2.256898731
785,863,20,0.5,4.338425906,-2.006895263,2.256898731,4.159331934,-1.582063509,2.457377828
786,864,24,0.6,4.159331934,-1.582063509,2.457377828,4.021814554,-1.175066255,2.694798738
787,865,28,0.7,4.021814554,-1.175066255,2.694798738,3.924068982,-0.786323157,2.909975268
788,866,32,0.8,3.924068982,-0.786323157,2.909975268,3.863248896,-0.435917676,2.895853951
789,867,36,0.9,3.863248896,-0.435917676,2.895853951,3.829833792,-0.235720482,1.667820889
791,870,4,0.1,1.29260367,-1.05599484,5.367176517,1.199030478,-0.819411385,1.430102643
792,871,8,0.2,1.199030478,-0.819411385,1.430102643,1.124065631,-0.682172499,0.622740387
793,872,12,0.3,1.124065631,-0.682172499,0.622740387,1.061087865,-0.579100397,0.400943362
794,873,16,0.4,1.061087865,-0.579100397,0.400943362,1.005807104,-0.52737674,-0.035571045
795,874,20,0.5,1.005807104,-0.52737674,-0.035571045,0.957987659,-0.430624445,0.489328499
796,875,24,0.6,0.957987659,-0.430624445,0.489328499,0.922407924,-0.283423197,1.116215131
797,876,28,0.7,0.922407924,-0.283423197,1.116215131,0.899164913,-0.183108639,0.77071548
798,877,32,0.8,0.899164913,-0.183108639,0.77071548,0.885053115,-0.100503845,0.684929952
799,878,36,0.9,0.885053115,-0.100503845,0.684929952,0.877354512,-0.054239164,0.385660776
801,881,4,0.1,-10.67784398,-10.53022249,20.0,-11.58317878,-7.624887674,20.0
802,882,8,0.2,-11.58317878,-7.624887674,20.0,-12.21203441,-4.99603202,20.0
803,883,12,0.3,-12.21203441,-4.99603202,20.0,-12.59072136,-2.61734506,20.0
804,884,16,0.4,-12.59072136,-2.61734506,20.0,-12.74553573,-0.51399242,19.48538268
805,885,20,0.5,-12.74553573,-0.51399242,19.48538268,-12.79363054,-0.448987054,0.169105541
806,886,24,0.6,-12.79363054,-0.448987054,0.169105541,-12.82551737,-0.193015063,2.240851595
807,887,28,0.7,-12.82551737,-0.193015063,2.240851595,-12.82583335,0.180471775,3.731708615
808,888,32,0.8,-12.82583335,0.180471775,3.731708615,-12.77794578,0.767497464,6.349132575
809,889,36,0.9,-12.77794578,0.767497464,6.349132575,-12.7133105,0.529179419,-1.736827668
811,892,4,0.1,1.705259644,-6.325550077,20.0,1.200052328,-3.820342755,20.0
812,893,8,0.2,1.200052328,-3.820342755,20.0,0.933247005,-1.553537501,19.99999931
813,894,12,0.3,0.933247005,-1.553537501,19.99999931,0.822942942,-0.66731171,7.759217286
814,895,16,0.4,0.822942942,-0.66731171,7.759217286,0.763325107,-0.527376867,0.803170076
815,896,20,0.5,0.763325107,-0.527376867,0.803170076,0.715505669,-0.430624153,0.489332762
816,897,24,0.6,0.715505669,-0.430624153,0.489332762,0.682503742,-0.232712378,1.649098474
817,898,28,0.7,0.682503742,-0.232712378,1.649098474,0.663942673,-0.140053072,0.740982366
818,899,32,0.8,0.663942673,-0.140053072,0.740982366,0.653232385,-0.07523283,0.541099548
819,900,36,0.9,0.653232385,-0.07523283,0.541099548,0.647478555,-0.040423826,0.290551746
821,903,4,0.1,-9.254206901,-6.967219573,20.0,-9.820477143,-4.400949313,20.0
822,904,8,0.2,-9.820477143,-4.400949313,20.0,-10.14253448,-2.078891961,20.0
823,905,12,0.3,-10.14253448,-2.078891961,20.0,-10.26680702,-0.433969513,15.20649915
824,906,16,0.4,-10.26680702,-0.433969513,15.20649915,-10.31480177,-0.524418349,-1.384435909
825,907,20,0.5,-10.31480177,-0.524418349,-1.384435909,-10.36268207,-0.434683038,0.418550086
826,908,24,0.6,-10.36268207,-0.434683038,0.418550086,-10.3948632,-0.212639685,1.89862222
827,909,28,0.7,-10.3948632,-0.212639685,1.89862222,-10.39477541,0.207396052,4.201235269
828,910,32,0.8,-10.39477541,0.207396052,4.201235269,-10.34720039,0.735307279,5.754862462
829,911,36,0.9,-10.34720039,0.735307279,5.754862462,-10.28711597,0.470789039,-2.044338188
831,914,4,0.1,-4.430319625,0.769409519,-2.191504501,-4.382082317,0.204746135,-5.164260759
832,915,8,0.2,-4.382082317,0.204746135,-5.164260759,-4.38184959,-0.193455995,-3.979694028
833,916,12,0.3,-4.38184959,-0.193455995,-3.979694028,-4.413754381,-0.440522744,-2.789715398
834,917,16,0.4,-4.413754381,-0.440522744,-2.789715398,-4.461614306,-0.515427537,-1.227647176
835,918,20,0.5,-4.461614306,-0.515427537,-1.227647176,-4.50967959,-0.447018123,0.203441297
836,919,24,0.6,-4.50967959,-0.447018123,0.203441297,-4.541606931,-0.195716363,2.193744187
837,920,28,0.7,-4.541606931,-0.195716363,2.193744187,-4.54186733,0.184177866,3.796338298
838,921,32,0.8,-4.54186733,0.184177866,3.796338298,-4.514938205,0.35161449,1.943657489
839,922,36,0.9,-4.514938205,0.35161449,1.943657489,-4.486627028,0.216854671,-1.064486422
841,925,4,0.1,5.765436455,-12.48119473,20.0,4.6744421,-9.390200359,20.0
842,926,8,0.2,4.6744421,-9.390200359,20.0,3.87759475,-6.593352997,20.0
843,927,12,0.3,3.87759475,-6.593352997,20.0,3.346902616,-4.062660866,19.99999997
844,928,16,0.4,3.346902616,-4.062660866,19.99999997,3.05127374,-1.886185203,18.80846787
845,929,20,0.5,3.05127374,-1.886185203,18.80846787,2.897444698,-1.201800139,5.305560225
846,930,24,0.6,2.897444698,-1.201800139,5.305560225,2.795767834,-0.837802758,2.623205169
847,931,28,0.7,2.795767834,-0.837802758,2.623205169,2.72657812,-0.550774524,2.178385206
848,932,32,0.8,2.72657812,-0.550774524,2.178385206,2.684054171,-0.303819689,2.044308862
849,933,36,0.9,2.684054171,-0.303819689,2.044308862,2.660773239,-0.164126777,1.164119799
851,936,4,0.1,1.734699233,-9.984397137,20.0,0.881306584,-7.131004471,20.0
852,937,8,0.2,0.881306584,-7.131004471,20.0,0.299450147,-4.549148023,20.0
853,938,12,0.3,0.299450147,-4.549148023,20.0,-0.036710164,-2.212987717,19.99999995
854,939,16,0.4,-0.036710164,-2.212987717,19.99999995,-0.172323954,-0.527376929,15.49996997
855,940,20,0.5,-0.172323954,-0.527376929,15.49996997,-0.220143393,-0.430624128,0.489333621
856,941,24,0.6,-0.220143393,-0.430624128,0.489333621,-0.252408037,-0.218208412,1.801510719
857,942,28,0.7,-0.252408037,-0.218208412,1.801510719,-0.263575304,-0.008629342,1.984118029
858,943,32,0.8,-0.263575304,-0.008629342,1.984118029,-0.263169203,0.016335358,0.253708011
859,944,36,0.9,-0.263169203,0.016335358,0.253708011,-0.261802053,0.011094973,-0.038732352
861,947,4,0.1,-5.812279733,-0.55757068,20.0,-5.829108825,0.208227647,7.489692346
862,948,8,0.2,-5.829108825,0.208227647,7.489692346,-5.828947729,-0.198232513,-4.062990642
863,949,12,0.3,-5.828947729,-0.198232513,-4.062990642,-5.860754246,-0.43396953,-2.675435342
864,950,16,0.4,-5.860754246,-0.43396953,-2.675435342,-5.908749,-0.524418327,-1.384435512
865,951,20,0.5,-5.908749,-0.524418327,-1.384435512,-5.956629303,-0.434683068,0.418549569
866,952,24,0.6,-5.956629303,-0.434683068,0.418549569,-5.988810434,-0.212639649,1.898622882
867,953,28,0.7,-5.988810434,-0.212639649,1.898622882,-5.988722643,0.207396026,4.201234654
868,954,32,0.8,-5.988722643,0.207396026,4.201234654,-5.955337795,0.456155631,2.821444529
869,955,36,0.9,-5.955337795,0.456155631,2.821444529,-5.91851402,0.283201947,-1.361299088
871,958,4,0.1,-7.605511083,-8.312912775,20.0,-8.299840964,-5.618582875,20.0
872,959,8,0.2,-8.299840964,-5.618582875,20.0,-8.737771456,-3.180652367,20.0
873,960,12,0.3,-8.737771456,-3.180652367,20.0,-8.943702186,-0.974721625,20.0
874,961,16,0.4,-8.943702186,-0.974721625,20.0,-9.017716175,-0.513248082,3.874595549
875,962,20,0.5,-9.017716175,-0.513248082,3.874595549,-9.065826301,-0.450008262,0.151296946
876,963,24,0.6,-9.065826301,-0.450008262,0.151296946,-9.097692122,-0.191614021,2.265284193
877,964,28,0.7,-9.097692122,-0.191614021,2.265284193,-9.098036925,0.178549589,3.698188068
878,965,32,0.8,-9.098036925,0.178549589,3.698188068,-9.0554934,0.664227626,5.282215616
879,966,36,0.9,-9.0554934,0.664227626,5.282215616,-9.001500173,0.419711509,-1.905228895
881,969,4,0.1,7.807269049,-4.398266126,-19.99999945,7.355425207,-4.63467127,-6.882489854
882,970,8,0.2,7.355425207,-4.63467127,-6.882489854,6.917651139,-4.129232677,0.676645235
883,971,12,0.3,6.917651139,-4.129232677,0.676645235,6.53668204,-3.500624364,2.476392149
884,972,16,0.4,6.53668204,-3.500624364,2.476392149,6.21853401,-2.872798247,3.09678087
885,973,20,0.5,6.21853401,-2.872798247,3.09678087,5.962051164,-2.266954398,3.493610032
886,974,24,0.6,5.962051164,-2.266954398,3.493610032,5.764978794,-1.684203895,3.856781322
887,975,28,0.7,5.764978794,-1.684203895,3.856781322,5.624877589,-1.127103664,4.169990258
888,976,32,0.8,5.624877589,-1.127103664,4.169990258,5.537698384,-0.624849928,4.150745315
889,977,36,0.9,5.537698384,-0.624849928,4.150745315,5.489800683,-0.337886027,2.390662003
891,980,4,0.1,-11.46351379,-14.7244762,20.0,-12.7679846,-11.42000537,20.0
892,981,8,0.2,-12.7679846,-11.42000537,20.0,-13.75799344,-8.429996518,20.0
893,982,12,0.3,-13.75799344,-8.429996518,20.0,-14.46346531,-5.724524626,20.0
894,983,16,0.4,-14.46346531,-5.724524626,20.0,-14.91147749,-3.276512427,20.0
895,984,20,0.5,-14.91147749,-3.276512427,20.0,-15.12653051,-1.061459394,20.0
896,985,24,0.6,-15.12653051,-1.061459394,20.0,-15.18804999,-0.183559463,8.163804497
897,986,28,0.7,-15.18804999,-0.183559463,8.163804497,-15.18856052,0.167499007,3.505479474
898,987,32,0.8,-15.18856052,0.167499007,3.505479474,-15.14114171,0.770823383,6.50743182
899,988,36,0.9,-15.14114171,0.770823383,6.50743182,-15.07398535,0.575557727,-1.281092956
901,991,4,0.1,-3.676620868,0.238510949,19.99999998,-3.654309171,0.208227634,-0.079716177
902,992,8,0.2,-3.654309171,0.208227634,-0.079716177,-3.654148074,-0.198232497,-4.062990345
903,993,12,0.3,-3.654148074,-0.198232497,-4.062990345,-3.685954592,-0.433969558,-2.675435789
904,994,16,0.4,-3.685954592,-0.433969558,-2.675435789,-3.733949346,-0.524418292,-1.384434872
905,995,20,0.5,-3.733949346,-0.524418292,-1.384434872,-3.781829649,-0.434683121,0.418548666
906,996,24,0.6,-3.781829649,-0.434683121,0.418548666,-3.814010779,-0.212639579,1.898624123
907,997,28,0.7,-3.814010779,-0.212639579,1.898624123,-3.813922991,0.207395923,4.201232911
908,998,32,0.8,-3.813922991,0.207395923,4.201232911,-3.788152245,0.306369703,1.247445259
909,999,36,0.9,-3.788152245,0.306369703,1.247445259,-3.763625667,0.18616494,-0.956781848
911,1002,4,0.1,5.583899757,-6.193742618,19.99999996,5.084353059,-3.836472629,18.57723291
912,1003,8,0.2,5.084353059,-3.836472629,18.57723291,4.745016586,-2.964782593,5.323535625
913,1004,12,0.3,4.745016586,-2.964782593,5.323535625,4.475986281,-2.424821346,2.709309429
914,1005,16,0.4,4.475986281,-2.424821346,2.709309429,4.256511038,-1.972225537,2.331205654
915,1006,20,0.5,4.256511038,-1.972225537,2.331205654,4.080609366,-1.552797207,2.435266582
916,1007,24,0.6,4.080609366,-1.552797207,2.435266582,3.945654816,-1.152956692,2.648859646
917,1008,28,0.7,3.945654816,-1.152956692,2.648859646,3.849751787,-0.771461075,2.855925884
918,1009,32,0.8,3.849751787,-0.771461075,2.855925884,3.790081769,-0.427668223,2.84122834
919,1010,36,0.9,3.790081769,-0.427668223,2.84122834,3.757299079,-0.231258526,1.636270064
921,1013,4,0.1,3.060547438,-4.960126586,20.0,2.685277344,-2.584856525,19.99999968
922,1014,8,0.2,2.685277344,-2.584856525,19.99999968,2.473633122,-1.663383243,7.098290606
923,1015,12,0.3,2.473633122,-1.663383243,7.098290606,2.326523095,-1.285120629,2.311525866
924,1016,16,0.4,2.326523095,-1.285120629,2.311525866,2.210997513,-1.029648176,1.399468703
925,1017,20,0.5,2.210997513,-1.029648176,1.399468703,2.119322197,-0.807559006,1.304138545
926,1018,24,0.6,2.119322197,-0.807559006,1.304138545,2.049167254,-0.599015004,1.383890596
927,1019,28,0.7,2.049167254,-0.599015004,1.383890596,1.999346627,-0.400702201,1.484921763
928,1020,32,0.8,1.999346627,-0.400702201,1.484921763,1.968354452,-0.222117222,1.475928037
929,1021,36,0.9,1.968354452,-0.222117222,1.475928037,1.95132826,-0.120106515,0.849845149
931,1024,4,0.1,-0.653346329,-7.463412423,20.0,-1.266835564,-4.849923173,20.0
932,1025,8,0.2,-1.266835564,-4.849923173,20.0,-1.631618414,-2.485140317,20.0
933,1026,12,0.3,-1.631618414,-2.485140317,20.0,-1.776278755,-0.442111305,18.98368671
934,1027,16,0.4,-1.776278755,-0.442111305,18.98368671,-1.824105996,-0.513248099,-1.189640343
935,1028,20,0.5,-1.824105996,-0.513248099,-1.189640343,-1.872216123,-0.450008255,0.151297165
936,1029,24,0.6,-1.872216123,-0.450008255,0.151297165,-1.904081944,-0.191614024,2.265284098
937,1030,28,0.7,-1.904081944,-0.191614024,2.265284098,-1.904426756,0.178549431,3.698186436
938,1031,32,0.8,-1.904426756,0.178549431,3.698186436,-1.88706847,0.168779096,0.075879511
939,1032,36,0.9,-1.88706847,0.168779096,0.075879511,-1.873750814,0.09874112,-0.567203202
941,1035,4,0.1,-4.124400672,-12.9857849,20.0,-5.263413131,-9.846772426,20.0
942,1036,8,0.2,-5.263413131,-9.846772426,20.0,-6.103709057,-7.006476481,20.0
943,1037,12,0.3,-6.103709057,-7.006476481,20.0,-6.673715088,-4.436470434,20.0
944,1038,16,0.4,-6.673715088,-4.436470434,20.0,-6.999152708,-2.111032804,20.0
945,1039,20,0.5,-6.999152708,-2.111032804,20.0,-7.12504177,-0.434682947,15.50460795
946,1040,24,0.6,-7.12504177,-0.434682947,15.50460795,-7.157222903,-0.212639812,1.898620021
947,1041,28,0.7,-7.157222903,-0.212639812,1.898620021,-7.157135118,0.207396081,4.20123678
948,1042,32,0.8,-7.157135118,0.207396081,4.20123678,-7.11965959,0.536628194,3.66707641
949,1043,36,0.9,-7.11965959,0.536628194,3.66707641,-7.07622914,0.335335132,-1.578626121
951,1046,4,0.1,-9.63530468,-7.030252796,20.0,-10.20757333,-4.457984132,20.0
952,1047,8,0.2,-10.20757333,-4.457984132,20.0,-10.53505825,-2.130499199,20.0
953,1048,12,0.3,-10.53505825,-2.130499199,20.0,-10.66186814,-0.433969514,15.69719788
954,1049,16,0.4,-10.66186814,-0.433969514,15.69719788,-10.7098629,-0.524418347,-1.384435878
955,1050,20,0.5,-10.7098629,-0.524418347,-1.384435878,-10.7577432,-0.43468304,0.418550046
956,1051,24,0.6,-10.7577432,-0.43468304,0.418550046,-10.78992433,-0.212639682,1.898622273
957,1052,28,0.7,-10.78992433,-0.212639682,1.898622273,-10.78983654,0.207396051,4.201235231
958,1053,32,0.8,-10.78983654,0.207396051,4.201235231,-10.74226151,0.735307455,5.754864319
959,1054,36,0.9,-10.74226151,0.735307455,5.754864319,-10.68179346,0.478335749,-1.965036529
961,1057,4,0.1,-0.136400492,-12.8694767,20.0,-1.264344762,-9.741532409,20.0
962,1058,8,0.2,-1.264344762,-9.741532409,20.0,-2.094625777,-6.911251377,20.0
963,1059,12,0.3,-2.094625777,-6.911251377,20.0,-2.655569941,-4.350307199,20.0
964,1060,16,0.4,-2.655569941,-4.350307199,20.0,-2.972808045,-2.03306909,20.0
965,1061,20,0.5,-2.972808045,-2.03306909,20.0,-3.094863891,-0.434683154,14.7633009
966,1062,24,0.6,-3.094863891,-0.434683154,14.7633009,-3.12704502,-0.212639535,1.898624901
967,1063,28,0.7,-3.12704502,-0.212639535,1.898624901,-3.126957233,0.207395844,4.201231655
968,1064,32,0.8,-3.126957233,0.207395844,4.201231655,-3.103591599,0.259055996,0.750257868
969,1065,36,0.9,-3.103591599,0.259055996,0.750257868,-3.082949404,0.155513329,-0.829004715
971,1068,4,0.1,8.981437064,-6.731776438,13.4454379,8.364882868,-5.617869511,4.973527303
972,1069,8,0.2,8.364882868,-5.617869511,4.973527303,7.846879879,-4.756543299,3.433232238
973,1070,12,0.3,7.846879879,-4.756543299,3.433232238,7.41050541,-3.983822621,3.363462084
974,1071,16,0.4,7.41050541,-3.983822621,3.363462084,7.048936659,-3.259620429,3.626334406
975,1072,20,0.5,7.048936659,-3.259620429,3.626334406,6.758016174,-2.57027641,3.984235349
976,1073,24,0.6,6.758016174,-2.57027641,3.984235349,6.534593997,-1.909183506,4.376707273
977,1074,28,0.7,6.534593997,-1.909183506,4.376707273,6.375781147,-1.277598178,4.727724768
978,1075,32,0.8,6.375781147,-1.277598178,4.727724768,6.276962013,-0.708271691,4.705073538
979,1076,36,0.9,6.276962013,-0.708271691,4.705073538,6.222669695,-0.38299504,2.709843333
981,1079,4,0.1,3.751326803,-2.340125814,-11.8477115,3.521095656,-2.265736742,-1.558420752
982,1080,8,0.2,3.521095656,-2.265736742,-1.558420752,3.308797014,-1.984915681,0.685224186
983,1081,12,0.3,3.308797014,-1.984915681,0.685224186,3.126000963,-1.676150553,1.259690775
984,1082,16,0.4,3.126000963,-1.676150553,1.259690775,2.973733988,-1.374220293,1.496632839
985,1083,20,0.5,2.973733988,-1.374220293,1.496632839,2.851057138,-1.084150395,1.673930489
986,1084,24,0.6,2.851057138,-1.084150395,1.673930489,2.75681161,-0.80540515,1.84499716
987,1085,28,0.7,2.75681161,-0.80540515,1.84499716,2.689814103,-0.538984581,1.994230631
988,1086,32,0.8,2.689814103,-0.538984581,1.994230631,2.648124799,-0.298803856,1.984914201
989,1087,36,0.9,2.648124799,-0.298803856,1.984914201,2.625220078,-0.161577292,1.143218429
991,1090,4,0.1,-9.82355388,-13.81438301,20.0,-11.04141787,-10.596519,20.0
992,1091,8,0.2,-11.04141787,-10.596519,20.0,-11.95306162,-7.684875237,20.0
993,1092,12,0.3,-11.95306162,-7.684875237,20.0,-12.58762583,-5.050311011,20.0
994,1093,16,0.4,-12.58762583,-5.050311011,20.0,-12.9714781,-2.66645872,20.0
995,1094,20,0.5,-12.9714781,-2.66645872,20.0,-13.12847684,-0.509459975,20.0
996,1095,24,0.6,-13.12847684,-0.509459975,20.0,-13.16285627,-0.183559461,2.915210807
997,1096,28,0.7,-13.16285627,-0.183559461,2.915210807,-13.16336679,0.167499005,3.505479432
998,1097,32,0.8,-13.16336679,0.167499005,3.505479432,-13.11594799,0.770823363,6.507431631
999,1098,36,0.9,-13.11594799,0.770823363,6.507431631,-13.05075817,0.53687151,-1.687620362
