,0,1,x1,x2,u,ctg
1,4,0.1,-5.210666418,-7.961239966,20,510.5611602
2,8,0.2,-5.871530207,-5.300376159,20,418.0287739
3,12,0.3,-6.279179327,-2.892727025,20,353.4599195
4,16,0.4,-6.457710338,-0.714196006,20,303.6639568
5,20,0.5,-6.518915113,-0.513248059,1.397431726,259.4518581
6,24,0.6,-6.567025239,-0.450008295,0.151296376,216.6824162
7,28,0.7,-6.598891061,-0.191613998,2.265284746,173.3539738
8,32,0.8,-6.599235865,0.178549555,3.698187489,129.746237
9,36,0.9,-6.56544078,0.49212674,3.473722709,86.09606013
10,40,1,-6.525576775,0.308217992,-1.440447427,42.68852502
12,4,0.1,9.030081991,-5.961541565,-16.3557236,666.4139782
13,8,0.2,8.456869433,-5.510230196,-1.219011897,547.9940711
14,12,0.3,7.943003608,-4.779266981,2.170973908,446.1053637
15,16,0.4,7.503353725,-4.026278397,3.133387008,360.1490989
16,20,0.5,7.137690846,-3.299096861,3.615186568,287.5887735
17,24,0.6,6.843199274,-2.602345175,4.022601139,225.6927549
18,28,0.7,6.616980314,-1.93318483,4.429413852,172.0102716
19,32,0.8,6.456169292,-1.293692048,4.786817602,124.390541
20,36,0.9,6.356105082,-0.71719877,4.764290682,80.92021182
21,40,1,6.301128435,-0.387822857,2.743992661,39.8922736
23,4,0.1,-7.034115153,0.766871933,2.803135297,501.6886007
24,8,0.2,-6.985825635,0.208227616,-5.103547994,451.5824443
25,12,0.3,-6.985664538,-0.198232476,-4.062989955,402.6070948
26,16,0.4,-7.017471055,-0.433969573,-2.675436138,353.6857502
27,20,0.5,-7.065465809,-0.524418273,-1.384434538,304.2167308
28,24,0.6,-7.113346113,-0.434683136,0.418548339,254.0113259
29,28,0.7,-7.145527242,-0.21263956,1.898624461,203.2218076
30,32,0.8,-7.145439453,0.207395923,4.201232725,152.1000086
31,36,0.9,-7.108004881,0.53582264,3.65861289,100.9114388
32,40,1,-7.064640565,0.334813273,-1.576450517,50.03367223
34,4,0.1,-1.879338121,-7.162301265,20,166.9002106
35,8,0.2,-2.46417284,-4.57746653,20,110.0697394
36,12,0.3,-2.803028013,-2.23861135,20,81.04439178
37,16,0.4,-2.935313879,-0.437125731,16.69199753,66.17604497
38,20,0.5,-2.983243696,-0.520088131,-1.308922167,55.97578459
39,24,0.6,-3.031213091,-0.440623959,0.314947763,46.79698359
40,28,0.7,-3.063271991,-0.204488952,2.040761084,37.41408535
41,32,0.8,-3.063351899,0.19621353,4.006225734,27.9678108
42,36,0.9,-3.040878499,0.25231952,0.785793894,18.46493697
43,40,1,-3.020755611,0.151813071,-0.803835606,9.151242427
45,4,0.1,2.056481507,-1.424616738,-1.245297948,34.59176338
46,8,0.2,1.922065481,-1.26634126,0.238594524,28.32536051
47,12,0.3,1.804463108,-1.088666946,0.600719418,23.02711997
48,16,0.4,1.704414358,-0.915198721,0.734194743,18.58403282
49,20,0.5,1.62131674,-0.749514569,0.825865342,14.83872061
50,24,0.6,1.554415786,-0.591143602,0.914700128,11.64487028
51,28,0.7,1.50302909,-0.439123552,1.006333539,8.875027706
52,32,0.8,1.466500952,-0.293859863,1.087355517,6.418038229
53,36,0.9,1.443771565,-0.16291002,1.082204551,4.175147857
54,40,1,1.43128375,-0.088093018,0.623291872,2.058276017
56,4,0.1,4.440568412,-8.234685523,20,220.5486023
57,8,0.2,3.753682837,-5.547799942,20,131.0199088
58,12,0.3,3.322488229,-3.11660539,19.99999944,84.15168976
59,16,0.4,3.073501955,-1.883665658,9.839534577,61.39953269
60,20,0.5,2.910014105,-1.394246962,3.259308462,47.92083991
61,24,0.6,2.787061402,-1.070206852,2.010874083,37.45561777
62,28,0.7,2.69431851,-0.789331467,1.88132492,28.52234573
63,32,0.8,2.628710333,-0.52720021,1.965230803,20.62225241
64,36,0.9,2.587940554,-0.292112833,1.943175976,13.41488368
65,40,1,2.565549591,-0.157942225,1.117796457,6.613237797
67,4,0.1,-3.512662094,0.770024601,3.307421465,127.9978683
68,8,0.2,-3.464437441,0.203902257,-5.17897691,115.0114403
69,12,0.3,-3.464187352,-0.192298233,-3.959504004,102.8334283
70,16,0.4,-3.496115964,-0.442111162,-2.817415414,90.71746736
71,20,0.5,-3.543943208,-0.513248289,-1.189643711,78.2594891
72,24,0.6,-3.59205333,-0.450007986,0.151301807,65.42945558
73,28,0.7,-3.623919156,-0.191614382,2.265277775,52.3239868
74,32,0.8,-3.624263953,0.178550065,3.69819651,39.12882326
75,36,0.9,-3.600884382,0.28723033,1.32059836,25.89327065
76,40,1,-3.577842062,0.175478287,-0.887097233,12.83568116
78,4,0.1,0.766168172,-0.693098758,6.484883685,5.27353931
79,8,0.2,0.707535897,-0.483047019,1.514194646,3.995871172
80,12,0.3,0.663177668,-0.40541127,0.332775204,3.250465778
81,16,0.4,0.621294433,-0.431813467,-0.682854323,2.645749164
82,20,0.5,0.57325531,-0.527376536,-1.436021916,2.070948071
83,24,0.6,0.525435869,-0.430624557,0.489325372,1.453889615
84,28,0.7,0.493171221,-0.218208084,1.801518253,0.991172057
85,32,0.8,0.47679298,-0.111140888,0.90688955,0.684112096
86,36,0.9,0.468469054,-0.056252302,0.465646598,0.440316009
87,40,1,0.464186241,-0.029844018,0.221254708,0.2166043
89,4,0.1,0.572574304,-6.499679888,20,70.07128132
90,8,0.2,0.050796345,-3.977901918,20,25.49760134
91,12,0.3,-0.231002712,-1.696102873,19.99999988,7.671317399
92,16,0.4,-0.336868603,-0.442111335,11.48125646,2.741190214
93,20,0.5,-0.384695846,-0.513248102,-1.189640099,1.773151076
94,24,0.6,-0.432805973,-0.45000826,0.151297158,1.354660349
95,28,0.7,-0.464671796,-0.191614063,2.265283734,0.964717451
96,32,0.8,-0.472779491,0.025836607,2.093429753,0.686424072
97,36,0.9,-0.469577279,0.038004858,0.153704627,0.440323854
98,40,1,-0.466535112,0.023087074,-0.118756165,0.218258539
100,4,0.1,-4.906634739,-4.421252809,20,319.0969502
101,8,0.2,-5.230624211,-2.097263326,20,273.4744094
102,12,0.3,-5.343658512,-0.1951198,17.89109225,239.7164663
103,16,0.4,-5.375529071,-0.438240061,-2.749908204,209.5232523
104,20,0.5,-5.423435961,-0.518559309,-1.282261373,180.3970752
105,24,0.6,-5.471436811,-0.442721441,0.278370183,150.7062929
106,28,0.7,-5.503452555,-0.201611278,2.090944186,120.5732824
107,32,0.8,-5.503591669,0.192265485,3.937376486,90.22278501
108,36,0.9,-5.472811244,0.419555482,2.58070422,59.81878306
109,40,1,-5.438946623,0.260389269,-1.253015917,29.65779318
111,4,0.1,-7.190062253,-11.6203618,20,1117.159687
112,8,0.2,-8.199137523,-8.611286507,20,928.4298834
113,12,0.3,-8.92186142,-5.888562593,20,785.0497719
114,16,0.4,-9.385483879,-3.424940118,20,668.7749913
115,20,0.5,-9.614661662,-1.195762324,20,566.9574689
116,24,0.6,-9.694969497,-0.423267155,6.921873337,471.0859025
117,28,0.7,-9.727385506,-0.228301896,1.625492507,376.6747522
118,32,0.8,-9.727863661,0.211411451,4.392351911,281.9873905
119,36,0.9,-9.681147488,0.714528136,5.498328586,187.2149006
120,40,1,-9.623123829,0.450347312,-2.061571655,92.82857533
122,4,0.1,-10.03214411,-6.198090353,20,1228.826701
123,8,0.2,-10.52522203,-3.705012416,20,1087.766461
124,12,0.3,-10.78105222,-1.449182216,20,961.2590452
125,16,0.4,-10.87436393,-0.433969505,9.21900994,840.9278292
126,20,0.5,-10.92235869,-0.524418359,-1.384436081,722.0627579
127,24,0.6,-10.97023899,-0.434683026,0.418550306,602.4802407
128,28,0.7,-11.00242012,-0.212639701,1.898621934,481.9442719
129,32,0.8,-11.00233233,0.207396057,4.201235472,360.8277838
130,36,0.9,-10.9547573,0.735307482,5.754864555,239.645202
131,40,1,-10.89408291,0.482394955,-1.922381311,118.932225
133,4,0.1,1.408839059,-1.034025003,1.364579168,16.29940166
134,8,0.2,1.313463972,-0.876108232,0.625416853,13.23605608
135,12,0.3,1.232520511,-0.744946659,0.502181113,10.74134711
136,16,0.4,1.164012454,-0.62717698,0.492616221,8.666033846
137,20,0.5,1.106367851,-0.527378126,0.421542503,6.916544535
138,24,0.6,1.058548356,-0.430624068,0.489345633,5.413478536
139,28,0.7,1.021899585,-0.30445384,0.895214568,4.10631953
140,32,0.8,0.996714898,-0.200964423,0.783047308,2.965341583
141,36,0.9,0.981192443,-0.110984099,0.744578692,1.928448479
142,40,1,0.972687315,-0.059968583,0.425103874,0.950620411
144,4,0.1,-9.831453344,-9.812797098,20,1474.231659
145,8,0.2,-10.66851609,-6.975734333,20,1279.283198
146,12,0.3,-11.23559662,-4.408653787,20,1114.805093
147,16,0.4,-11.55838713,-2.085863257,20,967.1302329
148,20,0.5,-11.68703242,-0.513248238,14.43969738,827.1830943
149,24,0.6,-11.73514254,-0.450008048,0.151300666,689.2904195
150,28,0.7,-11.76700836,-0.191614297,2.265279257,551.3742274
151,32,0.8,-11.76735316,0.17854997,3.698194702,412.8493681
152,36,0.9,-11.71953504,0.767990119,6.372582709,274.2785044
153,40,1,-11.65589399,0.509144153,-1.952049206,136.138145
155,4,0.1,-0.148567441,-1.649239212,19.99999989,7.72885482
156,8,0.2,-0.239557295,-0.194794574,13.63454784,2.986792579
157,12,0.3,-0.258909856,-0.192298251,-0.168562378,1.961955481
158,16,0.4,-0.29083847,-0.442111174,-2.817415373,1.857800484
159,20,0.5,-0.338665715,-0.513248295,-1.189643659,1.538062031
160,24,0.6,-0.386775838,-0.450008005,0.151301665,1.152867492
161,28,0.7,-0.418641666,-0.191614386,2.265277918,0.800650277
162,32,0.8,-0.427071092,0.019507745,2.026927052,0.563015939
163,36,0.9,-0.424407853,0.033523472,0.16678965,0.359703503
164,40,1,-0.421714501,0.020559603,-0.102705166,0.17831856
166,4,0.1,-9.966425222,-10.49035688,20,1573.196673
167,8,0.2,-10.86796631,-7.588815777,20,1361.819454
168,12,0.3,-11.49338925,-4.963392818,20,1184.116637
169,16,0.4,-11.86897016,-2.587811889,20,1025.383373
170,20,0.5,-12.02240186,-0.515357245,19.19022945,875.8141496
171,24,0.6,-12.07046859,-0.44711456,0.20175954,729.1690854
172,28,0.7,-12.10239395,-0.195584063,2.196051394,583.2727584
173,32,0.8,-12.10265707,0.183996357,3.793172997,436.7424528
174,36,0.9,-12.05464214,0.766593826,6.306123947,290.1623491
175,40,1,-11.99077071,0.515026871,-1.876955238,144.0614498
177,4,0.1,2.941619294,-9.825789885,20,201.5853102
178,8,0.2,2.103320121,-6.987490696,20,94.38603926
179,12,0.3,1.535120826,-4.419291392,20,39.1370575
180,16,0.4,1.211318006,-2.095488598,19.99999975,15.25032514
181,20,0.5,1.067775772,-0.796994047,11.54952317,7.391961417
182,24,0.6,1.005904815,-0.446269536,2.88853553,4.949659379
183,28,0.7,0.968893035,-0.296462427,1.127953294,3.696940196
184,32,0.8,0.944552405,-0.192089422,0.800323761,2.663935119
185,36,0.9,0.929743972,-0.105521806,0.717591825,1.731654936
186,40,1,0.921660505,-0.056956806,0.404815332,0.853521542
188,4,0.1,-3.779954593,0.769721757,6.365230854,147.8288528
189,8,0.2,-3.73172371,0.204317749,-5.171731245,132.7457437
190,12,0.3,-3.731482169,-0.192868272,-3.969444803,118.6445021
191,16,0.4,-3.763399053,-0.441329086,-2.803776979,104.6045623
192,20,0.5,-3.811242388,-0.51432127,-1.208355185,90.20731266
193,24,0.6,-3.859330434,-0.448535892,0.176973323,75.40991714
194,28,0.7,-3.891226548,-0.193634046,2.230057319,60.3141447
195,32,0.8,-3.891529791,0.181320979,3.74651782,45.11014074
196,36,0.9,-3.867048596,0.30622159,1.493818056,29.86307735
197,40,1,-3.842455485,0.187617039,-0.940114405,14.80408338
199,4,0.1,5.004986804,-2.777303079,-19.99999956,205.0789321
200,8,0.2,4.717771146,-2.963900636,-4.738132154,170.3156269
201,12,0.3,4.4374923,-2.646957794,0.366639954,139.1613059
202,16,0.4,4.193217575,-2.245231018,1.574520522,112.4629103
203,20,0.5,3.989151252,-1.8428015,1.983631938,89.82637873
204,24,0.6,3.824623834,-1.454222096,2.240519869,70.49745967
205,28,0.7,3.698203968,-1.080404484,2.473977459,53.72985065
206,32,0.8,3.608329984,-0.723030435,2.675000646,38.85526139
207,36,0.9,3.552405019,-0.400837841,2.662676292,25.27666497
208,40,1,3.521678903,-0.216752076,1.533596488,12.46096335
210,4,0.1,-1.989631313,-13.94813732,20,642.0214273
211,8,0.2,-3.220223713,-10.71754491,20,441.5122597
212,12,0.3,-4.143384597,-7.794384004,20,314.2766502
213,16,0.4,-4.788369942,-5.149398643,20,234.3565922
214,20,0.5,-5.181651651,-2.756116921,20,182.9117992
215,24,0.6,-5.347182493,-0.590586083,19.99999996,146.4661048
216,28,0.7,-5.385550638,-0.183559464,3.68658474,115.5249523
217,32,0.8,-5.386061161,0.167498999,3.505479398,86.41914804
218,36,0.9,-5.357175129,0.406243243,2.676302772,57.31999536
219,40,1,-5.324328678,0.253235465,-1.201613284,28.41982345
221,4,0.1,2.434487579,-1.884986205,5.877050736,49.03241713
222,8,0.2,2.26387723,-1.533084808,1.812910489,39.37981574
223,12,0.3,2.122949687,-1.289524722,1.026325428,31.88789337
224,16,0.4,2.004735181,-1.078285451,0.930247656,25.71283727
225,20,0.5,1.906888803,-0.881914417,0.985246559,20.52684781
226,24,0.6,1.828181687,-0.695337003,1.078702978,16.10799631
227,28,0.7,1.767739962,-0.516477995,1.184172829,12.27643648
228,32,0.8,1.724777561,-0.345617221,1.278983738,8.877771059
229,36,0.9,1.698044923,-0.191602036,1.272825459,5.775283163
230,40,1,1.683357738,-0.103607983,0.73306869,2.847114838
232,4,0.1,-2.971433607,-4.181482257,20,143.5405268
233,8,0.2,-3.272605894,-1.880309962,20,115.2263153
234,12,0.3,-3.374829858,-0.192298167,15.8578783,98.98080041
235,16,0.4,-3.406758472,-0.442111251,-2.817416974,86.29698374
236,20,0.5,-3.454585714,-0.513248168,-1.189641587,74.4558289
237,24,0.6,-3.502695838,-0.450008152,0.151298908,62.25116653
238,28,0.7,-3.534561661,-0.191614156,2.265281732,49.7796666
239,32,0.8,-3.534906463,0.178549754,3.698191085,37.22416697
240,36,0.9,-3.511839756,0.281075907,1.255928602,24.62834017
241,40,1,-3.489302704,0.171491237,-0.870476184,12.20843125
243,4,0.1,6.061566867,-9.659090123,20,372.7903322
244,8,0.2,5.239131272,-6.83665452,20,240.7497174
245,12,0.3,4.685285936,-4.282809211,19.99999972,164.5613758
246,16,0.4,4.340703658,-2.636274026,13.01952908,122.2670169
247,20,0.5,4.111214556,-1.964699069,4.42085854,95.6278272
248,24,0.6,3.937806743,-1.511017287,2.802739695,74.76797969
249,28,0.7,3.806834228,-1.11503167,2.650131025,56.93920775
250,32,0.8,3.714148942,-0.744842841,2.775035422,41.16880932
251,36,0.9,3.656547463,-0.412721166,2.745201967,26.78061199
252,40,1,3.624911572,-0.223155565,1.579297096,13.20225321
254,4,0.1,-1.821083355,-4.551832762,20,85.69362374
255,8,0.2,-2.157499152,-2.215416958,20,59.65809766
256,12,0.3,-2.276199256,-0.192298155,19.04418699,48.09522277
257,16,0.4,-2.30812787,-0.442111275,-2.81741735,41.06375585
258,20,0.5,-2.355955112,-0.513248135,-1.189641009,35.50115
259,24,0.6,-2.404065238,-0.450008204,0.151298047,29.68012563
260,28,0.7,-2.43593106,-0.191614086,2.265282959,23.69797413
261,32,0.8,-2.436275865,0.178549622,3.698189031,17.70184051
262,36,0.9,-2.417055533,0.205409413,0.460801229,11.66613744
263,40,1,-2.400730585,0.122471618,-0.666128466,5.780725275
265,4,0.1,9.107240345,-6.290654795,-6.193974122,678.339953
266,8,0.2,8.513032822,-5.604922636,0.915246363,555.633962
267,12,0.3,7.992382142,-4.821151644,2.631203115,451.742888
268,16,0.4,7.549290096,-4.05348164,3.245779577,364.5865964
269,20,0.5,7.181239273,-3.319761441,3.656693771,291.1114266
270,24,0.6,6.884919474,-2.618323232,4.051184092,228.4535561
271,28,0.7,6.657314708,-1.944992397,4.457260697,174.1137629
272,32,0.8,6.495522046,-1.301582563,4.816171713,125.9115925
273,36,0.9,6.394847609,-0.721571413,4.793367138,81.90969111
274,40,1,6.339535788,-0.390187165,2.760724258,40.38006802
276,4,0.1,1.322060278,-3.578646173,20,28.49390128
277,8,0.2,1.078255409,-1.33484171,19.99999594,11.93934947
278,12,0.3,0.976232205,-0.715935763,5.168827429,6.994913165
279,16,0.4,0.913858022,-0.534570159,1.189914204,5.395735946
280,20,0.5,0.860766673,-0.527376677,-0.45897866,4.267754729
281,24,0.6,0.812947233,-0.430624406,0.4893283,3.247655996
282,28,0.7,0.778909416,-0.253090337,1.434962518,2.400138203
283,32,0.8,0.758466918,-0.157354939,0.752929011,1.719088019
284,36,0.9,0.746389734,-0.085387998,0.598897566,1.116220866
285,40,1,0.739854396,-0.045975527,0.328771329,0.550038729
287,4,0.1,8.854694515,-6.512745761,8.662388608,644.0951527
288,8,0.2,8.254018388,-5.517363711,3.947059229,522.8984955
289,12,0.3,7.744392748,-4.688953616,3.187844563,424.2504773
290,16,0.4,7.314036009,-3.930814703,3.277821738,342.2377605
291,20,0.5,6.957241181,-3.216977171,3.570427033,273.2376129
292,24,0.6,6.670119246,-2.536795996,3.930592399,214.4217262
293,28,0.7,6.449605952,-1.884342297,4.31940406,163.4186537
294,32,0.8,6.29285923,-1.2609798,4.666157743,118.1772046
295,36,0.9,6.195325448,-0.699059605,4.643864137,76.87819216
296,40,1,6.141739275,-0.378013724,2.674597077,37.89962305
298,4,0.1,0.207679273,-12.19951369,20,346.7213121
299,8,0.2,-0.856509587,-9.135324808,20,195.8500472
300,12,0.3,-1.629102321,-6.362732057,20,109.6622792
301,16,0.4,-2.13784797,-3.853986395,20,64.5239456
302,20,0.5,-2.407854906,-1.583979461,19.99999999,43.10034052
303,24,0.6,-2.50783049,-0.434683954,10.49319923,32.79358434
304,28,0.7,-2.540011603,-0.212638439,1.898644016,25.76488429
305,32,0.8,-2.53992384,0.207394313,4.201205154,19.24998599
306,36,0.9,-2.518613534,0.218624666,0.32540659,12.66750986
307,40,1,-2.501290685,0.12932047,-0.719813469,6.275769531
309,4,0.1,4.659217815,-3.308611974,0.176900288,177.7957231
310,8,0.2,4.34999628,-2.882912528,1.164779111,145.1403428
311,12,0.3,4.082856495,-2.466816954,1.489557886,117.899907
312,16,0.4,3.856274989,-2.071402304,1.688331446,95.13391001
313,20,0.5,3.668221257,-1.695929177,1.87419395,75.9580934
314,24,0.6,3.516849027,-1.337488442,2.070685046,59.60850742
315,28,0.7,3.400585283,-0.993518318,2.277063799,45.42996632
316,32,0.8,3.317940427,-0.664855598,2.460178641,32.85298231
317,36,0.9,3.266515394,-0.368582132,2.448484331,21.37195827
318,40,1,3.238261854,-0.199309419,1.410191724,10.53600728
320,4,0.1,1.191815443,-13.87597429,20,443.6797118
321,8,0.2,-0.031909737,-10.6522491,20,247.7166251
322,12,0.3,-0.948856903,-7.735301912,20,132.2451961
323,16,0.4,-1.588219844,-5.095938957,20,69.50997102
324,20,0.5,-1.976414191,-2.707744601,20,39.01893489
325,24,0.6,-2.1373418,-0.546817037,19.99999956,25.78084101
326,28,0.7,-2.17355796,-0.183559447,3.2704143,18.91360226
327,32,0.8,-2.174068491,0.167498834,3.505477495,14.10207594
328,36,0.9,-2.156427837,0.185022239,0.351640592,9.286004411
329,40,1,-2.141743294,0.109920112,-0.604175845,4.600971911
331,4,0.1,0.31199614,-2.214731106,19.99999993,9.423855717
332,8,0.2,0.17764854,-0.500781969,15.79601536,2.421480267
333,12,0.3,0.142877563,-0.19965551,2.663554823,0.891568176
334,16,0.4,0.111100185,-0.432019949,-2.641418167,0.795819234
335,20,0.5,0.063065317,-0.527093119,-1.431080384,0.561949298
336,24,0.6,0.015240044,-0.431013397,0.482544492,0.269904952
337,28,0.7,-0.017016591,-0.217674363,1.81082399,0.082735898
338,32,0.8,-0.029797404,-0.040887859,1.640056906,0.018668788
339,36,0.9,-0.032141276,-0.006561582,0.319824055,0.002660152
340,40,1,-0.032556575,-0.001823365,0.043229175,0.001072599
342,4,0.1,-1.130600891,0.644188535,8.260512216,15.7636285
343,8,0.2,-1.088563199,0.203902197,-3.982486452,13.72921095
344,12,0.3,-1.088313109,-0.192298158,-3.959502655,12.42336402
345,16,0.4,-1.120241724,-0.442111287,-2.81741744,11.1235717
346,20,0.5,-1.168068965,-0.513248124,-1.189640778,9.633478589
347,24,0.6,-1.216179092,-0.450008232,0.151297648,7.99859362
348,28,0.7,-1.248044914,-0.191614057,2.265283538,6.316880172
349,32,0.8,-1.250677479,0.133544339,3.225258298,4.696890571
350,36,0.9,-1.238302721,0.114271986,-0.068975945,3.062850868
351,40,1,-1.229324194,0.066101271,-0.391921881,1.516375365
353,4,0.1,3.794425486,-5.652756466,20,140.2884108
354,8,0.2,3.353242942,-3.211574004,19.99999919,91.93709038
355,12,0.3,3.089896258,-2.074310915,8.739164042,68.37864473
356,16,0.4,2.906338727,-1.604665813,2.86087571,54.14655513
357,20,0.5,2.762064697,-1.28612296,1.742688221,43.08387492
358,24,0.6,2.647549334,-1.008805481,1.628021168,33.78557645
359,28,0.7,2.559910636,-0.748309356,1.72857427,25.74511821
360,32,0.8,2.497672898,-0.500573648,1.854979696,18.61706901
361,36,0.9,2.458956174,-0.277478457,1.843784673,12.11092038
362,40,1,2.437686314,-0.150042324,1.061662733,5.970462905
364,4,0.1,7.798349402,-1.661432362,-20,498.9762071
365,8,0.2,7.543494849,-3.406577785,-19.99999975,433.4015962
366,12,0.3,7.172687974,-3.999676405,-9.639054965,362.8925095
367,16,0.4,6.794085629,-3.579374347,0.41699714,294.9830885
368,20,0.5,6.466864658,-2.975114409,2.770389665,236.0106988
369,24,0.6,6.200867787,-2.355153958,3.539635799,185.3006793
370,28,0.7,5.996055137,-1.75116386,3.991774483,141.2405227
371,32,0.8,5.850370739,-1.172172358,4.333071038,102.1415993
372,36,0.9,5.759703548,-0.649874971,4.31630196,66.44689599
373,40,1,5.709887343,-0.351422497,2.48636269,32.75722124
375,4,0.1,-1.892816838,-3.899297147,20,76.57301124
376,8,0.2,-2.167135662,-1.62497832,20,55.78573741
377,12,0.3,-2.256805783,-0.192298139,13.43010059,46.44870589
378,16,0.4,-2.288734398,-0.442111294,-2.817417697,40.41671696
379,20,0.5,-2.336561639,-0.513248111,-1.189640577,34.94326021
380,24,0.6,-2.384671765,-0.450008235,0.151297493,29.21324007
381,28,0.7,-2.416537587,-0.191614047,2.26528367,23.32395878
382,32,0.8,-2.416882393,0.178549566,3.69818807,17.42193137
383,36,0.9,-2.397729962,0.204073706,0.446765708,11.48034795
384,40,1,-2.381514673,0.1216063,-0.662521174,5.688594903
386,4,0.1,6.43515856,-4.596664325,1.241177814,339.3053932
387,8,0.2,6.006514263,-3.986391127,1.816289018,276.757102
388,12,0.3,5.637317901,-3.407187908,2.100068564,224.7710796
389,16,0.4,5.324401401,-2.860256095,2.340153128,181.3607457
390,20,0.5,5.064739036,-2.341633472,2.589602588,144.8030489
391,24,0.6,4.855735272,-1.846689494,2.859402134,113.6346898
392,28,0.7,4.695208558,-1.371758977,3.144038035,86.6053818
393,32,0.8,4.581100176,-0.917970547,3.396800479,62.62925083
394,36,0.9,4.5100973,-0.508903631,3.380640396,40.74241081
395,40,1,4.471087463,-0.275187726,1.947060682,20.08530661
397,4,0.1,-10.83673408,-9.873408027,20,1718.9711
398,8,0.2,-11.67956472,-7.03057737,20,1502.052109
399,12,0.3,-12.25186425,-4.458277819,20,1314.210859
400,16,0.4,-12.57937712,-2.130764937,20,1142.22644
401,20,0.5,-12.71023007,-0.513248156,14.86663833,977.4455521
402,24,0.6,-12.75834019,-0.45000816,0.151298708,814.5270954
403,28,0.7,-12.79020601,-0.191614143,2.26528195,651.5492292
404,32,0.8,-12.79055081,0.178549759,3.698191006,487.8974859
405,36,0.9,-12.7427327,0.76799022,6.372585788,324.1990327
406,40,1,-12.67809808,0.528689797,-1.74665806,161.0289379
408,4,0.1,-5.039221035,-3.105566381,20,301.2021783
409,8,0.2,-5.238006389,-0.906781018,20,264.1638872
410,12,0.3,-5.292365048,-0.192298221,6.601241381,233.9049244
411,16,0.4,-5.32429366,-0.442111173,-2.817415644,205.6409361
412,20,0.5,-5.372120904,-0.513248276,-1.189643459,177.0576816
413,24,0.6,-5.420231026,-0.450008,0.151301534,147.9274986
414,28,0.7,-5.452096852,-0.191614364,2.265278096,118.3459726
415,32,0.8,-5.452441649,0.178550054,3.698196212,88.55823898
416,36,0.9,-5.422661524,0.413143201,2.643732717,58.72885565
417,40,1,-5.389281949,0.257049425,-1.227142005,29.11796372
419,4,0.1,0.194754121,-2.635760042,20,12.17004457
420,8,0.2,0.038842022,-0.517775799,19.62072144,3.184884404
421,12,0.3,0.003361509,-0.197176878,2.85118409,0.990420375
422,16,0.4,-0.028466736,-0.435418001,-2.700693684,0.9108841
423,20,0.5,-0.07643169,-0.522431103,-1.349780561,0.684016178
424,24,0.6,-0.124352881,-0.437409519,0.371003922,0.396130579
425,28,0.7,-0.156477918,-0.20889909,1.963853924,0.188651633
426,32,0.8,-0.167763974,-0.019970312,1.776427225,0.101243853
427,36,0.9,-0.168372363,0.007347318,0.267092406,0.056921821
428,40,1,-0.16770889,0.005945486,-0.007383598,0.028161893
430,4,0.1,-0.755872426,-13.79260948,20,528.7362051
431,8,0.2,-1.971664395,-10.5768175,20,335.9287856
432,12,0.3,-2.881433295,-7.667048577,20,218.1722568
433,16,0.4,-3.514301072,-5.034180784,20,149.0859651
434,20,0.5,-3.896618352,-2.651863493,20,109.3926769
435,24,0.6,-4.052228169,-0.496253691,19.99999985,85.17666233
436,28,0.7,-4.085958292,-0.183559462,2.789641061,66.5098415
437,32,0.8,-4.086468816,0.167498986,3.505479244,49.74218178
438,36,0.9,-4.06213273,0.316735855,1.73572954,32.95345656
439,40,1,-4.0366347,0.195249181,-0.959886438,16.33714886
441,4,0.1,-7.555522914,0.766871925,14.4927685,579.0809876
442,8,0.2,-7.507233396,0.208227627,-5.103547805,520.3567668
443,12,0.3,-7.5070723,-0.198232489,-4.062990194,463.8246238
444,16,0.4,-7.538878817,-0.433969555,-2.675435828,407.3466537
445,20,0.5,-7.586873571,-0.524418296,-1.384434952,350.2878406
446,24,0.6,-7.634753874,-0.434683103,0.418548897,292.4425921
447,28,0.7,-7.666935004,-0.212639603,1.898623708,233.9633001
448,32,0.8,-7.666847213,0.207395982,4.201233746,175.1181683
449,36,0.9,-7.627587161,0.571733773,4.035978429,116.2063572
450,40,1,-7.581274596,0.35807787,-1.673433376,57.61794616
452,4,0.1,-8.110561423,-12.83904872,20,1437.402312
453,8,0.2,-9.235610087,-9.714000036,20,1204.779933
454,12,0.3,-10.06327105,-6.886339055,20,1023.121643
455,16,0.4,-10.62184449,-4.327765595,20,872.4305531
456,20,0.5,-10.93693748,-2.012672595,20,738.8774176
457,24,0.6,-11.05741019,-0.423267325,14.68932559,613.2099652
458,28,0.7,-11.0898262,-0.228301662,1.625496574,489.6856084
459,32,0.8,-11.09030434,0.211411392,4.392349068,366.6360304
460,36,0.9,-11.04281193,0.729798596,5.65879621,243.5000215
461,40,1,-10.9824269,0.482030725,-1.873828437,120.8636104
463,4,0.1,1.271418389,-1.971137082,19.99999944,17.83614597
464,8,0.2,1.125524303,-0.963535217,8.617077788,10.33425997
465,12,0.3,1.043927476,-0.673238784,2.086996059,7.767784748
466,16,0.4,0.982859694,-0.550167693,0.620033092,6.20297195
467,20,0.5,0.929001465,-0.527376668,-0.310672036,4.932352075
468,24,0.6,0.881182023,-0.43062445,0.489327755,3.790699616
469,28,0.7,0.846418805,-0.267360518,1.285007146,2.827583233
470,32,0.8,0.824658798,-0.169470855,0.761296557,2.031420576
471,36,0.9,0.811624422,-0.092499302,0.639371776,1.319740211
472,40,1,0.804541822,-0.049863185,0.355535169,0.650405907
474,4,0.1,-9.535541077,0.650536436,20,920.3061447
475,8,0.2,-9.492971402,0.208227652,-3.997391087,826.9564035
476,12,0.3,-9.492810305,-0.198232518,-4.062990736,736.716643
477,16,0.4,-9.524616822,-0.433969523,-2.675435219,646.4813599
478,20,0.5,-9.572611576,-0.524418335,-1.384435668,555.538915
479,24,0.6,-9.620491879,-0.434683054,0.418549784,463.6194247
480,28,0.7,-9.65267301,-0.212639664,1.898622603,370.8757354
481,32,0.8,-9.652585219,0.207396045,4.201234989,277.6383997
482,36,0.9,-9.606373007,0.708497893,5.473140601,184.3347333
483,40,1,-9.548832309,0.446678984,-2.042782106,91.40058538
485,4,0.1,3.408848224,-7.448171274,20,149.1438421
486,8,0.2,2.796809376,-4.83613242,20,80.04834059
487,12,0.3,2.433338885,-2.472662007,19.99999922,46.83802112
488,16,0.4,2.23991284,-1.413508514,8.657274481,32.80282574
489,20,0.5,2.118384748,-1.023551518,2.684289041,25.41286789
490,24,0.6,2.028375306,-0.780684438,1.52857638,19.8416292
491,28,0.7,1.960772099,-0.574810371,1.382708596,15.10617189
492,32,0.8,1.913003686,-0.383741828,1.433001309,10.92157829
493,36,0.9,1.883329316,-0.212597496,1.414699616,7.104469936
494,40,1,1.867033493,-0.114946212,0.813554618,3.502336052
496,4,0.1,-0.425154242,-8.072507147,20,139.0105792
497,8,0.2,-1.096606503,-5.40105487,20,71.66445147
498,12,0.3,-1.513836469,-2.983824895,20,39.29051194
499,16,0.4,-1.70103659,-0.796624795,19.99999978,26.09560008
500,20,0.5,-1.766294121,-0.51324799,2.18119274,20.56746358
501,24,0.6,-1.81440425,-0.450008398,0.151294637,17.16045715
502,28,0.7,-1.846270075,-0.191613964,2.26528608,13.66577236
503,32,0.8,-1.84661489,0.178549312,3.698184617,10.19468565
504,36,0.9,-1.829459014,0.164797369,0.034039331,6.684436398
505,40,1,-1.816468252,0.096161614,-0.556449933,3.310352148
507,4,0.1,2.928801701,-3.842416354,19.99999985,80.39414086
508,8,0.2,2.632426991,-2.113881952,14.32159692,55.05209805
509,12,0.3,2.449332169,-1.557289478,3.734976526,42.62838859
510,16,0.4,2.308894751,-1.256471676,1.603803839,34.13425975
511,20,0.5,2.19535017,-1.018387348,1.245397472,27.21168277
512,24,0.6,2.10455695,-0.801097941,1.264961864,21.34725254
513,28,0.7,2.034940004,-0.5946807,1.368002954,16.26833403
514,32,0.8,1.985475669,-0.397885362,1.473310037,11.76435091
515,36,0.9,1.954700716,-0.220568488,1.465419207,7.653071307
516,40,1,1.937793172,-0.119270429,0.843905138,3.772828691
518,4,0.1,-3.664059419,-1.062457823,20,148.139776
519,8,0.2,-3.705712203,0.208227597,12.29032637,131.5856279
520,12,0.3,-3.705551105,-0.198232448,-4.062989475,117.0547056
521,16,0.4,-3.737357624,-0.433969622,-2.675436923,103.2017611
522,20,0.5,-3.785352376,-0.524418206,-1.384433369,89.00979966
523,24,0.6,-3.833232682,-0.434683236,0.41854664,74.39630931
524,28,0.7,-3.865413809,-0.212639423,1.898626865,59.5128111
525,32,0.8,-3.865326023,0.207395715,4.201229237,44.50814774
526,36,0.9,-3.839375325,0.309909963,1.284649457,29.43613785
527,40,1,-3.814558096,0.188458467,-0.96634267,14.59103916
529,4,0.1,-10.84427896,-13.88732429,20,2232.34284
530,8,0.2,-12.06908424,-10.66251899,20,1919.886678
531,12,0.3,-12.98700871,-7.744594497,20,1658.534572
532,16,0.4,-13.62725596,-5.104347232,20,1427.893433
533,20,0.5,-14.01625046,-2.715352716,20,1214.136967
534,24,0.6,-14.17790208,-0.553701091,20,1008.30855
535,28,0.7,-14.2144567,-0.18355946,3.33587003,804.9890577
536,32,0.8,-14.21496723,0.167499004,3.50547941,602.8489442
537,36,0.9,-14.16754842,0.770823377,6.507431791,400.6941531
538,40,1,-14.10133746,0.556959685,-1.476527295,199.1688228
540,4,0.1,8.458570988,-3.934999259,-19.99999992,580.7523879
541,8,0.2,8.017073261,-4.879220879,-13.85719347,491.7207456
542,12,0.3,7.549923867,-4.470576611,-0.585051272,402.6803765
543,16,0.4,7.136234883,-3.814141818,2.427458096,325.6912595
544,20,0.5,6.789348154,-3.134911383,3.323437062,260.1882706
545,24,0.6,6.509415357,-2.474745487,3.802330987,204.2101267
546,28,0.7,6.29426983,-1.838762995,4.208369658,155.6409846
547,32,0.8,6.141309885,-1.230570757,4.552322927,112.5535506
548,36,0.9,6.046127451,-0.682215653,4.531726699,73.21994093
549,40,1,5.993832368,-0.36890694,2.610136304,36.09618285
551,4,0.1,0.612628852,-9.211251953,20,162.7225531
552,8,0.2,-0.167189305,-6.43143378,20,75.50007647
553,12,0.3,-0.682472788,-3.916150285,20,32.10878374
554,16,0.4,-0.9583954,-1.64022768,19.99999993,14.30678158
555,20,0.5,-1.065130195,-0.513248092,10.20244793,8.697913007
556,24,0.6,-1.113240322,-0.450008269,0.151296956,6.779537351
557,28,0.7,-1.145106144,-0.191614022,2.265284256,5.337611439
558,32,0.8,-1.148458162,0.119391111,3.076531144,3.96396986
559,36,0.9,-1.137288714,0.104250152,-0.039715109,2.583434254
560,40,1,-1.129090251,0.060449015,-0.356026737,1.279132653
562,4,0.1,0.229754718,-0.304479173,7.356555828,1.386891743
563,8,0.2,0.207564902,-0.142024285,1.402650717,0.970802378
564,12,0.3,0.190500235,-0.198330761,-0.733711426,0.897711147
565,16,0.4,0.158695731,-0.433834918,-2.673086618,0.819394054
566,20,0.5,0.110698205,-0.52460305,-1.387656587,0.570270023
567,24,0.6,0.0628217,-0.434429681,0.422968649,0.273179616
568,28,0.7,0.030635353,-0.212987344,1.892559906,0.07960939
569,32,0.8,0.017799252,-0.046508867,1.536423748,0.015398341
570,36,0.9,0.014952179,-0.011023897,0.326378985,0.001115464
571,40,1,0.014187495,-0.004380506,0.058787059,0.000237753
573,4,0.1,6.018290029,-9.471993551,20,364.5018542
574,8,0.2,5.213659028,-6.667362542,20,236.5633775
575,12,0.3,4.675923952,-4.129627501,19.99999965,162.9274137
576,16,0.4,4.340453438,-2.605185919,11.88971067,122.0093257
577,20,0.5,4.112786238,-1.958927249,4.185914713,95.67596988
578,24,0.6,3.939695089,-1.51037044,2.754656589,74.83595387
579,28,0.7,3.808740646,-1.115301803,2.641141941,56.99559694
580,32,0.8,3.716026027,-0.745158604,2.774285797,41.21031537
581,36,0.9,3.65839907,-0.412916969,2.74614679,26.80772128
582,40,1,3.626748056,-0.223263667,1.580022884,13.21563049
584,4,0.1,4.373171393,-7.9315375,20,210.0351773
585,8,0.2,3.715134167,-5.27350026,20,126.0012621
586,12,0.3,3.310042626,-2.868408741,19.99999978,82.38923525
587,16,0.4,3.075764622,-1.834382251,7.997484854,61.2050844
588,20,0.5,2.915118833,-1.386005224,2.877312387,48.05999934
589,24,0.6,2.792577907,-1.070077877,1.933864203,37.59967641
590,28,0.7,2.699783977,-0.790460242,1.868237052,28.63741923
591,32,0.8,2.634070709,-0.528175798,1.965711757,20.70630676
592,36,0.9,2.59322375,-0.292687522,1.946413174,13.46968848
593,40,1,2.570788551,-0.158256601,1.119957225,6.640270449
595,4,0.1,-0.51480276,0.014505121,16.66307827,5.935132827
596,8,0.2,-0.503724597,0.203902053,2.004750951,4.28160966
597,12,0.3,-0.503474513,-0.192298143,-3.959501118,3.966200012
598,16,0.4,-0.535403128,-0.442111304,-2.817417765,3.597346605
599,20,0.5,-0.58323037,-0.51324812,-1.189640574,3.075538476
600,24,0.6,-0.631340497,-0.450008237,0.151297554,2.464880955
601,28,0.7,-0.66320632,-0.191614071,2.265283439,1.863668263
602,32,0.8,-0.669926421,0.053133605,2.380275743,1.361452143
603,36,0.9,-0.664399558,0.057333661,0.09726919,0.881498991
604,40,1,-0.659852906,0.0339884,-0.187986092,0.436737763
606,4,0.1,-2.549025227,0.176394432,19.99999985,71.49238489
607,8,0.2,-2.529937061,0.20489396,0.475876934,62.96374032
608,12,0.3,-2.529707376,-0.193658811,-3.983230853,56.52004495
609,16,0.4,-2.561607996,-0.440244506,-2.784863148,50.00379117
610,20,0.5,-2.609473645,-0.515809276,-1.234304196,43.20936311
611,24,0.6,-2.657531076,-0.446494407,0.212574382,36.12633366
612,28,0.7,-2.689469193,-0.196434894,2.181213955,28.86427904
613,32,0.8,-2.689714811,0.185163621,3.813528978,21.56865936
614,36,0.9,-2.669211158,0.224257985,0.595980172,14.22709301
615,40,1,-2.651358731,0.134289769,-0.721157888,7.050337205
617,4,0.1,4.57552491,-12.95171781,20,405.8958083
618,8,0.2,3.439754364,-9.81594725,20,215.2133857
619,12,0.3,2.602391841,-6.978584712,20,105.0286552
620,16,0.4,2.035040062,-4.411232926,20,47.55556736
621,20,0.5,1.712004106,-2.088197007,19.99999963,21.95520338
622,24,0.6,1.565229249,-0.867639363,10.73782788,12.66367865
623,28,0.7,1.497421739,-0.494725056,3.051067965,8.884433246
624,32,0.8,1.457637756,-0.30413065,1.508104229,6.350863424
625,36,0.9,1.434324428,-0.164463313,1.163540083,4.122288253
626,40,1,1.421740086,-0.08848953,0.633894422,2.031184381
628,4,0.1,1.16935408,-9.554178795,20,171.7804642
629,8,0.2,0.356902119,-6.741726818,20,77.1307428
630,12,0.3,-0.18790965,-4.196915036,20,29.55248319
631,16,0.4,-0.490550561,-1.894274132,19.99999994,9.90307733
632,20,0.5,-0.609776017,-0.513248247,12.61800429,4.074163002
633,24,0.6,-0.657886142,-0.450008073,0.151300495,2.642842287
634,28,0.7,-0.689751967,-0.19161428,2.265279675,2.007406387
635,32,0.8,-0.696286548,0.056783388,2.418630874,1.469275118
636,36,0.9,-0.690448863,0.059918068,0.08972364,0.951986932
637,40,1,-0.68570105,0.035445991,-0.197242637,0.471636872
639,4,0.1,8.614711167,-5.73343089,-13.89575173,606.5101264
640,8,0.2,8.065197222,-5.264659565,-0.807426207,498.4591886
641,12,0.3,7.574571633,-4.55960124,2.144327358,405.6918823
642,16,0.4,7.155197141,-3.839881911,3.003448376,327.5047928
643,20,0.5,6.806476316,-3.146095777,3.450653081,261.51815
644,24,0.6,6.525644994,-2.481603684,3.83660771,205.2325765
645,28,0.7,6.309922479,-1.84348023,4.224009391,156.4165793
646,32,0.8,6.156573583,-1.233659664,4.564716711,113.113827
647,36,0.9,6.06115276,-0.683917652,4.543211884,73.58432932
648,40,1,6.008727268,-0.369826173,2.61665987,36.27580932
650,4,0.1,-3.920227178,-7.225292684,20,326.7870422
651,8,0.2,-4.511056324,-4.634463522,20,257.2140066
652,12,0.3,-4.855335477,-2.290184358,20,213.3861254
653,16,0.4,-4.989996584,-0.433969528,17.21553724,182.5668984
654,20,0.5,-5.037991338,-0.524418331,-1.38443558,155.9966293
655,24,0.6,-5.085871641,-0.434683066,0.41854963,130.3306747
656,28,0.7,-5.118052772,-0.212639653,1.898622824,104.274759
657,32,0.8,-5.117964982,0.207396022,4.201234641,78.0170554
658,36,0.9,-5.087628706,0.396183569,2.191238239,51.69222487
659,40,1,-5.055728546,0.244349767,-1.199336423,25.62728998
661,4,0.1,3.048069914,-3.913293863,19.99999985,86.29185621
662,8,0.2,2.744579222,-2.185314841,14.24488329,59.68725718
663,12,0.3,2.554764985,-1.620383835,3.751167692,46.36435763
664,16,0.4,2.408511838,-1.309853741,1.642769479,37.14153343
665,20,0.5,2.290116813,-1.062174075,1.292846405,29.61139387
666,24,0.6,2.195414539,-0.835646248,1.318255526,23.23018783
667,28,0.7,2.122794258,-0.620347094,1.426788729,17.70334919
668,32,0.8,2.071194861,-0.415061693,1.536860045,12.80208459
669,36,0.9,2.039091354,-0.230090775,1.528674112,8.328150532
670,40,1,2.021453881,-0.124419579,0.880337224,4.105630994
672,4,0.1,4.822868513,-8.620907443,20,253.6154127
673,8,0.2,4.099229063,-5.897267986,20,154.0353068
674,12,0.3,3.634778174,-3.432817138,19.99999959,100.4538582
675,16,0.4,3.361033494,-2.064871742,10.94200717,73.4580124
676,20,0.5,3.181959572,-1.525593184,3.602046351,57.29913334
677,24,0.6,3.047455004,-1.17041679,2.206718264,44.78195837
678,28,0.7,2.946034157,-0.863120911,2.058750313,34.10075287
679,32,0.8,2.874293808,-0.576462901,2.149176617,24.65546565
680,36,0.9,2.829714587,-0.319405108,2.124785712,16.03849648
681,40,1,2.805231641,-0.172698499,1.222236636,7.906618645
683,4,0.1,-2.46970632,-2.051901591,20,79.33277368
684,8,0.2,-2.568222214,0.046614283,19.9999998,67.02302423
685,12,0.3,-2.575705466,-0.192298114,-2.463956488,58.42508604
686,16,0.4,-2.607634081,-0.442111324,-2.81741825,51.72349343
687,20,0.5,-2.655461322,-0.513248081,-1.189639976,44.68858628
688,24,0.6,-2.703571448,-0.450008272,0.151296821,37.36661164
689,28,0.7,-2.73543727,-0.19161401,2.265284404,29.85469116
690,32,0.8,-2.735782075,0.178549534,3.698187383,22.30970061
691,36,0.9,-2.715513161,0.226037417,0.677567977,14.72493416
692,40,1,-2.697494685,0.135835227,-0.721837136,7.297534028
694,4,0.1,-4.185752218,-3.796174513,20,231.8642678
695,8,0.2,-4.450257625,-1.531669097,20,197.9328052
696,12,0.3,-4.535340036,-0.192298244,12.54288441,173.7820021
697,16,0.4,-4.567268648,-0.442111143,-2.817415101,152.3890945
698,20,0.5,-4.615095892,-0.513248316,-1.18964418,131.2940002
699,24,0.6,-4.663206013,-0.450007945,0.151302496,109.72439
700,28,0.7,-4.695071841,-0.191614439,2.265276794,87.77627806
701,32,0.8,-4.695416636,0.178550152,3.698197956,65.67020498
702,36,0.9,-4.668286893,0.361004312,2.095839029,43.5230041
703,40,1,-4.639187842,0.223271868,-1.086333932,21.57781477
705,4,0.1,-4.559133746,-8.79910415,20,484.1731795
706,8,0.2,-5.299730854,-6.058507024,20,383.9632451
707,12,0.3,-5.779525664,-3.578712199,20,317.1705906
708,16,0.4,-6.023336796,-1.334901058,20,268.9604927
709,20,0.5,-6.115059656,-0.513248079,7.299301187,228.8979457
710,24,0.6,-6.163169782,-0.450008267,0.15129686,190.9741685
711,28,0.7,-6.195035604,-0.191614015,2.265284307,152.7868849
712,32,0.8,-6.195380407,0.178549577,3.69818788,114.3460453
713,36,0.9,-6.162999241,0.464311838,3.181434274,75.86304395
714,40,1,-6.125418798,0.29019844,-1.365329538,37.6142912
716,4,0.1,3.914541849,-1.657539279,-19.99999942,125.941939
717,8,0.2,3.719684626,-2.230064687,-7.673826316,105.8708647
718,12,0.3,3.504900052,-2.068322057,-0.530419437,86.76718446
719,16,0.4,3.313264061,-1.769379302,1.073067643,70.20349723
720,20,0.5,3.152295371,-1.455229462,1.531811501,56.08931801
721,24,0.6,3.02234075,-1.148966484,1.763083572,44.02292688
722,28,0.7,2.922451887,-0.853730559,1.953470611,33.55271697
723,32,0.8,2.851432847,-0.571355708,2.113558112,24.26405583
724,36,0.9,2.80723946,-0.316754671,2.104076507,15.78460357
725,40,1,2.782958699,-0.171284656,1.211892528,7.78154097
727,4,0.1,0.754613068,-14.00446494,20,469.0482155
728,8,0.2,-0.481339613,-10.76851224,20,270.3537365
729,12,0.3,-1.40935068,-7.840501153,20,152.1611929
730,16,0.4,-2.058724652,-5.191127165,20,86.70146521
731,20,0.5,-2.455977355,-2.793874453,20,53.51531677
732,24,0.6,-2.625101302,-0.624750533,19.99999973,37.67775754
733,28,0.7,-2.665149204,-0.183559458,4.011431726,28.39628752
734,32,0.8,-2.66565973,0.167498941,3.505478738,21.17911525
735,36,0.9,-2.646297981,0.218879841,0.707426488,13.98387565
736,40,1,-2.628833781,0.131854344,-0.695612963,6.930572001
738,4,0.1,-1.279800484,0.609527933,13.41177485,20.04045012
739,8,0.2,-1.239466943,0.203902197,-3.652921944,17.13165802
740,12,0.3,-1.239216853,-0.192298155,-3.959502622,15.48708441
741,16,0.4,-1.271145468,-0.44211129,-2.817417497,13.83605912
742,20,0.5,-1.318972709,-0.513248118,-1.189640698,11.98509672
743,24,0.6,-1.367082836,-0.450008238,0.151297536,9.974907856
744,28,0.7,-1.398948658,-0.191614047,2.2652837,7.903370506
745,32,0.8,-1.400526541,0.154292238,3.443284017,5.883939666
746,36,0.9,-1.386384856,0.128963532,-0.111870211,3.839377955
747,40,1,-1.376262791,0.074387222,-0.444542456,1.900620819
749,4,0.1,1.717188468,-1.001691502,-7.997581335,24.25548497
750,8,0.2,1.615821506,-1.025255076,-1.249305363,19.98355634
751,12,0.3,1.519239003,-0.908343206,0.203293665,16.3137254
752,16,0.4,1.435484614,-0.769065469,0.55523349,13.18034424
753,20,0.5,1.365599587,-0.630936837,0.682436046,10.52672504
754,24,0.6,1.30927167,-0.497839421,0.767694987,8.261452923
755,28,0.7,1.265993555,-0.369855585,0.847057216,6.29646975
756,32,0.8,1.235227036,-0.247513492,0.915755741,4.553349384
757,36,0.9,1.216082376,-0.137217671,0.911511603,2.962107581
758,40,1,1.205563994,-0.074200096,0.524991925,1.46026828
760,4,0.1,5.887231364,-6.777777631,20,306.5000601
761,8,0.2,5.338988896,-4.22953536,19.99999803,223.9022973
762,12,0.3,4.970995474,-3.148349834,7.131921049,175.5085259
763,16,0.4,4.686684958,-2.54786687,3.161724472,140.6313017
764,20,0.5,4.456357898,-2.066692562,2.508472489,112.1246777
765,24,0.6,4.272087744,-1.626053286,2.563691211,87.96287171
766,28,0.7,4.130777434,-1.207133743,2.776092336,67.03522616
767,32,0.8,4.030369928,-0.807672945,2.990532916,48.47619864
768,36,0.9,3.967899342,-0.447736715,2.97465644,31.53526486
769,40,1,3.933578344,-0.24210978,1.713059376,15.5463286
771,4,0.1,3.933869593,-5.490470803,20,146.6053581
772,8,0.2,3.508130568,-3.064731941,19.99999837,98.98475849
773,12,0.3,3.249753285,-2.118580274,6.877743848,75.28519687
774,16,0.4,3.060371273,-1.676427954,2.527703072,59.99940127
775,20,0.5,2.909227491,-1.351856304,1.734278687,47.79117185
776,24,0.6,2.788774625,-1.062030634,1.693728036,37.48501317
777,28,0.7,2.696495698,-0.788112449,1.816392582,28.56549662
778,32,0.8,2.630944545,-0.527257473,1.953038225,20.65678993
779,36,0.9,2.590163516,-0.292278774,1.941976699,13.43784849
780,40,1,2.567759102,-0.158046328,1.118280329,6.624618204
782,4,0.1,-9.380530625,-7.921929642,20,1207.857484
783,8,0.2,-10.03765354,-5.264806707,20,1055.10616
784,12,0.3,-10.44191778,-2.860542452,20,924.6334818
785,16,0.4,-10.61738602,-0.685074196,20,805.4171318
786,20,0.5,-10.67715897,-0.513248081,1.120531654,690.2189191
787,24,0.6,-10.7252691,-0.450008263,0.151296916,575.9474938
788,28,0.7,-10.75713492,-0.19161402,2.26528422,460.7134746
789,32,0.8,-10.75747973,0.178549589,3.698188055,344.9351494
790,36,0.9,-10.70966165,0.767989543,6.372580283,229.1115164
791,40,1,-10.64700127,0.48985286,-2.154763042,113.6218069
793,4,0.1,8.168464165,-5.448257592,-12.73815542,545.3064412
794,8,0.2,7.646731272,-4.993970465,-0.67445767,448.0878205
795,12,0.3,7.181418627,-4.323455797,2.052020241,364.6733059
796,16,0.4,6.78378134,-3.640667849,2.851506614,294.3872085
797,20,0.5,6.453155754,-2.982806417,3.272358449,235.0724013
798,24,0.6,6.186900898,-2.35278924,3.637623213,184.4785064
799,28,0.7,5.982376185,-1.747786702,4.004778258,140.598985
800,32,0.8,5.836987528,-1.169620942,4.327771021,101.6752105
801,36,0.9,5.74651996,-0.64841572,4.307376542,66.14312599
802,40,1,5.696815858,-0.350628615,2.480830024,32.60742393
804,4,0.1,-1.406253426,0.770023082,10.26033305,23.26463877
805,8,0.2,-1.35802885,0.2039022,-5.178963063,20.16778236
806,12,0.3,-1.35777876,-0.192298157,-3.959502677,18.1478556
807,16,0.4,-1.389707375,-0.442111288,-2.817417461,16.18892555
808,20,0.5,-1.437534617,-0.513248119,-1.189640719,14.02248736
809,24,0.6,-1.485644743,-0.450008238,0.151297547,11.68548173
810,28,0.7,-1.517510565,-0.191614045,2.26528371,9.275719558
811,32,0.8,-1.518259837,0.170592828,3.614576013,6.910507749
812,36,0.9,-1.502729951,0.140506248,-0.145566944,4.510967105
813,40,1,-1.491709441,0.080897275,-0.485884627,2.232921844
815,4,0.1,-3.112980354,-0.311048647,20,105.7080513
816,8,0.2,-3.117730893,0.207398519,5.136966261,93.92065331
817,12,0.3,-3.117552737,-0.197094975,-4.043153384,84.02545113
818,16,0.4,-3.149382658,-0.435530188,-2.702651343,74.18573419
819,20,0.5,-3.197345303,-0.522277155,-1.347096106,64.04091489
820,24,0.6,-3.245269659,-0.437620679,0.367321198,53.53605114
821,28,0.7,-3.277390349,-0.208609341,1.968906472,42.8120895
822,32,0.8,-3.27738548,0.201866596,4.10480806,32.00790118
823,36,0.9,-3.253824252,0.268251727,0.899463595,21.14164822
824,40,1,-3.232410415,0.161798942,-0.850389477,10.4782718
826,4,0.1,5.321813128,-4.459892243,19.99999742,237.3130363
827,8,0.2,4.929223344,-3.409408586,6.578938729,187.100703
828,12,0.3,4.618234279,-2.820191364,2.78228157,150.9629811
829,16,0.4,4.360199801,-2.348360722,2.137961642,121.6427085
830,20,0.5,4.147205005,-1.918695091,2.166708363,97.0937137
831,24,0.6,3.975989772,-1.512380368,2.350994888,76.18954037
832,28,0.7,3.844530947,-1.123280046,2.576414971,58.06611544
833,32,0.8,3.751093379,-0.751663884,2.781785945,41.99074961
834,36,0.9,3.692954141,-0.416702635,2.768220112,27.31635781
835,40,1,3.661011963,-0.22532995,1.594305062,13.46649122
837,4,0.1,-7.200793623,-2.574977259,20,565.1399953
838,8,0.2,-7.349086746,-0.426684125,20,504.6580586
839,12,0.3,-7.379946973,-0.194391316,2.014325826,448.4669232
840,16,0.4,-7.411832521,-0.439239516,-2.76733748,393.9452304
841,20,0.5,-7.459718848,-0.517188092,-1.258349032,338.7787469
842,24,0.6,-7.50774791,-0.444602701,0.245563299,282.8559409
843,28,0.7,-7.539724948,-0.199030252,2.135954104,226.2916892
844,32,0.8,-7.539917165,0.188724409,3.875624442,169.3818123
845,36,0.9,-7.502219475,0.559058183,4.080314637,112.4207423
846,40,1,-7.456891207,0.350974654,-1.627552614,55.74165432
848,4,0.1,9.049765758,-1.700206923,-20,674.4790398
849,8,0.2,8.791221317,-3.441662478,-19.99999996,587.6900759
850,12,0.3,8.389750053,-4.568977341,-15.28786126,496.5594631
851,16,0.4,7.953276075,-4.167197444,-0.346940814,404.1274097
852,20,0.5,7.571563191,-3.478536016,3.06948544,323.506673
853,24,0.6,7.260409397,-2.756570619,4.10811603,254.0307823
854,28,0.7,7.020659891,-2.050190527,4.66630586,193.634173
855,32,0.8,6.850093528,-1.372430862,5.071933017,140.0323545
856,36,0.9,6.74393562,-0.760917474,5.053554805,91.09638414
857,40,1,6.685607363,-0.411470815,2.911184013,44.909029
859,4,0.1,5.556174954,-4.519341956,19.99998973,257.6826419
860,8,0.2,5.154221475,-3.536112057,5.812764191,204.3871121
861,12,0.3,4.830715775,-2.943870995,2.687353617,165.1480835
862,16,0.4,4.561163161,-2.455322392,2.189959895,133.1097828
863,20,0.5,4.338425906,-2.006895263,2.256898731,106.2529857
864,24,0.6,4.159331934,-1.582063509,2.457377828,83.37794985
865,28,0.7,4.021814554,-1.175066255,2.694798738,63.54478923
866,32,0.8,3.924068982,-0.786323157,2.909975268,45.95270652
867,36,0.9,3.863248896,-0.435917676,2.895853951,29.89374526
868,40,1,3.829833792,-0.235720482,1.667820889,14.73709915
870,4,0.1,1.29260367,-1.05599484,5.367176517,13.98795648
871,8,0.2,1.199030478,-0.819411385,1.430102643,11.05797421
872,12,0.3,1.124065631,-0.682172499,0.622740387,8.938639133
873,16,0.4,1.061087865,-0.579100397,0.400943362,7.207817244
874,20,0.5,1.005807104,-0.52737674,-0.035571045,5.745748739
875,24,0.6,0.957987659,-0.430624445,0.489328499,4.455968255
876,28,0.7,0.922407924,-0.283423197,1.116215131,3.351593277
877,32,0.8,0.899164913,-0.183108639,0.77071548,2.41419851
878,36,0.9,0.885053115,-0.100503845,0.684929952,1.569202183
879,40,1,0.877354512,-0.054239164,0.385660776,0.773436498
881,4,0.1,-10.67784398,-10.53022249,20,1748.322088
882,8,0.2,-11.58317878,-7.624887674,20,1521.420151
883,12,0.3,-12.21203441,-4.99603202,20,1327.111208
884,16,0.4,-12.59072136,-2.61734506,20,1151.017087
885,20,0.5,-12.74553573,-0.51399242,19.48538268,983.640328
886,24,0.6,-12.79363054,-0.448987054,0.169105541,819.029058
887,28,0.7,-12.82551737,-0.193015063,2.240851595,655.1503432
888,32,0.8,-12.82583335,0.180471775,3.731708615,490.5940854
889,36,0.9,-12.77794578,0.767497464,6.349132575,325.9898859
890,40,1,-12.7133105,0.529179419,-1.736827668,161.9233777
892,4,0.1,1.705259644,-6.325550077,20,73.07809939
893,8,0.2,1.200052328,-3.820342755,20,28.15760515
894,12,0.3,0.933247005,-1.553537501,19.99999931,10.1224608
895,16,0.4,0.822942942,-0.66731171,7.759217286,4.8380322
896,20,0.5,0.763325107,-0.527376867,0.803170076,3.414464931
897,24,0.6,0.715505669,-0.430624153,0.489332762,2.550447942
898,28,0.7,0.682503742,-0.232712378,1.649098474,1.851865185
899,32,0.8,0.663942673,-0.140053072,0.740982366,1.318301148
900,36,0.9,0.653232385,-0.07523283,0.541099548,0.855121138
901,40,1,0.647478555,-0.040423826,0.290551746,0.421284667
903,4,0.1,-9.254206901,-6.967219573,20,1114.32916
904,8,0.2,-9.820477143,-4.400949313,20,978.1466664
905,12,0.3,-10.14253448,-2.078891961,20,860.3365402
906,16,0.4,-10.26680702,-0.433969513,15.20649915,751.1437427
907,20,0.5,-10.31480177,-0.524418349,-1.384435909,644.3918988
908,24,0.6,-10.36268207,-0.434683038,0.418550086,537.7121653
909,28,0.7,-10.3948632,-0.212639685,1.89862222,430.1371603
910,32,0.8,-10.39477541,0.207396052,4.201235269,322.0207399
911,36,0.9,-10.34720039,0.735307279,5.754862462,213.838119
912,40,1,-10.28711597,0.470789039,-2.044338188,106.067294
914,4,0.1,-4.430319625,0.769409519,-2.191504501,201.5023225
915,8,0.2,-4.382082317,0.204746135,-5.164260759,181.258586
916,12,0.3,-4.38184959,-0.193455995,-3.979694028,161.8806716
917,16,0.4,-4.413754381,-0.440522744,-2.789715398,142.5634508
918,20,0.5,-4.461614306,-0.515427537,-1.227647176,122.8492502
919,24,0.6,-4.50967959,-0.447018123,0.203441297,102.6700468
920,28,0.7,-4.541606931,-0.195716363,2.193744187,82.1328047
921,32,0.8,-4.54186733,0.184177866,3.796338298,61.44424372
922,36,0.9,-4.514938205,0.35161449,1.943657489,40.70970246
923,40,1,-4.486627028,0.216854671,-1.064486422,20.1825137
925,4,0.1,5.765436455,-12.48119473,20,448.6235007
926,8,0.2,4.6744421,-9.390200359,20,257.6030213
927,12,0.3,3.87759475,-6.593352997,20,145.5767496
928,16,0.4,3.346902616,-4.062660866,19.99999997,85.0687048
929,20,0.5,3.05127374,-1.886185203,18.80846787,55.36173437
930,24,0.6,2.897444698,-1.201800139,5.305560225,40.724976
931,28,0.7,2.795767834,-0.837802758,2.623205169,30.7447218
932,32,0.8,2.72657812,-0.550774524,2.178385206,22.19208453
933,36,0.9,2.684054171,-0.303819689,2.044308862,14.43077689
934,40,1,2.660773239,-0.164126777,1.164119799,7.113427704
936,4,0.1,1.734699233,-9.984397137,20,190.1078385
937,8,0.2,0.881306584,-7.131004471,20,85.41047085
938,12,0.3,0.299450147,-4.549148023,20,31.78254478
939,16,0.4,-0.036710164,-2.212987717,19.99999995,8.998126654
940,20,0.5,-0.172323954,-0.527376929,15.49996997,2.099464393
941,24,0.6,-0.220143393,-0.430624128,0.489333621,0.590397077
942,28,0.7,-0.252408037,-0.218208412,1.801510719,0.355299587
943,32,0.8,-0.263575304,-0.008629342,1.984118029,0.227747654
944,36,0.9,-0.263169203,0.016335358,0.253708011,0.138517626
945,40,1,-0.261802053,0.011094973,-0.038732352,0.068670914
947,4,0.1,-5.812279733,-0.55757068,20,352.6933841
948,8,0.2,-5.829108825,0.208227647,7.489692346,316.5999033
949,12,0.3,-5.828947729,-0.198232513,-4.062990642,282.2975574
950,16,0.4,-5.860754246,-0.43396953,-2.675435342,248.1990902
951,20,0.5,-5.908749,-0.524418327,-1.384435512,213.6265305
952,24,0.6,-5.956629303,-0.434683068,0.418549569,178.4286179
953,28,0.7,-5.988810434,-0.212639649,1.898622882,142.7573599
954,32,0.8,-5.988722643,0.207396026,4.201234654,106.8282701
955,36,0.9,-5.955337795,0.456155631,2.821444529,70.83220619
956,40,1,-5.91851402,0.283201947,-1.361299088,35.11827723
958,4,0.1,-7.605511083,-8.312912775,20,896.3676561
959,8,0.2,-8.299840964,-5.618582875,20,767.4193385
960,12,0.3,-8.737771456,-3.180652367,20,664.9635049
961,16,0.4,-8.943702186,-0.974721625,20,576.4983054
962,20,0.5,-9.017716175,-0.513248082,3.874595549,493.5584144
963,24,0.6,-9.065826301,-0.450008262,0.151296946,411.9007234
964,28,0.7,-9.097692122,-0.191614021,2.265284193,329.5088949
965,32,0.8,-9.098036925,0.178549589,3.698188068,246.6785195
966,36,0.9,-9.0554934,0.664227626,5.282215616,163.8039807
967,40,1,-9.001500173,0.419711509,-1.905228895,81.2213126
969,4,0.1,7.807269049,-4.398266126,-19.99999945,496.3205295
970,8,0.2,7.355425207,-4.63467127,-6.882489854,414.0223347
971,12,0.3,6.917651139,-4.129232677,0.676645235,338.2030336
972,16,0.4,6.53668204,-3.500624364,2.476392149,273.2962846
973,20,0.5,6.21853401,-2.872798247,3.09678087,218.2830389
974,24,0.6,5.962051164,-2.266954398,3.493610032,171.3119537
975,28,0.7,5.764978794,-1.684203895,3.856781322,130.5657908
976,32,0.8,5.624877589,-1.127103664,4.169990258,94.41989374
977,36,0.9,5.537698384,-0.624849928,4.150745315,61.42333909
978,40,1,5.489800683,-0.337886027,2.390662003,30.28065483
980,4,0.1,-11.46351379,-14.7244762,20,2538.446098
981,8,0.2,-12.7679846,-11.42000537,20,2188.22375
982,12,0.3,-13.75799344,-8.429996518,20,1892.785797
983,16,0.4,-14.46346531,-5.724524626,20,1630.438572
984,20,0.5,-14.91147749,-3.276512427,20,1386.476561
985,24,0.6,-15.12653051,-1.061459394,20,1151.388866
986,28,0.7,-15.18804999,-0.183559463,8.163804497,919.450245
987,32,0.8,-15.18856052,0.167499007,3.505479474,688.4064498
988,36,0.9,-15.14114171,0.770823383,6.50743182,457.6245814
989,40,1,-15.07398535,0.575557727,-1.281092956,227.564507
991,4,0.1,-3.676620868,0.238510949,19.99999998,142.9188895
992,8,0.2,-3.654309171,0.208227634,-0.079716177,127.344461
993,12,0.3,-3.654148074,-0.198232497,-4.062990345,113.947095
994,16,0.4,-3.685954592,-0.433969558,-2.675435789,100.4724612
995,20,0.5,-3.733949346,-0.524418292,-1.384434872,86.66208063
996,24,0.6,-3.781829649,-0.434683121,0.418548666,72.43510507
997,28,0.7,-3.814010779,-0.212639579,1.898624123,57.94304424
998,32,0.8,-3.813922991,0.207395923,4.201232911,43.33312656
999,36,0.9,-3.788152245,0.306369703,1.247445259,28.65585312
1000,40,1,-3.763625667,0.18616494,-0.956781848,14.2041127
1002,4,0.1,5.583899757,-6.193742618,19.99999996,273.5230417
1003,8,0.2,5.084353059,-3.836472629,18.57723291,201.9806576
1004,12,0.3,4.745016586,-2.964782593,5.323535625,159.6859214
1005,16,0.4,4.475986281,-2.424821346,2.709309429,128.239103
1006,20,0.5,4.256511038,-1.972225537,2.331205654,102.2881895
1007,24,0.6,4.080609366,-1.552797207,2.435266582,80.25345709
1008,28,0.7,3.945654816,-1.152956692,2.648859646,61.16125251
1009,32,0.8,3.849751787,-0.771461075,2.855925884,44.22866917
1010,36,0.9,3.790081769,-0.427668223,2.84122834,28.77214659
1011,40,1,3.757299079,-0.231258526,1.636270064,14.18416377
1013,4,0.1,3.060547438,-4.960126586,20,95.6980789
1014,8,0.2,2.685277344,-2.584856525,19.99999968,59.72827252
1015,12,0.3,2.473633122,-1.663383243,7.098290606,43.83607492
1016,16,0.4,2.326523095,-1.285120629,2.311525866,34.69844164
1017,20,0.5,2.210997513,-1.029648176,1.399468703,27.60748114
1018,24,0.6,2.119322197,-0.807559006,1.304138545,21.64900321
1019,28,0.7,2.049167254,-0.599015004,1.383890596,16.49682119
1020,32,0.8,1.999346627,-0.400702201,1.484921763,11.92934002
1021,36,0.9,1.968354452,-0.222117222,1.475928037,7.760365865
1022,40,1,1.95132826,-0.120106515,0.849845149,3.825718737
1024,4,0.1,-0.653346329,-7.463412423,20,123.0791714
1025,8,0.2,-1.266835564,-4.849923173,20,64.94978495
1026,12,0.3,-1.631618414,-2.485140317,20,37.82315781
1027,16,0.4,-1.776278755,-0.442111305,18.98368671,26.98505677
1028,20,0.5,-1.824105996,-0.513248099,-1.189640343,21.83252634
1029,24,0.6,-1.872216123,-0.450008255,0.151297165,18.23466382
1030,28,0.7,-1.904081944,-0.191614024,2.265284098,14.52684873
1031,32,0.8,-1.904426756,0.178549431,3.698186436,10.83894718
1032,36,0.9,-1.88706847,0.168779096,0.075879511,7.111843102
1033,40,1,-1.873750814,0.09874112,-0.567203202,3.52230052
1035,4,0.1,-4.124400672,-12.9857849,20,780.3598032
1036,8,0.2,-5.263413131,-9.846772426,20,592.7185127
1037,12,0.3,-6.103709057,-7.006476481,20,466.0560678
1038,16,0.4,-6.673715088,-4.436470434,20,377.7100908
1039,20,0.5,-6.999152708,-2.111032804,20,311.4893478
1040,24,0.6,-7.12504177,-0.434682947,15.50460795,256.0447497
1041,28,0.7,-7.157222903,-0.212639812,1.898620021,203.8876159
1042,32,0.8,-7.157135118,0.207396081,4.20123678,152.5985367
1043,36,0.9,-7.11965959,0.536628194,3.66707641,101.2426885
1044,40,1,-7.07622914,0.335335132,-1.578626121,50.19792879
1046,4,0.1,-9.63530468,-7.030252796,20,1197.347422
1047,8,0.2,-10.20757333,-4.457984132,20,1053.083871
1048,12,0.3,-10.53505825,-2.130499199,20,927.0156954
1049,16,0.4,-10.66186814,-0.433969514,15.69719788,809.4892164
1050,20,0.5,-10.7098629,-0.524418347,-1.384435878,694.3934444
1051,24,0.6,-10.7577432,-0.43468304,0.418550046,579.4076833
1052,28,0.7,-10.78992433,-0.212639682,1.898622273,463.4888193
1053,32,0.8,-10.78983654,0.207396051,4.201235231,347.0031128
1054,36,0.9,-10.74226151,0.735307455,5.754864319,230.4512752
1055,40,1,-10.68179346,0.478335749,-1.965036529,114.3488234
1057,4,0.1,-0.136400492,-12.8694767,20,413.0811781
1058,8,0.2,-1.264344762,-9.741532409,20,245.4391426
1059,12,0.3,-2.094625777,-6.911251377,20,146.9431212
1060,16,0.4,-2.655569941,-4.350307199,20,92.79026849
1061,20,0.5,-2.972808045,-2.03306909,20,64.81304406
1062,24,0.6,-3.094863891,-0.434683154,14.7633009,49.84208646
1063,28,0.7,-3.12704502,-0.212639535,1.898624901,38.98517924
1064,32,0.8,-3.126957233,0.207395844,4.201231655,29.14352923
1065,36,0.9,-3.103591599,0.259055996,0.750257868,19.23440292
1066,40,1,-3.082949404,0.155513329,-0.829004715,9.532197664
1068,4,0.1,8.981437064,-6.731776438,13.4454379,664.1312342
1069,8,0.2,8.364882868,-5.617869511,4.973527303,537.2443095
1070,12,0.3,7.846879879,-4.756543299,3.433232238,435.5889064
1071,16,0.4,7.41050541,-3.983822621,3.363462084,351.331743
1072,20,0.5,7.048936659,-3.259620429,3.626334406,280.4887455
1073,24,0.6,6.758016174,-2.57027641,3.984235349,220.1103606
1074,28,0.7,6.534593997,-1.909183506,4.376707273,167.7538865
1075,32,0.8,6.375781147,-1.277598178,4.727724768,121.3122083
1076,36,0.9,6.276962013,-0.708271691,4.705073538,78.91760907
1077,40,1,6.222669695,-0.38299504,2.709843333,38.90501959
1079,4,0.1,3.751326803,-2.340125814,-11.8477115,115.1918376
1080,8,0.2,3.521095656,-2.265736742,-1.558420752,94.94135465
1081,12,0.3,3.308797014,-1.984915681,0.685224186,77.39753367
1082,16,0.4,3.126000963,-1.676150553,1.259690775,62.50715807
1083,20,0.5,2.973733988,-1.374220293,1.496632839,49.91786127
1084,24,0.6,2.851057138,-1.084150395,1.673930489,39.17508648
1085,28,0.7,2.75681161,-0.80540515,1.84499716,29.85716738
1086,32,0.8,2.689814103,-0.538984581,1.994230631,21.5914596
1087,36,0.9,2.648124799,-0.298803856,1.984914201,14.04597053
1088,40,1,2.625220078,-0.161577292,1.143218429,6.924422419
1090,4,0.1,-9.82355388,-13.81438301,20,1957.570616
1091,8,0.2,-11.04141787,-10.596519,20,1668.231227
1092,12,0.3,-11.95306162,-7.684875237,20,1432.032103
1093,16,0.4,-12.58762583,-5.050311011,20,1228.099114
1094,20,0.5,-12.9714781,-2.66645872,20,1042.145149
1095,24,0.6,-13.12847684,-0.509459975,20,864.7759022
1096,28,0.7,-13.16285627,-0.183559461,2.915210807,690.1594487
1097,32,0.8,-13.16336679,0.167499005,3.505479432,516.8224771
1098,36,0.9,-13.11594799,0.770823363,6.507431631,343.4587539
1099,40,1,-13.05075817,0.53687151,-1.687620362,170.6247602
